user,item,label,answer
156,8228,1,"[ANS] yes
[REASON]
【Long-term Alignment】
1. Classic film from 1931 aligns with user's strong interest in 1930s-1990s cinema.
2. Crime/mystery genre matches user's new long-term interest in complex plots and intricate storytelling.
3. Period setting and formal attire connect to user's interest in historical accuracy and costumes.

【Short-term Alignment】
1. Crime/mystery genre directly matches user's current exploration focus.
2. Vintage-style poster with striking composition fits user's visual aesthetic interests.
3. Complex characters and intricate plot align with user's current drama preferences.

【Preference Dynamics】
1. Click demonstrates user's exploration beyond romantic comedies into crime/mystery genres.
2. Shows user applying classic film interest to newly developed thriller genre preference."
156,7147,0,"[ANS] no
[REASON]
【Long-term Misalignment】
1. Not a classic film (2003 release falls outside 1930s-1990s preference range)
2. Lacks crime/mystery/thriller elements present in user's new long-term interests
3. Visual style differs from period drama focus on historical costumes and settings

【Short-term Misalignment】
1. Artistic cover lacks classic vintage-style movie poster aesthetic user currently seeks
2. Fantasy elements don't align with current crime/mystery/thriller genre exploration
3. Visual style emphasizes whimsy over the complex plot focus user is exploring

【Preference Dynamics】
1. Non-click shows user maintaining preference boundaries despite genre exploration
2. Indicates selective engagement with new interests rather than broad acceptance"
248,147384,1,"[ANS] yes
[REASON]
【Long-term Alignment】
1. Doctor Who features adventure themes similar to Indiana Jones with time travel exploration.
2. The series maintains consistent action and danger elements matching adventure preferences.
3. 2007 special retains some vintage aesthetic elements from classic sci-fi traditions.

【Short-term Alignment】
1. Vibrant visual effects and alien worlds provide colorful animated-like spectacle.
2. Strong character-focused narrative centered on the Doctor's charismatic personality.
3. Christmas special format offers self-contained adventure satisfying recent exploration interest.

【Preference Dynamics】
1. Click demonstrates oscillation from pure animation toward action-adventure sci-fi hybrid.
2. Selection shows willingness to explore new franchises while maintaining core adventure themes."
248,32659,0,"[ANS] no
[REASON]
【Long-term Misalignment】
1. Lacks action-adventure themes present in Indiana Jones and Pirates of the Caribbean content.
2. Missing vintage aesthetics and retro styling seen in user's preferred adventure media.
3. No visible elements of excitement, danger or urgency characteristic of user's adventure preferences.

【Short-term Misalignment】
1. Absence of vibrant, colorful animation style seen in recent Ice Age and Incredibles interests.
2. No clear adventure or exploration themes evident in the cover composition.
3. Neutral character expressions contrast with strong character focus in recent preferences.

【Preference Dynamics】
1. Static domestic setting fails to provide novelty or excitement user seeks.
2. Non-click maintains user's pattern of preferring action-adventure over conventional drama."
545,1438,1,"[ANS] yes
[REASON]
【Long-term Alignment】
1. Features dramatic thriller genre consistent with user's sci-fi/thriller preference.
2. Intense visual style with bold colors matches user's aesthetic preference.
3. Suspenseful disaster theme aligns with user's fascination with tension.

【Short-term Alignment】
1. 1997 release fits user's current focus on 1990s films.
2. Strong tension elements match recent suspense interest from titles like Entrapment.
3. Disaster thriller genre complements current exploration of mixed themes.

【Preference Dynamics】
1. Shows continued genre exploration while maintaining core dramatic intensity preference.
2. Represents natural extension from romantic suspense to disaster suspense themes."
545,73499,0,"[ANS] no
[REASON]
【Long-term Misalignment】
1. Genre differs from user's strong sci-fi/thriller preference (MacGyver is action-adventure).
2. Visual style lacks dramatic intensity and bold color palette user prefers.
3. Missing romantic/suspenseful themes central to user's fascination.

【Short-term Misalignment】
1. Release year (1994) falls outside user's current 1990s film focus.
2. Adventure theme contrasts with user's recent suspense/thriller concentration.
3. Lacks the strong tension element present in user's recent selections.

【Preference Dynamics】
1. Non-click demonstrates user's stable genre preferences despite exploration phase.
2. Shows user's current focus excludes adventure themes despite openness to novelty."
579,892,1,"[ANS] yes
[REASON]
【Long-term Alignment】
1. Released in 1996, aligning with the user's interest in 1990s classic films.
2. Based on Shakespeare's romantic comedy, matching preference for romantic dramas and character-driven stories.
3. Family-friendly Shakespeare adaptation fitting the user's consistent content preference.

【Short-term Alignment】
1. Romantic comedy-drama matching current interest in ""Shakespeare in Love"" style films.
2. Features relationship-focused storytelling aligning with growing romantic movie interest.
3. Combines romance with dramatic elements similar to recent preferences.

【Preference Dynamics】
1. Shows exploration of literary adaptations within preferred romantic comedy genre.
2. Maintains core interest in character stories while trying classic theater adaptation."
579,6961,0,"[ANS] no
[REASON]
【Long-term Misalignment】
1. Film depicts intense, potentially inappropriate intimacy contrasting with family-friendly content preference.
2. Lacks character-driven storytelling focus present in classic 1990s films.
3. Missing romantic comedy/adventure elements central to user's staple preferences.

【Short-term Misalignment】
1. Absent adventure/action elements present in current interests like Mission: Impossible II.
2. Does not match light romantic tone of preferred films like Pretty Woman.
3. Lacks the balanced romance-drama-adventure mix user currently seeks.

【Preference Dynamics】
1. Non-click confirms user's stable avoidance of non-family-friendly intense content.
2. Reflects consistent preference for lighter romantic themes over dramatic intensity."
154,71264,1,"[ANS] yes
[REASON]
【Long-term Alignment】
1. Animated fantasy adventure genre aligns with user's interest in fantasy films.
2. Strong narrative focus matches user's preference for acclaimed storytelling.
3. Coming-of-age elements in protagonist's journey reflect user's soft spot for growth stories.

【Short-term Alignment】
1. Emotional resonance through joyful character expressions matches current interest.
2. Complex inventor protagonist aligns with preference for multidimensional characters.
3. Humor-drama balance evident in vibrant, playful cover design.

【Preference Dynamics】
1. Maintains stable preferences while exploring animated format within familiar genres.
2. Shows openness to family-friendly fantasy while keeping emotional depth focus."
154,84414,0,"[ANS] no
[REASON]
【Long-term Misalignment】
1. Features modern superhero genre rather than classic 1980s-1990s films.
2. Focuses on superhero action instead of strong narrative-driven storytelling.
3. Lacks the coming-of-age or inspirational themes present in user's preferred films.

【Short-term Misalignment】
1. Prioritizes action over the emotional resonance found in user's recent choices.
2. Character appears one-dimensional superhero rather than complex, relatable individuals.
3. Missing the balance of humor and drama characteristic of user's selected films.

【Preference Dynamics】
1. Consistent avoidance of modern superhero content shows stable preference patterns.
2. Reinforces user's lack of interest in exploring genres outside established preferences."
449,3950,1,"[ANS] yes
[REASON]
【Long-term Alignment】
1. Explores moral dilemmas through military training environment and character conflicts.
2. Critically acclaimed film examining human condition under extreme pressure.
3. Complex themes of identity and personal transformation during wartime preparation.

【Short-term Alignment】
1. Recent interest in action/suspense films matches military training thriller premise.
2. Strong atmospheric setting with dark, chaotic visual tone.
3. Tense narrative structure fitting current thriller preferences.

【Preference Dynamics】
1. Bridges long-term acclaimed films with current action/suspense interests.
2. Maintains thematic depth while exploring military genre novelty."
449,5902,0,"[ANS] no
[REASON]
【Long-term Misalignment】
1. Adaptation is a meta-comedy about screenwriting rather than serious moral dilemmas.
2. The film focuses on creative struggle rather than human relationships or identity exploration.
3. Its postmodern approach differs from traditional acclaimed dramas like Schindler's List.

【Short-term Misalignment】
1. Lacks the action/suspense elements present in recent watches like Snatch and Tigerland.
2. Does not feature the atmospheric thriller elements of Memento or 12 Monkeys.
3. While unconventional, its narrative focuses on comedy-drama rather than suspense.

【Preference Dynamics】
1. Shows user's stable preference for conventional narrative structures over experimental comedy.
2. Indicates consistent avoidance of meta-fictional content despite interest in unique storytelling."
525,120807,1,"[ANS] yes
[REASON]
【Long-term Alignment】
1. Comedy genre aligns with user's established appreciation for classic movies mixing drama and comedy.
2. Stand-up comedy format emphasizes storytelling and character development through personal anecdotes.
3. Urban setting and narrative style could appeal to interest in complex character-driven narratives.

【Short-term Alignment】
1. Romantic comedy actor John Mulaney connects to user's current romantic comedy interest phase.
2. Comedy special format provides lighthearted content matching recent romantic comedy preferences.

【Preference Dynamics】
1. Clicking a comedy special shows exploratory behavior beyond traditional movie formats.
2. Selecting contemporary comedy indicates evolving interests beyond classic film preferences."
525,53138,0,"[ANS] no
[REASON]
【Long-term Misalignment】
1. Lacks science fiction/fantasy elements present in user's core interests.
2. Missing complex narrative depth and character development focus.
3. No international/Asian film connections unlike user's established preferences.

【Short-term Misalignment】
1. Does not align with current romantic comedy interest.
2. Lacks the lighthearted relationship dynamics of recent preferences.

【Preference Dynamics】
1. Shows user maintains preference stability despite exploratory pattern.
2. Indicates limited interest in adventure genres without fantasy/sci-fi elements."
10,7149,1,"[ANS] yes
[REASON]
【Long-term Alignment】
1. Romantic comedy genre aligns with user's staple preference for relationship-focused films.
2. Lighthearted tone matches user's consistent preference for feel-good content.
3. Focus on human emotions and relationships reflects user's long-term interest in romantic dramas.

【Short-term Alignment】
1. 2003 release date directly matches user's recent interest in early 2000s movies.
2. Features strong female lead character, aligning with user's current focus on such films.
3. Contemporary setting fits user's recent pattern of watching modern romantic stories.

【Preference Dynamics】
1. Click demonstrates user's continued exploration of early 2000s romantic comedies.
2. Selection maintains user's stable genre preference while exploring newer releases within it."
10,5046,0,"[ANS] no
[REASON]
【Long-term Misalignment】
1. The dark thriller genre contrasts with user's preference for romantic comedies and dramas.
2. Serious character expressions lack the light-hearted, feel-good tone user typically enjoys.
3. Intense visual style doesn't align with user's interest in relationship-focused emotional content.

【Short-term Misalignment】
1. While from early 2000s, the sci-fi thriller theme differs from user's recent female-led dramas.
2. Dark suspense elements contrast with user's current focus on uplifting romantic narratives.
3. Male-dominated cast doesn't match user's recent interest in strong female leads.

【Preference Dynamics】
1. Non-click confirms user's stable preference for romantic genres over thriller/sci-fi.
2. Shows limited interest in exploring darker, suspense-driven content despite genre flexibility."
548,49910,1,"[ANS] yes
[REASON]
【Long-term Alignment】
1. Features complex teacher-student dynamics reflecting interest in strong character relationships.
2. Contains dramatic classroom conflicts aligning with preference for intense scenes.
3. Showcases character transformation matching interest in memorable character arcs.

【Short-term Alignment】
1. Based on true historical events matching current interest in historical settings.
2. Blends drama with social commentary aligning with appreciation for mixed genres.
3. Contains suspenseful narrative tension fitting recent focus on engaging storytelling.

【Preference Dynamics】
1. Represents genre exploration from pure action to inspirational drama.
2. Maintains core interest in character-driven stories while trying new subject matter."
548,44399,0,"[ANS] no
[REASON]
【Long-term Misalignment】
1. Lacks action-packed, intense scenes characteristic of user's preferred thrillers.
2. Missing complex character drama seen in films like Gladiator and Training Day.
3. No adventure or romance elements present in user's typical movie choices.

【Short-term Misalignment】
1. Absence of historical/fantasy settings currently interesting to user.
2. No strong action or suspense focus evident in recent selections.
3. Humor appears light-hearted rather than mixed with dramatic intensity.

【Preference Dynamics】
1. Non-click reflects user's stable preference for intense storytelling over family comedy.
2. Shows limited interest in purely humorous content without dramatic elements."
345,3801,1,"[ANS] yes
[REASON]
【Long-term Alignment】
1. Film from 1959 falls within user's preferred 1940s-1990s classic film era
2. Features iconic actors James Stewart and Lee Remick from Hollywood's Golden Age
3. Contains memorable courtroom scenes and dialogue that became culturally significant

【Short-term Alignment】
1. Focuses on complex character relationships and interactions throughout legal drama
2. Blends dramatic tension with subtle humor in human relationship depictions
3. Directed by Otto Preminger, representing iconic Golden Age Hollywood filmmaking

【Preference Dynamics】
1. Represents exploration beyond romantic genres into legal/crime drama territory
2. Maintains classic film appeal while offering different narrative structure than usual preferences"
345,4991,0,"[ANS] no
[REASON]
【Long-term Misalignment】
1. Film from 2001 falls outside user's preferred 1940s-1990s classic film era.
2. Boxing glove imagery suggests sports/comedy focus rather than romantic dramas or adventures.
3. Modern corporate setting lacks nostalgic value and iconic Golden Age Hollywood elements.

【Short-term Misalignment】
1. Visual emphasis on boxing conflicts with current interest in relationship-focused love stories.
2. Absence of recognizable iconic actors from Golden Age Hollywood reduces appeal.
3. Corporate comedy premise doesn't align with preferred mix of humor, drama and romance.

【Preference Dynamics】
1. Non-click demonstrates user's stable preference for authentic classic films over modern interpretations.
2. Shows selective exploration limited to genres/themes consistent with core romantic and nostalgic interests."
302,1221,1,"[ANS] yes
[REASON]
【Long-term Alignment】
1. Released in 1974, this film directly matches the user's strong affinity for classic films from the 1970s.
2. As a crime drama, it aligns with the user's long-term preference for drama and thriller genres.
3. The film is renowned for its intense, suspenseful plot and complex character studies.

【Short-term Alignment】
1. The film is a masterclass in character development, following Michael Corleone's moral descent.
2. It explores dark themes of morality, power, and human nature with a serious, atmospheric tone.
3. Its narrative structure creates a strong sense of mystery and suspense through parallel storylines.

【Preference Dynamics】
1. This click shows the user returning to a familiar, highly-regarded classic within their preferred genres.
2. It demonstrates exploration within their established interests by selecting a sequel to a known property."
302,223,0,"[ANS] no
[REASON]
【Long-term Misalignment】
1. Film from 1994 conflicts with user's strong preference for 1970s classic films.
2. Casual comedy genre differs from preferred drama/thriller/action with complex plots.
3. Playful visual style contrasts with user's interest in intense, suspenseful content.

【Short-term Misalignment】
1. Lighthearted tone contradicts user's current interest in darker, serious morality themes.
2. Simple character presentation lacks complex character development focus user seeks.
3. Bright comic-book aesthetic doesn't match preference for atmospheric mystery settings.

【Preference Dynamics】
1. Non-click reflects user's stability in preferring familiar genres over comedy exploration.
2. Consistent avoidance of lighter content reinforces established serious tone preferences."
597,2692,1,"[ANS] yes
[REASON]
【Long-term Alignment】
1. Matches German New Wave films long-term interest established through previous engagement.
2. Features strong character-driven narrative focusing on Lola's repeated attempts.
3. Contains stylized visual aesthetic with vibrant colors and dynamic compositions.

【Short-term Alignment】
1. Directly corresponds to current German New Wave short-term interest.
2. Released in 1998, aligning with growing focus on 1990s films.
3. Experimental narrative structure matches exploratory viewing behavior.

【Preference Dynamics】
1. Demonstrates active exploration of German New Wave cinema beyond mainstream films.
2. Shows willingness to engage with non-English language and experimental storytelling formats."
597,74791,0,"[ANS] no
[REASON]
【Long-term Misalignment】
1. Animated cartoon style conflicts with user's preference for live-action period dramas and stylized illustrations.
2. Absence of complex themes or character-driven narratives present in user's preferred films.
3. Lacks law enforcement/crime focus seen in user's interests like ""Lethal Weapon"" and ""Cape Fear"".

【Short-term Misalignment】
1. Does not align with user's current focus on 1980s-1990s action films like ""Con Air"".
2. Contrasts with German New Wave interest represented by ""Run Lola Run"".

【Preference Dynamics】
1. User maintains stable preference boundaries despite exploratory tendencies.
2. Non-click demonstrates consistent avoidance of animated/children's content formats."
371,1884,1,"[ANS] yes
[REASON]
【Long-term Alignment】
- Features visually striking pop art aesthetic with bold colors and dynamic composition.
- Presents complex narrative exploring philosophical themes about American society.
- Contains otherworldly, surreal settings through drug-induced hallucination sequences.

【Short-term Alignment】
- Shares psychological drama elements through protagonist's deteriorating mental state.
- Offers unique, stylized visuals comparable to anime like ""Perfect Blue"".
- Explores emotional turmoil and altered consciousness similar to recent interests.

【Preference Dynamics】
- Expands psychological exploration into drug culture and countercultural themes.
- Combines multiple preferred elements: stylized visuals, psychological depth, and philosophical commentary."
371,71745,0,"[ANS] no
[REASON]
【Long-term Misalignment】
1. The natural forest setting lacks futuristic or otherworldly sci-fi/fantasy elements.
2. The simple children's story premise contrasts with complex philosophical narratives.
3. The realistic visual style differs from bold, stylized artwork preferences.

【Short-term Misalignment】
1. The children's adventure genre doesn't align with recent psychological drama interests.
2. The live-action format contrasts with current anime/manga fascination.
3. The conventional cinematography lacks unique visual stylization seen in recent preferences.

【Preference Dynamics】
1. The non-click reflects stable preference for intellectual complexity over simple narratives.
2. Shows consistent prioritization of visually striking aesthetics over conventional imagery."
85,538,1,"[ANS] yes
[REASON]
【Long-term Alignment】
1. Direct match to user's known preference for complex character films, specifically ""Six Degrees of Separation"".
2. Features intricate human relationship dynamics central to user's long-term interests.
3. Maintains focus on sophisticated storytelling with morally ambiguous characters.

【Short-term Alignment】
1. Aligns with recent interest in intense dramatic narratives and strong storytelling focus.
2. Matches current preference for psychologically complex character studies.
3. Provides the dramatic intensity evident in user's recent viewing choices.

【Preference Dynamics】
1. Represents a return to previously enjoyed content rather than new exploration.
2. Confirms stability in preference for character-driven dramatic narratives."
85,1099,0,"[ANS] no
[REASON]
【Long-term Misalignment】
1. The video is a holiday fantasy rather than historical/period drama despite vintage aesthetic.
2. Simple moral redemption story lacks complex character development seen in user's preferences.
3. Supernatural premise shifts focus from realistic human relationships to allegorical themes.

【Short-term Misalignment】
1. Heartwarming holiday narrative contrasts with user's recent preference for dramatic intensity.
2. Simple linear plot differs from complex storytelling in user's recent selections.

【Preference Dynamics】
1. Non-click demonstrates user's stable avoidance of seasonal/fantasy themes despite vintage setting.
2. Confirms user's consistent preference for serious character studies over sentimental narratives."
479,1302,1,"[ANS] yes
[REASON]
【Long-term Alignment】
1. Film is a classic 1989 narrative-driven movie matching the user's established interest in classic films.
2. Period-appropriate 1980s attire (leather jacket, jeans) aligns with the user's interest in historical/traditional clothing.

【Short-term Alignment】
1. Directly matches the user's recent temporary interest in nostalgic/sentimental films indicated by ""Field of Dreams"" presence.
2. The dreamlike, fantasy quality of the cover image complements the sentimental tone of recently watched films.

【Preference Dynamics】
1. Demonstrates the user acting on their emerging interest in sentimental films rather than just established preferences.
2. Shows balanced exploration by selecting a film that bridges both classic cinema and current nostalgic interests."
479,27831,0,"[ANS] no
[REASON]
【Long-term Misalignment】
1. Film is a gritty crime thriller, lacking classic musical or period drama elements.
2. Modern criminal setting contrasts with user's preference for historical settings.
3. Violent gun imagery differs from narrative-driven classic films user prefers.

【Short-term Misalignment】
1. Dark crime drama contrasts with recent animated/children's entertainment interest.
2. Serious tone and violence misalign with nostalgic, sentimental film preferences.
3. Lacks the family-friendly qualities of recently viewed animated content.

【Preference Dynamics】
1. Non-click demonstrates user's consistent avoidance of violent, modern crime genres.
2. Shows stable preference maintenance despite emerging animation interest."
183,2058,1,"[ANS] yes
[REASON]
【Long-term Alignment】
1. Features dramatic tension and suspense consistent with action movie preferences.
2. Visual style employs bold red background with dramatic character positioning.
3. Helicopter imagery suggests action/thriller elements matching adventure interests.

【Short-term Alignment】
1. 1998 release date falls within recent 1990s movie exploration period.
2. Strong male lead characters depicted in intense dramatic confrontation.
3. High-stakes negotiation premise creates immediate tension and suspense.

【Preference Dynamics】
1. Click demonstrates exploration of late-1990s action thrillers beyond earlier decades.
2. Selection shows temporary focus on dramatic interpersonal conflict situations."
183,188797,0,"[ANS] no
[REASON]
【Long-term Misalignment】
1. Lacks historical/period settings, war, or battle elements.
2. Absence of visually striking imagery with dramatic lighting and bold colors.
3. Modern casual setting contrasts with preferred action-adventure environments.

【Short-term Misalignment】
1. Comedy genre differs from current preference for action, thriller, and drama.
2. Group ensemble focus contrasts with preference for strong male leads.
3. Lighthearted tone lacks tension, suspense, and high-stakes drama.

【Preference Dynamics】
1. Non-click reflects stable preference for action-drama over comedy genres.
2. Indicates lack of interest in contemporary settings versus 1980s-90s period focus."
464,1552,1,"[ANS] yes
[REASON]
【Long-term Alignment】
1. Features action-packed content consistent with user's interest in action films like Die Hard.
2. Contains dramatic and intense visual style matching user's poster preference.
3. Includes elements of adventure and high-stakes scenarios aligning with fantasy/action interests.

【Short-term Alignment】
1. Recent release (1997) fits user's current exploration of newer suspenseful films.
2. Action-packed thriller elements match user's growing interest in suspenseful cinema.
3. Shares genre similarities with recently viewed Catch Me If You Can.

【Preference Dynamics】
1. Represents temporary shift toward contemporary action-thrillers within stable action interest.
2. Shows exploration of recent releases while maintaining core action/drama preferences."
464,2565,0,"[ANS] no
[REASON]
【Long-term Misalignment】
1. The video is a musical romance, lacking action/adventure elements present in user's preferred films.
2. Historical setting differs from dramatic epics like Troy, focusing on cultural romance instead of conflict.
3. Cover's romantic dance scene contrasts with intense, dramatic posters from user's action film preferences.

【Short-term Misalignment】
1. Musical genre directly opposes current thriller/suspense interests like The Sixth Sense.
2. Lacks the action-packed intensity of recent watches such as Con Air and Catch Me If You Can.
3. 1956 release date contrasts with user's recent engagement with newer suspense films.

【Preference Dynamics】
1. Non-click demonstrates stable disinterest in musical/romance genres outside core action-drama preferences.
2. Reinforces user's temporary thriller focus rather than exploring historical musicals."
593,892,1,"[ANS] yes
[REASON]
【Long-term Alignment】
1. ""Twelfth Night"" is a classic Shakespeare adaptation, directly matching the user's appreciation for timeless storytelling.
2. The period costumes and stately backdrop align with the user's established interest in historical dramas.
3. As an iconic film adaptation, it fits the user's demonstrated preference for classic cinema.

【Short-term Alignment】
1. The romantic comedy elements in Shakespeare's plot connect with the user's recent interest in romantic comedies.
2. The central female protagonist and stylized drama offer thematic overlap with recent romantic comedy viewings.

【Preference Dynamics】
1. The click shows genre exploration within the user's stable preference for classic films.
2. It demonstrates interest in Shakespearean adaptations while maintaining core historical drama preferences."
593,236,0,"[ANS] no
[REASON]
【Long-term Misalignment】
1. Lacks historical drama or period film elements present in user's core interests.
2. Missing epic fantasy/action-adventure components central to user's preferences.
3. Not a classic iconic film like Casablanca which user consistently appreciates.

【Short-term Misalignment】
1. While romantic, lacks sports themes seen in recent interests like Babe and Lagaan.
2. Does not match the specific romantic comedy style of recent watches like Sleepless in Seattle.

【Preference Dynamics】
1. User maintains stable preference for established genres over new romantic offerings.
2. Non-click shows user's exploration remains within specific thematic boundaries."
547,3039,1,"[ANS] yes
[REASON]
【Long-term Alignment】
1. Film released in 1983 directly matches user's strong interest in 1980s classic movies.
2. Complex narrative about social class swapping aligns with user's preference for strong storytelling.
3. Comedy-suspense elements involving financial intrigue satisfy user's interest in mystery themes.

【Short-term Alignment】
1. Dynamic money-filled visual aesthetic with vibrant green colors matches user's current visual preferences.
2. Character-driven relationship between two protagonists aligns with user's exploration of drama and relationships.
3. 1980s setting directly satisfies user's current nostalgia interest and retro elements focus.

【Preference Dynamics】
1. Click represents user's shift between exploring contemporary films and returning to classic 1980s favorites.
2. Selection shows willingness to explore comedy genre while maintaining focus on complex character dynamics."
547,30850,0,"[ANS] no
[REASON]
【Long-term Misalignment】
1. Based on Shakespeare's 16th century play, not 1980s cinema.
2. Historical drama lacks mystery/suspense elements user prefers.
3. Period piece setting differs from modern narrative complexity user seeks.

【Short-term Misalignment】
1. Lacks vibrant color aesthetic and retro 1980s elements.
2. Historical relationship drama differs from contemporary romance focus.
3. Classical adaptation doesn't provide nostalgic connection user currently seeks.

【Preference Dynamics】
1. Shows user's consistent preference for 1980s-era content over classical works.
2. Demonstrates selective exploration, avoiding historical period pieces."
76,44195,1,"[ANS] yes
[REASON]
【Long-term Alignment】
1. Film from 2000s era exploring social commentary about tobacco industry ethics.
2. Complex storyline examining moral ambiguity and corporate persuasion tactics.
3. Strong character development of a tobacco industry spokesman protagonist.

【Short-term Alignment】
1. Psychological elements in protagonist's manipulation tactics and moral justifications.
2. Character study of a charismatic but morally ambiguous central figure.
3. Sharp dialogue and satirical approach similar to The Big Lebowski's tone.

【Preference Dynamics】
1. Explores political satire genre while maintaining character-driven narrative focus.
2. Combines social commentary with dark comedy, expanding beyond pure drama."
76,1969,0,"[ANS] no
[REASON]
【Long-term Misalignment】
1. Film lacks character development depth typical of 1970s-1980s classics user prefers.
2. Horror slasher genre differs from user's preference for social commentary films.
3. Simple revenge plot contrasts with user's interest in complex philosophical storylines.

【Short-term Misalignment】
1. Supernatural horror elements diverge from user's current psychological thriller interests.
2. Visual horror focus contrasts with user's preference for relationship-driven character studies.
3. Distress imagery differs from cerebral mystery films like ""The Sixth Sense"" user watches.

【Preference Dynamics】
1. Non-click reflects user's stable avoidance of pure horror despite genre exploration.
2. Shows user's novelty seeking excludes conventional slasher film tropes."
93,150,1,"[ANS] yes
[REASON]
【Long-term Alignment】
1. Features character-driven narrative focusing on astronauts' survival struggle.
2. Strong storytelling centered on human crisis resolution in space mission.
3. Serious dramatic tone aligns with established preference for narrative depth.

【Short-term Alignment】
1. Historical space disaster event matches current interest in dramatic historical films.
2. Intense survival situation provides suspenseful plot elements user recently explored.
3. Based on real Apollo 13 mission, fitting exploration of historical events.

【Preference Dynamics】
1. Represents exploration of historical drama while maintaining character-driven storytelling preference.
2. Combines established narrative interests with new focus on real-life suspense events."
93,130050,0,"[ANS] no
[REASON]
【Long-term Misalignment】
1. The horror-themed creature imagery contradicts the user's preference for romantic comedies and light-hearted films.
2. The poster's focus on monstrous elements lacks the character-driven narrative appeal seen in their long-term interests.

【Short-term Misalignment】
1. The supernatural horror theme differs from the historical/real-world focus of their current action-adventure interests.
2. The eerie atmosphere contrasts with the dramatic but grounded suspense seen in their recent film explorations.

【Preference Dynamics】
1. The non-click demonstrates the user's selective exploration, avoiding horror despite general genre openness.
2. It shows their stable preference boundaries remain intact even during exploration phases."
300,4848,1,"[ANS] yes
[REASON]
【Long-term Alignment】
1. Features complex narrative structure blending drama, mystery and psychological thriller elements.
2. Deeply explores human relationships and identity through character-driven storytelling.
3. Contains intense emotional depth and psychological complexity in its thematic exploration.

【Short-term Alignment】
1. Employs non-linear storytelling structure that challenges conventional narrative forms.
2. Showcases strong visual storytelling and distinctive cinematography style.
3. Explores themes of identity, reality and dreams central to user's recent interests.

【Preference Dynamics】
1. Represents exploration of challenging content that pushes comfort zones through surreal narrative.
2. Combines stable dramatic interests with emerging focus on experimental storytelling techniques."
300,100579,0,"[ANS] no
[REASON]
【Long-term Misalignment】
1. Focuses on action/combat rather than complex human relationships and character development.
2. Lacks emotional depth and narrative sophistication typical of user's preferred dramas.
3. Prioritizes physical conflict over psychological depth and moral exploration.

【Short-term Misalignment】
1. Visual style emphasizes explosive action rather than artistic cinematography.
2. Linear action narrative contrasts with user's recent interest in complex non-linear storytelling.
3. Superficial conflict lacks identity/morality themes user currently explores.

【Preference Dynamics】
1. Action-oriented content fails to provide emotional resonance user consistently seeks.
2. Formulaic premise doesn't challenge perspectives like user's preferred thought-provoking films."
69,4022,1,"[ANS] yes
[REASON]
【Long-term Alignment】
1. Matches science fiction/action interest through survival narrative and dramatic tension.
2. Aligns with classic film preference as a critically acclaimed 2000 release.
3. Fits dramatic/suspenseful interest through intense emotional journey and isolation themes.

【Short-term Alignment】
1. Directly corresponds to recent survival film interest explicitly mentioned in preferences.
2. Matches current thriller exploration seen in recent viewing patterns.
3. Aligns with growing isolation and human drama focus from recent selections.

【Preference Dynamics】
1. Demonstrates active pursuit of survival themes that recently emerged in preferences.
2. Shows consistent exploration within established interest areas rather than genre shifting."
69,6604,0,"[ANS] no  
[REASON]  
【Long-term Misalignment】  
1. Film is an Italian comedy-drama, lacking the sci-fi/action themes the user consistently prefers.  
2. No classic film appeal like ""2001: A Space Odyssey""; it's a niche 1966 allegorical work.  
3. Absence of Western/adventure elements, which are part of the user's long-term interests.  

【Short-term Misalignment】  
1. No survival or thriller elements, unlike recent interests in ""Cast Away"" and ""The Gift"".  
2. Does not explore human drama or suspense in the manner of ""Unbreakable"" or ""The Sixth Sense"".  
3. Lacks the isolation theme present in the user's recent engagement with ""Cast Away"".  

【Preference Dynamics】  
1. Non-click reflects stable preference for known genres over experimental or allegorical films.  
2. Confirms lack of interest in broadening beyond established sci-fi, action, and thriller themes."
16,1222,1,"[ANS] yes
[REASON]
【Long-term Alignment】
1. Film from 1987 aligns with user's interest in classic cinema from 1950s-1980s period.
2. Complex character-driven narrative examining psychological transformation of soldiers.
3. Stylized graphic cover design matches user's consistent interest in unique visuals.

【Short-term Alignment】
1. Exploration of war/thriller genres fits user's current genre expansion interests.
2. Non-linear narrative structure with distinct training/combat sections matches recent preferences.

【Preference Dynamics】
1. Click demonstrates genre exploration beyond typical drama/mystery into war films.
2. Represents continued interest in 1980s films as part of expanding temporal range."
16,1124,0,"[ANS] no
[REASON]
【Long-term Misalignment】
1. Film lacks mystery/suspense genres, focusing instead on family drama.
2. Visual style is realistic portrait photography, not stylized illustrations/graphics.
3. Narrative appears straightforward rather than complex character-driven storytelling.

【Short-term Misalignment】
1. Genre is family drama, not crime/thriller exploration from 1970s-80s.
2. Cover suggests linear narrative rather than non-linear storytelling structure.

【Preference Dynamics】
1. Non-click reflects stable preference for suspense/mystery over family themes.
2. Shows limited interest in expanding beyond crime/thriller genre exploration."
319,136864,1,"[ANS] yes
[REASON]
【Long-term Alignment】
1. Features dramatic superhero conflict matching user's interest in intense films like Fight Club.
2. Dark, atmospheric visual style aligns with user's preference for dramatic cinematic experiences.
3. Iconic character confrontation appeals to appreciation of strong storytelling and character dynamics.

【Short-term Alignment】
1. Superhero action-adventure genre directly matches current interest in action films like Tarzan.
2. Modern blockbuster format provides fresh take on user's nostalgic interest in iconic characters.
3. High-stakes narrative fits recent exploration of different genres beyond traditional dramas.

【Preference Dynamics】
1. Represents genre expansion from classic films to contemporary superhero cinema.
2. Shows willingness to engage with newer releases while maintaining interest in character-driven stories."
319,6330,0,"[ANS] no  
[REASON]  
【Long-term Misalignment】  
1. The film lacks classic status, unlike ""The Godfather"" or ""Casablanca"" in the user's history.  
2. It does not feature dramatic or intense themes comparable to ""Schindler's List"" or ""Braveheart"".  
3. No romantic or family-friendly elements, contrasting with Disney titles like ""The Lion King"".  

【Short-term Misalignment】  
1. Absence of action-adventure elements seen in recent interests like ""Tarzan"" or ""Mulan"".  
2. Lacks nostalgic or retro appeal, unlike older titles such as ""Forrest Gump"" or ""Aladdin"".  
3. Not aligned with current genre exploration, missing romantic comedy or drama traits.  

【Preference Dynamics】  
1. Non-click reflects user's stable preference for well-known, storytelling-driven classics.  
2. Indicates disinterest in lesser-known films without strong character development themes."
164,1580,1,"[ANS] yes
[REASON]
【Long-term Alignment】
1. Classic sci-fi action film from 1997 with iconic status in the genre.
2. Features memorable character duo with distinctive black suits and sunglasses.
3. Contains intense action sequences with futuristic weapons and dramatic plot reveals.

【Short-term Alignment】
1. Combines sci-fi elements with urban adventure and cultural references.
2. Blends action, suspense, and comedic drama in its narrative structure.
3. Features visually striking aesthetic with sleek black suits against starry backgrounds.

【Preference Dynamics】
1. Represents stable interest in classic sci-fi while offering fresh character dynamics.
2. Balances familiar genre elements with novel secret agency concept."
164,61323,0,"[ANS] no
[REASON]
【Long-term Misalignment】
1. Film is a comedy thriller, not the science fiction/action genre the user consistently prefers.
2. Lacks the intense action sequences and dramatic plot twists characteristic of user's favorite films.
3. Characters appear as ordinary individuals rather than the iconic, memorable figures user typically enjoys.

【Short-term Misalignment】
1. Absent historical/cultural context that recently attracts user to adventure films.
2. Visual style is comedic collage rather than atmospheric, mood-focused cinematography user currently seeks.
3. Missing the suspense-drama blend user has been drawn to in recent selections.

【Preference Dynamics】
1. Non-click demonstrates user's stable preference for genre-specific content over random novelty.
2. Shows user maintains clear boundaries between established interests and unrelated offerings."
89,37444,1,"[ANS] yes
[REASON]
【Long-term Alignment】
1. Film is from 1984, aligning with user's appreciation for classic/vintage cinema.
2. Frankenstein adaptation maintains whimsical/fantastical tone consistent with user's comedy preferences.
3. Gothic castle imagery suggests adventure elements matching user's action interests.

【Short-term Alignment】
1. Darker visual tone represents exploration within user's established whimsical/fantastical preference.
2. Serious character expressions show variation within user's action/martial arts focus.

【Preference Dynamics】
1. User is exploring darker interpretations of familiar fantastical concepts.
2. Click demonstrates willingness to try vintage films outside strictly light-hearted comedy."
89,7481,0,"[ANS] no  
[REASON]  
【Long-term Misalignment】  
- The film's dramatic sci-fi conflict lacks the comedy or light-hearted tone the user consistently prefers.  
- Its intense, otherworldly setting does not align with the user's interest in classic or vintage films.  
- The confrontational theme contrasts with the user's stable preference for adventure with lighthearted or comedic elements.  

【Short-term Misalignment】  
- The serious tone and sci-fi focus do not match the user's recent interest in whimsical or fantastical films.  
- It lacks the martial arts or action-driven style seen in the user's recent selections.  

【Preference Dynamics】  
- The non-click reflects the user's stable avoidance of serious, non-comedic genres.  
- It confirms the user's lack of interest in exploring sci-fi or intense dramatic themes."
509,106696,1,"[ANS] yes
[REASON]
【Long-term Alignment】
1. Frozen is a classic Disney fantasy adventure film with epic storytelling and heroic quests.
2. As an established franchise, it aligns with the user's nostalgia for classic movies.
3. The Norwegian-inspired setting provides cultural exploration through international animated storytelling.

【Short-term Alignment】
1. The vibrant color palette and stylized animation match the user's intensified animated film interest.
2. The mystical winter atmosphere with magical elements creates strong mood and setting.
3. It combines fantasy with musical comedy elements, fitting the user's genre-blending exploration.

【Preference Dynamics】
1. Clicking Frozen shows the user returning to familiar Disney themes while exploring new animated storytelling.
2. This selection demonstrates continued genre exploration within their established fantasy preference framework."
509,220,0,"[ANS] no
[REASON]
【Long-term Misalignment】
1. Lacks epic fantasy/adventure elements and heroic quest narratives the user consistently prefers.
2. Missing nostalgic classic film qualities present in user's established viewing patterns.
3. Does not showcase cultural exploration or international perspectives the user values.

【Short-term Misalignment】
1. Absent vibrant colors and stylized visuals currently fascinating the user in animated films.
2. Dark horror atmosphere differs from mystical/moody fantasy settings the user currently seeks.
3. Horror genre focus contrasts with user's current comedy/sci-fi/fantasy genre exploration.

【Preference Dynamics】
1. Horror genre falls outside user's current oscillation between familiar themes and new experiences.
2. Non-click reflects user's selective novelty-seeking within preferred genres rather than all genres."
118,2028,1,"[ANS] yes
[REASON]
【Long-term Alignment】
1. Film from 1998 continues user's interest in 20th-century cinema.
2. Dramatic war narrative aligns with preference for intense storylines.
3. Strong cinematography evident in atmospheric cover composition.

【Short-term Alignment】
1. War thriller genre matches recent preference for suspenseful films.
2. Features intense performances by acclaimed dramatic actors.
3. Represents 1990s era fitting current exploration of different decades.

【Preference Dynamics】
1. Expands from classic films to later acclaimed dramatic works.
2. Maintains core dramatic interest while exploring war thriller subgenre."
118,2240,0,"[ANS] no
[REASON]
【Long-term Misalignment】
1. Film lacks the dramatic intensity and complex storylines characteristic of user's preferred 1970s-80s classics.
2. Casual teen-focused narrative contrasts with user's preference for atmospheric, moody cinematography.
3. Coming-of-age theme diverges from user's established interest in intense character-driven adult dramas.

【Short-term Misalignment】
1. Absence of thriller/suspense elements conflicts with user's recent crime and mystery genre focus.
2. Young cast and school setting differ from user's recent preference for intense adult performances.
3. Lighthearted tone contrasts with user's current exploration of 1990s gritty thrillers.

【Preference Dynamics】
1. Non-click demonstrates user's stable preference for dramatic intensity over lighter coming-of-age stories.
2. Shows user's novelty-seeking remains bounded by their core interest in serious, complex narratives."
552,5747,1,"[ANS] yes
[REASON]
【Long-term Alignment】
1. Gallipoli is a classic film from 1981, aligning with the user's interest in classic cinema.
2. The film explores complex themes of war and friendship, matching the user's preference for complex storytelling.
3. Director Peter Weir's acclaimed filmography connects with the user's appreciation for respected filmmakers.

【Short-term Alignment】
1. The stark black-and-white cover contrasts with recent colorful covers, showing visual exploration.
2. The war drama genre continues the user's recent interest in intense, dramatic films.

【Preference Dynamics】
1. The click demonstrates oscillation from recent colorful animations to serious historical drama.
2. Selection of an Australian war film shows genre exploration beyond recent American cinema focus."
552,95780,0,"[ANS] no
[REASON]
【Long-term Misalignment】
1. Anime fighting game differs from user's established preference for classic/cult films and complex storytelling.
2. Cartoonish visual style contrasts with user's interest in sophisticated narratives like ""Mulholland Drive"" or ""Schindler's List"".
3. Video game format doesn't align with user's demonstrated preference for feature-length cinematic experiences.

【Short-term Misalignment】
1. While vibrant colors match recent visual interest, the fighting game theme lacks dramatic intensity of recent watches.
2. Cartoon action style doesn't fit current exploration of gritty, realistic dramas like ""Three Kings"" or ""The Dirty Dozen"".

【Preference Dynamics】
1. Non-click shows user maintains genre boundaries despite temporary visual fascinations.
2. Demonstrates consistent preference for narrative depth over pure visual appeal or action elements."
592,780,1,"[ANS] yes
[REASON]
【Long-term Alignment】
1. Released in 1996, it aligns with the user's interest in 1990s classic films.
2. The narrative-driven plot involves global adventure and action against an alien threat.
3. The alien invasion premise strongly connects to exploration and discovery themes.

【Short-term Alignment】
1. The poster's dark, fiery aesthetic and menacing spacecraft match the interest in intense, dramatic visuals.
2. The catastrophic invasion scenario delivers the intense, suspenseful theme the user currently seeks.
3. The high-stakes global threat provides the dramatic, high-tension storytelling now preferred.

【Preference Dynamics】
1. The click shows exploration within their stable genre focus, shifting towards sci-fi action-drama.
2. It demonstrates a temporary genre expansion while maintaining core narrative-driven preferences."
592,40412,0,"[ANS] no
[REASON]
【Long-term Misalignment】
1. Film is from 2004, not the 1990s era the user consistently prefers.
2. Lacks adventure/action elements prominent in user's classic film interests.
3. Visual tone suggests psychological drama rather than exploration/discovery themes.

【Short-term Misalignment】
1. Poster's minimalist silhouette design contrasts with user's interest in dark, gritty movie posters.
2. Absence of intense action or dramatic tension visible in cover imagery.
3. Rural setting doesn't match the high-stakes environments in user's recent interests.

【Preference Dynamics】
1. Non-click reflects user's stable preference for 1990s films over newer releases.
2. Shows user maintains genre boundaries despite willingness to explore themes."
34,4643,1,"[ANS] yes
[REASON]
【Long-term Alignment】
1. Science fiction genre aligns with user's established interest in films like The Fifth Element.
2. Action-adventure elements match long-term preference for superhero and action movies.

【Short-term Alignment】
1. Recent shift toward action-oriented content fits this film's intense action sequences.
2. Strong protagonist character aligns with current interest in powerful lead characters.

【Preference Dynamics】
1. Click demonstrates continued exploration within preferred genres while seeking novelty.
2. Selection shows maintained interest in sci-fi while incorporating more action elements."
34,8128,0,"[ANS] no
[REASON]
【Long-term Misalignment】
1. Historical drama differs from preferred action-adventure and superhero genres.
2. Lacks science fiction/fantasy elements present in user's favorite films.
3. Absent romantic comedy elements unlike Legally Blonde and Bridget Jones's Diary.

【Short-term Misalignment】
1. No connection to video games or gaming themes.
2. Features children rather than strong female leads.
3. Somber historical tone contrasts with preferred action-oriented content.

【Preference Dynamics】
1. User maintains stable preference for entertainment-focused genres.
2. Avoids serious historical themes despite exploration of diverse genres."
1,2492,1,"[ANS] yes
[REASON]
【Long-term Alignment】
1. Comedy genre aligns with user's consistent interest in comedic storytelling.
2. Unique storytelling format matches user's established preference for unconventional narratives.
3. Modern graphic style resonates with user's long-term punk and alternative interests.

【Short-term Alignment】
1. Romantic comedy elements provide contrast to recent intense action/horror focus.
2. Contemporary dating theme offers break from recent historical movie exploration.
3. Lighthearted content balances current suspense/thriller preferences.

【Preference Dynamics】
1. Click demonstrates exploratory behavior beyond current action-oriented focus.
2. Selection shows willingness to mix stable comedy interest with new format experiences."
1,182715,0,"[ANS] no  
[REASON]  
【Long-term Misalignment】  
- User prefers classic movies; Annihilation is a recent 2018 sci-fi release.  
- Punk/alternative themes are absent; cover shows natural, suspenseful forest setting.  
- Fantasy/adventure focus differs from film's abstract, psychological sci-fi horror approach.  

【Short-term Misalignment】  
- Recent interests include historical themes; film lacks historical or war-related content.  
- User explores action/horror with clear narratives (e.g., Mad Max); cover implies abstract, mysterious plot.  
- No overlap with classic movies or intense drama like Schindler's List in tone.  

【Preference Dynamics】  
- Non-click reflects user's exploratory focus on grounded thrillers, not surreal sci-fi horror.  
- Stable interest in punk/alternative themes remains unaffected by this mysterious, nature-focused cover."
604,637,1,"[ANS] yes
[REASON]
【Long-term Alignment】
- Film combines drama and comedy, matching nostalgic mixed-genre preference.
- Classic movie poster style aligns with appreciation for striking visual presentation.

【Short-term Alignment】
- Title directly matches recently watched ""Sgt. Bilko"" from short-term interests.
- Military comedy adventure fits current preference for action-adventure-comedy mix.
- Provides sense of excitement and entertainment consistent with recent selections.

【Preference Dynamics】
- Click confirms shift toward lighthearted military comedy over pure action.
- Reinforces movement toward entertaining content while maintaining visual appeal."
604,3824,0,"[ANS] no
[REASON]
【Long-term Misalignment】
1. Film lacks action-adventure, sci-fi, or fantasy elements central to user's long-term interests.
2. Cover art presents intimate romance, not the visually striking action/fantasy imagery user prefers.
3. Content is purely romantic drama, missing the nostalgic drama-comedy mix user enjoys.

【Short-term Misalignment】
1. No action, adventure, or comedy elements present that attracted user to recent watches.
2. Lacks the sense of excitement and adventure found in user's short-term interest films.

【Preference Dynamics】
1. Non-click confirms user's shift toward lighthearted action-comedy over serious romantic content.
2. Reflects stable disinterest in pure romance genres despite evolving preferences."
166,17,1,"[ANS] yes
[REASON]
【Long-term Alignment】
1. Film explores human condition through complex Dashwood sisters' contrasting personalities and emotional journeys.
2. Period drama format provides intricate social plots and character development matching dramatic film preferences.
3. 1995 release date aligns with user's nostalgia for 90s cinema and retro elements.

【Short-term Alignment】
1. Recent interest in character-driven stories like ""The Green Mile"" matches this introspective character study.
2. Vibrant outdoor cinematography with striking color contrasts in cover image appeals to visual preferences.

【Preference Dynamics】
1. Click demonstrates oscillation toward character-driven period piece after recent action-focused watches.
2. Selection shows exploration of dramatic storytelling through different genres while maintaining core interest in human relationships."
166,69224,0,"[ANS] no
[REASON]
【Long-term Misalignment】
1. The joyful romantic tone contrasts with user's preference for intense psychological thrillers.
2. Simple character dynamic lacks complex plots and intricate character development user prefers.
3. Modern 1997 setting doesn't align with user's nostalgia for 80s/90s retro elements.

【Short-term Misalignment】
1. Lacks action, suspense, and mystery elements present in user's recent watches.
2. Absence of vibrant colors and striking visuals user currently seeks in fantasy/adventure films.
3. No fantasy or adventure elements matching recent ""Indiana Jones"" and ""Green Mile"" interests.

【Preference Dynamics】
1. The non-click reflects user's stable avoidance of lighthearted romantic content.
2. Confirms user's consistent preference for either intense dramas or character-driven stories over simple romances."
351,55820,1,"[ANS] yes
[REASON]
【Long-term Alignment】
1. Film is a psychological thriller with complex antagonist Anton Chigurh.
2. Features dark atmosphere and crime elements central to user's core interests.
3. Contains deep psychological exploration of morality and fate.

【Short-term Alignment】
1. Film's strong visual style and cinematography align with recent visual preferences.
2. Mixes crime drama with intense action sequences matching recent genre blends.
3. Features striking imagery of Texas landscapes fitting visual appreciation trend.

【Preference Dynamics】
1. Click shows exploration within psychological thriller genre while maintaining core interests.
2. Demonstrates willingness to try critically acclaimed films from different directors."
351,4255,0,"[ANS] no
[REASON]
【Long-term Misalignment】
1. Absence of psychological thriller elements or suspenseful plot structure.
2. Lacks complex character development and emotional depth typical of preferred films.
3. No mystery, crime, or psychological exploration themes present.

【Short-term Misalignment】
1. Does not align with recent romantic drama or adventure-action film interests.
2. Visual style emphasizes crude humor over striking imagery or vibrant aesthetics.
3. Contrasts with sophisticated ensemble dynamics seen in recent preferences.

【Preference Dynamics】
1. Demonstrates user's selective exploration, avoiding content lacking thematic substance.
2. Shows maintained preference for quality storytelling over shock value humor."
357,4370,1,"[ANS] yes
[REASON]
【Long-term Alignment】
1. Dark background and minimalist design align with user's preference for dark-colored movie posters.
2. Bold white typography for ""A.I."" matches user's interest in striking typography in movie posters.
3. Psychological themes of artificial intelligence consciousness connect with classic psychological thriller interests.

【Short-term Alignment】
1. Stylized graphic design with geometric letter forms fits user's recent attraction to stylized posters.
2. Film explores identity and humanity themes matching user's current interest in self-discovery narratives.
3. Steven Spielberg's direction blends sci-fi with emotional storytelling, aligning with mixed-genre exploration.

【Preference Dynamics】
1. Click demonstrates exploration beyond typical psychological thrillers into sci-fi psychological themes.
2. Selection shows continued interest in atmospheric designs while experimenting with new genre combinations."
357,6808,0,"[ANS] no
[REASON]
【Long-term Misalignment】
1. Film is a war/action thriller, not the psychological thrillers or suspense movies the user prefers.
2. Military uniform aesthetic contrasts with user's preference for dark colors and atmospheric movie posters.
3. No connection to Disney or family-friendly content, which remains a stable interest.

【Short-term Misalignment】
1. Lacks the comedy-romance-coming-of-age blend seen in user's recent interests like ""Freaky Friday"".
2. Poster's straightforward military style contrasts with user's current attraction to playful, whimsical designs.
3. No apparent focus on relationships, self-discovery, or identity themes from recent preferences.

【Preference Dynamics】
1. Non-click reflects user's stable avoidance of war/action genres outside their core interests.
2. Shows user's exploratory pattern doesn't extend to military themes despite interest in new styles."
544,1105,1,"[ANS] yes
[REASON]
【Long-term Alignment】
1. Horror sequel aligns with user's established preference for suspense and thriller genres.
2. Dark, moody visuals with striking axe imagery match user's interest in dramatic compositions.
3. Supernatural horror elements connect to user's science fiction and intense genre preferences.

【Short-term Alignment】
1. Directly matches recent viewing of ""Children of the Corn IV: The Gathering"" from short-term interests.
2. Combines horror with adventure elements fitting user's current action-adventure focus.
3. Maintains intensity while exploring horror genre, aligning with eclectic short-term exploration.

【Preference Dynamics】
1. Demonstrates genre exploration beyond typical action/thriller while maintaining visual intensity.
2. Shows willingness to engage with horror sequels, indicating expanding genre boundaries."
544,6862,0,"[ANS] no
[REASON]
【Long-term Misalignment】
1. Lacks the science fiction elements present in user's core interests like Star Trek.
2. Missing dramatic action sequences and intense visual style typical of user's preferences.
3. Does not feature the bold, high-contrast color palette seen in user's preferred thrillers.

【Short-term Misalignment】
1. Absence of romantic themes currently engaging the user's attention.
2. Does not blend adventure elements with current romance interest like recent preferences.
3. Lacks the genre-blending approach seen in user's recent viewing choices.

【Preference Dynamics】
1. Shows user maintains preference for genre-blended content over straightforward thrillers.
2. Demonstrates user's selective exploration favors specific genre combinations over pure suspense."
251,159817,1,"[ANS] yes
[REASON]
【Long-term Alignment】
1. Critically acclaimed documentary series with multiple awards and universal acclaim.
2. Explores complex themes of nature, survival, and planetary systems.
3. Features strong narrative storytelling with well-developed animal character arcs.

【Short-term Alignment】
1. Offers unique visual artistry through groundbreaking nature cinematography.
2. Creates powerful atmospheric immersion across diverse Earth landscapes.
3. Explores different eras through evolutionary timelines and seasonal changes.

【Preference Dynamics】
1. Expands interest from fictional narratives to documentary storytelling format.
2. Maintains artistic standards while exploring new subject matter beyond cinema."
251,2362,0,"[ANS] no
[REASON]
【Long-term Misalignment】
1. Film lacks critical acclaim, being widely regarded as poorly made.
2. Absence of complex themes or character development typical of user's preferences.
3. Does not explore human nature or morality in a sophisticated manner.

【Short-term Misalignment】
1. Visual style is cartoonish rather than atmospheric or moody.
2. Lacks the intense, dramatic qualities of recent watches like ""Seven.""
3. Does not feature unique artistic visuals aligned with current interests.

【Preference Dynamics】
1. Non-click reflects user's stable preference for high-quality, acclaimed films.
2. Shows limited interest in exploring low-quality or camp cinema."
23,2726,1,"[ANS] yes
[REASON]
【Long-term Alignment】
1. Film from 1956 falls within user's preferred classic era (1940s-1980s).
2. Stylized cover art with bold typography and atmospheric blue gradient matches artistic visual preferences.
3. Train silhouette and serious figure suggest psychological drama/mystery elements.

【Short-term Alignment】
1. 1956 release date maintains nostalgic appeal for classic cinema.
2. Central armed figure and title ""The Killing"" indicate strong narrative and character-driven content.
3. Serious tone aligns with current interest in psychological complexity.

【Preference Dynamics】
1. Click demonstrates continued engagement with classic films despite contemporary exploration.
2. Selection maintains balanced approach between established interests and new discoveries."
23,5272,0,"[ANS] no
[REASON]
【Long-term Misalignment】
1. Film from 2001 falls outside preferred classic era (1940s-1980s).
2. Visual style lacks bold colors and artistic composition typical of preferred posters.
3. Contemporary setting differs from foreign film aesthetic user consistently favors.

【Short-term Misalignment】
1. Modern timeframe (2001) conflicts with current nostalgic interest in 1980s-1990s films.
2. Corporate/professional theme doesn't align with current psychological or philosophical exploration focus.
3. Single-character focus may not suggest strong narrative depth user currently seeks.

【Preference Dynamics】
1. Non-click demonstrates user's stable preference for defined classic film periods.
2. Shows selective exploration limited to themes matching core interests."
451,593,1,"[ANS] yes
[REASON]
【Long-term Alignment】
1. The film is a 1990s crime thriller matching the user's decade preference.
2. It features intense suspense and criminal investigation themes aligning with their genre interests.
3. The cover's dramatic red/white contrast and striking butterfly imagery appeal to their visual preferences.

【Short-term Alignment】
1. The film's complex psychological profiling and plot twists satisfy their interest in intricate narratives.
2. Strong character development between Clarice and Lecter matches their focus on emotional depth.
3. It blends crime thriller with character-driven storytelling they're currently exploring.

【Preference Dynamics】
1. Clicking a psychological thriller shows exploration beyond pure action toward nuanced character studies.
2. Selecting a Best Picture winner indicates evolving appreciation for critically acclaimed storytelling."
451,5881,0,"[ANS] no
[REASON]
【Long-term Misalignment】
1. Sci-fi space setting differs from preferred 1990s crime/mystery films.
2. Lacks action-packed elements characteristic of user's thriller preferences.
3. Single character focus contrasts with user's interest in complex crime narratives.

【Short-term Misalignment】
1. Space exploration premise doesn't align with current character-driven storytelling interest.
2. Scientific setting lacks emotional depth and relationship focus user currently explores.
3. Missing complex plot twists and unexpected turns user seeks in current viewing.

【Preference Dynamics】
1. Shows user's genre exploration has limits, excluding hard sci-fi themes.
2. Confirms preference stability toward Earth-based narratives over space settings."
117,799,1,"[ANS] yes
[REASON]
【Long-term Alignment】
1. Supernatural themes with ghostly apparitions align with fantasy genre preferences.
2. Complex character dynamics suggested by multiple ghost personalities surrounding central figure.
3. Dark, moody atmosphere creates suspense fitting action-packed content interests.

【Short-term Alignment】
1. 1996 release date matches interest in classic 1990s films.
2. Intense supernatural premise creates high-stakes dramatic tension.
3. Michael J. Fox starring role connects to acclaimed actor preference.

【Preference Dynamics】
1. Exploring horror-comedy blend represents genre style experimentation.
2. Supernatural thriller format shows branching within fantasy preferences."
117,5250,0,"[ANS] no
[REASON]
【Long-term Misalignment】
1. Comedy genre lacks action, suspense, and moral dilemmas the user prefers.
2. Absence of science fiction, fantasy, or supernatural themes present in user's interests.
3. Modern setting without technology, space, or iconic imagery typical of classic films.

【Short-term Misalignment】
1. 1980s release date falls outside user's current focus on 1990s classic films.
2. Playful tone contrasts with user's preference for intense, high-stakes dramatic tension.
3. Contemporary comedy setting differs from historical dramas and period pieces being explored.

【Preference Dynamics】
1. Non-click demonstrates stable preference for serious, thought-provoking content over lighthearted comedy.
2. Consistent avoidance of content lacking complex characters and critical acclaim."
90,984,1,"[ANS] yes
[REASON]
【Long-term Alignment】
1. Film from 1996 aligns with user's strong interest in 1990s classic films.
2. Features group of characters suggesting focus on human relationships and social dynamics.
3. American production setting matches user's preference for European/American film settings.

【Short-term Alignment】
1. Colorful title design and vintage clothing styles match nostalgic/retro aesthetic preference.
2. Group dynamics suggest character-driven story fitting recent interest in relationship-focused films.

【Preference Dynamics】
1. Clicking on a music video format shows exploration beyond traditional feature films.
2. Selection indicates openness to different media forms while maintaining core interest in 1990s era content."
90,289,0,"[ANS] no
[REASON]
【Long-term Misalignment】
1. The 1994 release date falls outside the user's specific interest in 1990s classic films.
2. The cover's modern city setting contrasts with preferred European or American historical settings.
3. Visual focus on romantic couple lacks clear indication of complex social issue themes.

【Short-term Misalignment】
1. Dark nighttime aesthetic differs from user's recent preference for vibrant, colorful retro designs.
2. Simple romantic imagery shows no indication of the comedy elements recently preferred.

【Preference Dynamics】
1. Non-click demonstrates user's stable commitment to their established era preferences.
2. Shows selective exploration of new interests limited to specific aesthetic qualities."
381,1046,1,"[ANS] yes
[REASON]
【Long-term Alignment】
1. Film focuses on drama and romance themes matching long-term interest in these genres.
2. Storytelling emphasis aligns with classic film appreciation for narrative depth.
3. Cover's artistic minimalism connects to growing interest in visually distinctive presentations.

【Short-term Alignment】
1. Directly matches recent interest in romance and drama films like ""Notting Hill"".
2. Coming-of-age themes align with emerging interest in this genre.
3. Modern visual style complements recent exploration of contemporary storytelling approaches.

【Preference Dynamics】
1. Represents exploration beyond action/fantasy toward character-driven contemporary drama.
2. Shows willingness to engage with realistic romance alongside whimsical/fantastical themes."
381,8196,0,"[ANS] no  
[REASON]  
【Long-term Misalignment】  
- The film's exploitation/satire genre lacks the classic storytelling or adventure focus the user prefers.  
- Cover's chaotic, suggestive imagery does not align with the user's interest in whimsical or vibrant but family-friendly fantasy.  
- Absence of mystery, suspense, or thriller elements contrasts with the user's growing interest in these themes.  

【Short-term Misalignment】  
- No evident action, fantasy, or adventure elements to match recent interests like ""Titan A.E."" or ""The Last Samurai.""  
- Missing romance, drama, or dark fantasy/horror themes seen in recent favorites such as ""Notting Hill"" or ""Beetlejuice.""  
- Lacks music, comedy, or coming-of-age components, which are emerging interests for the user.  

【Preference Dynamics】  
- The non-click indicates the user avoids content that diverges sharply from their balanced mix of classic, adventurous, and dark themes.  
- It reflects stability in preferring coherent narratives over chaotic or overly stylized exploitation films."
538,4616,1,"[ANS] yes
[REASON]
【Long-term Alignment】
1. Film released in 1989 aligns with user's strong interest in 1980s classic movies.
2. The inspirational storyline matches user's appreciation for memorable character-driven narratives.
3. School setting provides adventure elements fitting user's comedy/adventure film preferences.

【Short-term Alignment】
1. 1989 release date directly matches user's recent interest in late 1980s/1990s films.
2. The dramatic narrative offers thematic exploration within user's established genre preferences.
3. Cover's bold red color and silhouettes provide visually striking presentation user currently favors.

【Preference Dynamics】
1. User explores dramatic/biographical content while maintaining connection to preferred era.
2. Click demonstrates branching within familiar time period rather than strict genre adherence."
538,137517,0,"[ANS] no
[REASON]
【Long-term Misalignment】
1. The video is a game, not a movie from the user's preferred 1970s-1990s film eras.
2. Content lacks the musical elements central to the user's long-term Disney and musical interests.
3. The clown character does not align with the user's preference for memorable adventure film characters.

【Short-term Misalignment】
1. The carnival setting does not match the user's recent focus on fantasy films with magical or adventurous themes.
2. The game format contrasts with the user's intensified interest in classic Disney movies with songs.
3. Visual style differs from the animated/fantastical settings the user has recently been drawn to.

【Preference Dynamics】
1. The non-click shows the user's exploration of new genres does not extend to non-movie content formats.
2. It reflects the user's stable preference for narrative-driven films over game-related media."
19,904,1,"[ANS] yes
[REASON]
【Long-term Alignment】
1. Classic 1950s film aligns with user's interest in older cinematic eras like 1970s-1980s films.
2. Suspense thriller genre matches user's consistent preference for action and thriller genres.
3. Visually striking red-dominated cover with dynamic composition appeals to user's attraction to striking visuals.

【Short-term Alignment】
1. Suspense thriller elements directly match current interest in films like ""Speed"" and ""The Fugitive"".
2. Strong visual style with vibrant color composition aligns with temporary interest in visually distinctive films.
3. Mystery narrative with intriguing character interaction fits user's recent suspense genre exploration.

【Preference Dynamics】
1. Exploring earlier classic film (1950s) beyond previously preferred 1970s-1990s timeframe shows genre expansion.
2. Clicking a suspense film with romantic elements bridges action thrillers and dramatic interests from preferences."
19,1264,0,"[ANS] no
[REASON]
【Long-term Misalignment】
- Film is a 1981 drama/romance, not matching user's preference for 1970s-80s sci-fi/fantasy or 1990s action/thrillers.
- Cover shows romantic/dramatic collage, lacking the visually striking dynamic elements that typically attract the user.
- Genre focuses on relationship drama rather than the user's established action, suspense, or thriller interests.

【Short-term Misalignment】
- Content appears centered on female relationships and romance, differing from current action/thriller focus like ""Speed"" and ""The Fugitive.""
- Visual style is colorful and collage-based, not matching the strong, cinematic visual style seen in ""The Sixth Sense"" or ""Léon.""
- While romantic themes are a short-term interest, this film's specific dramatic focus may not align with the user's current exploration.

【Preference Dynamics】
- Non-click indicates user's exploratory interests may not extend to this specific type of dramatic/romantic film.
- Shows user maintains stable genre preferences despite short-term interest in romantic themes."
312,5956,1,"[ANS] yes
[REASON]
【Long-term Alignment】
1. Historical drama set in 1860s New York aligns with user's war and period setting interests.
2. Dark, atmospheric visual style matches user's preference for suspenseful films.
3. Violent historical conflict parallels the intensity found in user's horror and sci-fi preferences.

【Short-term Alignment】
1. Recent watches of dramatic films like The Green Mile suggest openness to character-driven narratives.
2. Historical setting connects to the serious tone of recent drama watches.

【Preference Dynamics】
1. Click demonstrates continued exploration of historical dramas beyond recent war film watches.
2. Selection shows branching into urban historical settings rather than traditional war narratives."
312,137,0,"[ANS] no
[REASON]
【Long-term Misalignment】
1. No science fiction, fantasy, or horror elements present in the cover or title.
2. Lacks suspenseful or atmospheric qualities suggested by user's horror/suspense preferences.
3. No historical drama, war, or period setting elements visible.

【Short-term Misalignment】
1. Does not align with recent drama interest (The Green Mile, The Sixth Sense).
2. No musical elements matching recent Chicago viewing.
3. Cover suggests comedy genre, which user hasn't recently engaged with.

【Preference Dynamics】
1. User maintains stable interest in specific genres rather than exploring comedy.
2. Non-click reflects continued focus on established preferences over new genre exploration."
365,2144,1,"[ANS] yes
[REASON]
【Long-term Alignment】
1. Features strong narrative focus typical of coming-of-age films like ""The Breakfast Club"".
2. Contains complex character development through teenage protagonist's emotional journey.
3. Aligns with drama genre preference shown in films like ""Forrest Gump"".

【Short-term Alignment】
1. Directly matches recent interest in nostalgic coming-of-age themes.
2. Complements current exploration of mixed genre films with comedic elements.
3. Connects to recent romantic comedy interest through teenage romance subplots.

【Preference Dynamics】
1. Demonstrates genre exploration while maintaining character-driven narrative preference.
2. Shows continued interest in escapism through nostalgic high school setting."
365,120138,0,"[ANS] no
[REASON]
【Long-term Misalignment】
1. PK is a satirical comedy-drama, lacking the thriller/drama intensity of Shawshank Redemption or The Green Mile.
2. The film's alien protagonist premise contrasts with user's preference for grounded character-driven narratives.
3. Visual aesthetic suggests light adventure, not complex narratives like Good Will Hunting.

【Short-term Misalignment】
1. Cover lacks romantic comedy elements present in user's recent Mean Girls interest.
2. No nostalgic/coming-of-age themes visible compared to Sixteen Candles or The Breakfast Club.
3. Adventure elements appear comedic rather than dramatic like Cast Away.

【Preference Dynamics】
1. User's genre exploration doesn't extend to satirical alien comedies based on preference patterns.
2. Consistent avoidance of films lacking strong character development or narrative depth."
145,111,1,"[ANS] yes
[REASON]
【Long-term Alignment】
1. Taxi Driver is a classic film from the 1970s, adjacent to user's 1990s film interest.
2. Iconic poster features memorable character imagery with Travis Bickle's intense portrayal.
3. Film contains complex storytelling and dramatic themes about urban isolation.

【Short-term Alignment】
1. Film holds nostalgic value as a cultural touchstone from earlier cinema era.
2. Dark drama genre aligns with recent exploration of varied dramatic themes.
3. Memorable character imagery matches recent interest in iconic cinematic figures.

【Preference Dynamics】
1. Click shows genre diversification toward grittier, psychological drama films.
2. Represents temporal expansion exploring pre-1990s classic cinema periods."
145,4855,0,"[ANS] no
[REASON]
【Long-term Misalignment】
1. Released in 1971, predating user's strong interest in 1990s films.
2. Cover lacks iconic, recognizable characters and imagery typical of user preferences.
3. Graphic design style differs from classic film covers user typically engages with.

【Short-term Misalignment】
1. Lacks nostalgic childhood connection seen in recent video selections.
2. Crime thriller genre contrasts with current exploration of animation and fantasy.
3. Dark, distressed imagery differs from recent covers featuring memorable characters.

【Preference Dynamics】
1. Non-click reflects stable preference for 1990s era content over earlier decades.
2. Shows consistent disinterest in gritty realism versus iconic storytelling."
355,3548,1,"[ANS] yes
[REASON]
【Long-term Alignment】
1. Classic Hollywood film from 1958 matching user's strong affinity for 1950s-1960s cinema.
2. Features vibrant colors and stylized visuals with the central figure's red dress and dramatic pose.
3. Romantic comedy genre aligns with user's appreciation for character-driven stories.

【Short-term Alignment】
1. Nostalgic aesthetic of 1958 production matches user's recent fascination with retro elements.
2. Theatrical performance aspect provides sense of escapism user has been seeking.
3. Iconic character portrayal aligns with user's interest in memorable personalities from the past.

【Preference Dynamics】
1. Click demonstrates user's oscillation between exploring new genres while maintaining classic film foundation.
2. Selection shows balance between stable long-term interests and short-term novelty seeking behavior."
355,33558,0,"[ANS] no
[REASON]
【Long-term Misalignment】
- Film is from 2003, not classic Hollywood era (1950s-1960s)
- Lacks vibrant colors, stylized visuals characteristic of user's preferences
- No indication of romantic comedy, musical, or strong character drama elements

【Short-term Misalignment】
- Does not feature science fiction or adventure themes
- Missing nostalgic/retro aesthetic from user's recent interests
- No clear escapism elements in cover imagery or title

【Preference Dynamics】
- User maintains preference for established genres over newer dramatic films
- Contemporary setting fails to trigger interest despite novelty seeking tendency
- Core attachment to specific visual styles outweighs exploration impulse"
278,54272,1,"[ANS] yes
[REASON]
【Long-term Alignment】
1. Features complex character dynamics within the Simpson family unit.
2. Contains strong emotional resonance through family relationships and personal growth.
3. Maintains narrative-driven storytelling despite animated comedy format.

【Short-term Alignment】
1. Utilizes strong visual storytelling through vibrant animation and expressive character designs.
2. Focuses heavily on human relationships and family interactions throughout the plot.
3. Creates distinctive atmospheric tension with the fiery backdrop and character expressions.

【Preference Dynamics】
1. Demonstrates novelty-seeking through animated comedy format while maintaining dramatic elements.
2. Shows expanding interest in visual storytelling through cartoon medium versus live-action."
278,179817,0,"[ANS] no
[REASON]
【Long-term Misalignment】
1. Focuses on political history rather than character-driven drama.
2. Lacks the emotional resonance found in films like The Shawshank Redemption.
3. Historical setting differs from user's preference for personal narrative films.

【Short-term Misalignment】
1. Political leadership theme contrasts with recent focus on human relationships.
2. Serious historical tone lacks the adventure elements seen in recent watches.
3. Visual storytelling appears formal rather than atmospheric like The Ice Storm.

【Preference Dynamics】
1. Demonstrates user's stable disinterest in political/historical content.
2. Shows preference boundaries despite general openness to new themes."
551,5445,1,"[ANS] yes
[REASON]
【Long-term Alignment】
1. Film features intense mystery and suspense involving a future crime prediction system.
2. Complex protagonist develops emotionally while investigating his own predicted murder.
3. Dark storytelling explores human relationships within a high-stakes thriller framework.

【Short-term Alignment】
1. Sci-fi setting with emotional depth aligns with recent genre exploration interests.
2. Classic early-2000s setting matches current interest in retro-themed thrillers.

【Preference Dynamics】
1. Click demonstrates genre expansion from traditional thrillers to sci-fi thrillers.
2. Selection shows willingness to explore futuristic themes within preferred dramatic framework."
551,6764,0,"[ANS] no
[REASON]
【Long-term Misalignment】
1. Cover suggests straightforward action-adventure, lacking complex character-driven plotlines.
2. Visual tone appears comedic-adventure rather than dark, intense storytelling.
3. Character expressions indicate lighthearted dynamic, not emotional depth or relationship focus.

【Short-term Misalignment】
1. Modern action setting contrasts with user's recent interest in retro-themed thrillers.
2. Adventure-comedy genre differs from current sci-fi/fantasy exploration with emotional depth.

【Preference Dynamics】
1. Non-click reflects user's stable preference for dramatic content over comedic action.
2. Shows user's genre exploration remains selective, avoiding lighter adventure themes."
561,316,1,"[ANS] yes
[REASON]
【Long-term Alignment】
1. Science fiction epic with ancient alien technology and interstellar travel themes.
2. 1994 release date aligns with user's preference for classic films from 1970s-1990s.
3. Features action/adventure elements with modern characters exploring ancient structures.

【Short-term Alignment】
1. Film combines nostalgic value as a 1990s classic with thought-provoking sci-fi concepts.
2. Offers lighter adventure tone compared to user's recent dark/suspenseful selections.

【Preference Dynamics】
1. Represents exploration within established sci-fi interest rather than completely new genre.
2. Balances familiar epic scale with accessible adventure narrative for genre expansion."
561,141513,0,"[ANS] no
[REASON]
【Long-term Misalignment】
1. No connection to science fiction, fantasy, or epic franchises like Star Wars.
2. Lacks action/adventure, historical, thriller, or dark/suspenseful themes.
3. Absence of period drama elements or Western genre characteristics.

【Short-term Misalignment】
1. Does not offer lighthearted comedy or nostalgic value like recent interests.
2. Missing complex, thought-provoking themes present in recent preferences.
3. Contemporary summer setting contrasts with classic film exploration trend.

【Preference Dynamics】
1. Reinforces user's stable preference for established genres over contemporary casual themes.
2. Shows limited interest in modern slice-of-life content despite genre exploration."
519,7445,1,"[ANS] yes
[REASON]
【Long-term Alignment】
1. Film is a thriller/drama matching user's strong genre preference.
2. Features complex protagonist with emotional character transformation arc.
3. Contains intense emotional resonance through protective relationship narrative.

【Short-term Alignment】
1. Recent interest in action-packed films aligns with explosive action sequences.
2. Focus on human relationships mirrors recent viewing of relationship-centric films.
3. High-tension suspense matches current preference for dramatic intensity.

【Preference Dynamics】
1. Click represents stable preference reinforcement within familiar thriller genre.
2. Combines multiple established interests rather than exploring new genres."
519,5955,0,"[ANS] no  
[REASON]  
【Long-term Misalignment】  
1. The cover lacks thriller or intense drama cues, unlike ""The Shawshank Redemption"" or ""American History X.""  
2. Character expressions suggest emotional reflection, not complex, high-stakes narratives the user prefers.  
3. Absence of suspense or tension elements seen in their favored drama-thriller hybrids.  

【Short-term Misalignment】  
1. No action or suspense visuals, contrasting recent interests like ""The Italian Job"" or ""Man on Fire.""  
2. Focus on mentorship/relationships may seem subdued compared to dynamic human interactions in ""Meet the Parents.""  
3. Poster's sober tone lacks the energy of their recent action-packed or relationship-driven choices.  

【Preference Dynamics】  
1. Non-click reflects stable avoidance of slower, relationship-focused dramas outside their core genres.  
2. Indicates limited novelty-seeking, as the film's themes don't align with their action or tension preferences."
232,81512,1,"[ANS] yes
[REASON]
【Long-term Alignment】
1. Dark, dramatic poster aligns with consistent preference for intense graphic design and bold colors.
2. Distressed characters and urban setting match historical interest in dramatic, action-oriented films.
3. Moody atmosphere supports emerging long-term thriller/suspense genre interest.

【Short-term Alignment】
1. Dark, moody color scheme directly matches current preference for cinematic visual experiences.
2. Character distress and obscured faces align with short-term focus on intense, suspenseful content.

【Preference Dynamics】
1. Click demonstrates exploration beyond core action/fantasy genres into dramatic thriller territory.
2. Selection shows balanced mix of familiar dramatic elements with newer suspense interests."
232,117466,0,"[ANS] no
[REASON]
【Long-term Misalignment】
1. Lacks science fiction, fantasy, or action-adventure elements central to user's core interests.
2. Historical drama setting differs from preferred speculative fiction genres.
3. Missing the bold graphic design style typical of favored movie posters.

【Short-term Misalignment】
1. Historical survival narrative doesn't align with current thriller/suspense genre focus.
2. Period piece setting contrasts with preferred cinematic fantasy/thriller experiences.

【Preference Dynamics】
1. Demonstrates user's genre selectivity despite some exploration tendencies.
2. Shows clear boundaries in genre exploration, rejecting historical drama."
261,7361,1,"[ANS] yes
[REASON]
【Long-term Alignment】
1. Features complex psychological themes similar to ""The Terminator"" through memory manipulation narrative.
2. Contains intricate non-linear storyline structure comparable to ""Primer's"" complexity.
3. Explores deep character psychology through unconventional relationship dynamics.

【Short-term Alignment】
1. Directly matches recent interest in identity/self-discovery themes from ""Eternal Sunshine of the Spotless Mind"".
2. Strong visual aesthetic evident in the cover's artistic split-screen composition and color contrast.

【Preference Dynamics】
1. Demonstrates exploration of romantic drama genre while maintaining psychological thriller elements.
2. Shows active engagement with previously enjoyed title, indicating deepening interest in specific themes."
261,31737,0,"[ANS] no
[REASON]
【Long-term Misalignment】
1. Black-and-white aesthetic contrasts with user's preference for modern crime dramas like ""The Untouchables"".
2. Missing person plot lacks the criminal enterprise focus seen in ""Casino"".
3. Minimalist visual style differs from complex narrative structures like ""Primer"".

【Short-term Misalignment】
1. Missing person mystery doesn't align with current identity/self-discovery themes like ""Eternal Sunshine"".
2. Graphic design approach contrasts with strong visual aesthetic preference shown in recent selections.

【Preference Dynamics】
1. Non-click shows user maintaining core preference for modern-era films over classic cinema.
2. Indicates current exploration focus remains on contemporary psychological themes rather than vintage thrillers."
409,2492,1,"[ANS] yes
[REASON]
【Long-term Alignment】
1. Romantic comedy genre aligns with user's established preference for comedies and dramas.
2. Focus on dating relationships matches user's interest in character development and emotional connections.
3. 1998 release falls within user's comfort zone of 1970s-1990s film exploration.

【Short-term Alignment】
1. Romantic comedy format directly matches user's recent interest in ""20 Dates"" specifically mentioned in preferences.
2. Modern storytelling approach fits user's current exploration of films from different decades.
3. Relationship-focused narrative aligns with user's growing interest in complex storytelling.

【Preference Dynamics】
1. Click demonstrates exploratory behavior by selecting a specific romantic comedy referenced in preferences.
2. Choice shows active pursuit of relationship-focused narratives identified in preference evolution."
409,4392,0,"[ANS] no
[REASON]
【Long-term Misalignment】
1. Film from 1990 falls outside preferred 1960s-1970s classic film era.
2. Cover's minimalist modern aesthetic lacks nostalgic visual themes.
3. Serious portrait provides no indication of musical/comedy elements.

【Short-term Misalignment】
1. No visible evidence of intense dramatic themes or complex storytelling.
2. Single character portrait suggests limited character relationship development.
3. 1990 release sits at edge of preferred exploration decades (1950s-1990s).

【Preference Dynamics】
1. Non-click reflects stable preference for films with clear genre/thematic indicators.
2. User consistently selects content with explicit emotional or dramatic elements."
168,3788,1,"[ANS] yes
[REASON]
【Long-term Alignment】
- Film from 1966 falls within user's preferred classic era (1940s-1970s)
- Known for complex characters and psychological themes matching dramatic preference
- Strong narrative focus aligns with user's consistent story-driven interests

【Short-term Alignment】
- Bold red/white color scheme matches current preference for visually striking imagery
- Dynamic character pose and graphic style appeal to interest in unique designs
- Film blends drama with mystery/adventure elements fitting recent genre mix preference

【Preference Dynamics】
- Click shows exploration of 1960s cinema beyond traditional Hollywood classics
- Selection indicates willingness to try more stylized, visually experimental films"
168,1170,0,"[ANS] no
[REASON]
【Long-term Misalignment】
- Film is from 1995, outside user's preferred classic era (1940s-1970s).
- Content appears focused on modern action rather than character-driven narratives.
- Lacks the dramatic complexity typical of user's favored classic films.

【Short-term Misalignment】
- Visual style emphasizes explosions over bold colors or unique character designs.
- Missing the comedy and adventure elements user currently enjoys.
- Action focus doesn't match user's preference for mixed genre content.

【Preference Dynamics】
- Non-click shows user maintains stable preference for classic-era films.
- Modern action genre fails to engage despite user's openness to new themes."
55,3275,1,"[ANS] yes
[REASON]
【Long-term Alignment】
1. Action-adventure elements with vigilante justice themes match user's established genre preference.
2. Complex character-driven narrative aligns with user's interest in intricate storylines.
3. Dark thematic content and moral complexity suit user's preference for gritty films.

【Short-term Alignment】
1. 2000 release date fits user's recent focus on late 1990s-early 2000s films.
2. American film with British-style crime elements matches user's British-American interest trend.
3. Dark tone and criminal underworld themes align with user's recent gritty film selections.

【Preference Dynamics】
1. Represents exploration of American crime films while maintaining British-style sensibilities.
2. Shows willingness to maintain core action preferences while testing new thematic boundaries."
55,7832,0,"[ANS] no
[REASON]
【Long-term Misalignment】
1. Film is a 1940s comedy-mystery, not action-adventure genre the user consistently prefers.
2. Lacks historical or epic fantasy settings present in user's core interests.
3. Characters appear lighthearted, contrasting with user's preference for complex, gritty characters.

【Short-term Misalignment】
1. Released in 1945, far earlier than user's recent focus on late 1990s-2000s films.
2. American production differs from user's recent British/British-American film interest.
3. Bright, colorful aesthetic contrasts with dark, gritty themes in user's recent selections.

【Preference Dynamics】
1. Non-click demonstrates user's stable preference for action-oriented content over comedy-mystery.
2. Shows limited interest in exploring significantly older cinematic eras beyond their established range."
236,2580,1,"[ANS] yes
[REASON]
【Long-term Alignment】
1. The movie ""Go"" (1999) is now part of the user's confirmed classic horror and suspense interest list.
2. The cover's group dynamic and central banner suggest a dark, atmospheric narrative with shared purpose.

【Short-term Alignment】
1. The video is ""Go"" (1999), directly matching the user's intensified interest in 1990s-era movies.
2. The cover emphasizes collective action and unity, a newly shown short-term interest from this same film.

【Preference Dynamics】
1. The click demonstrates continued exploration beyond pure horror into 1990s ensemble films.
2. It shows active engagement with newly established interests, reinforcing their dynamic preference evolution."
236,26158,0,"[ANS] no
[REASON]
【Long-term Misalignment】
1. The 1966 release date falls outside the user's classic horror movie interest period.
2. Black-and-white minimalist aesthetic lacks the dark, atmospheric suspense the user prefers.
3. No evidence suggests the user has interest in Czech cinema from this era.

【Short-term Misalignment】
1. 1966 release date doesn't align with the user's intensified 1990s movie interest.
2. The cover suggests individual contemplation rather than collective action themes.
3. No connection to the dark comedy or rebellious tone seen in ""Go"" and ""Dogma"".

【Preference Dynamics】
1. Non-click reflects stable preference boundaries despite openness to new themes.
2. Shows the user's exploration remains within specific thematic and temporal parameters."
47,5108,1,"[ANS] yes
[REASON]
【Long-term Alignment】
1. Film features intense emotional storytelling about a father's desperate act to save his son.
2. Strong character development shown through the protagonist's moral transformation under pressure.
3. Drama genre aligns with user's consistent preference for emotionally-driven narratives.

【Short-term Alignment】
1. Focuses intensely on human relationships and family connections under crisis.
2. Contains social commentary about healthcare system failures and economic inequality.
3. Strong narrative driven by high-stakes plot about medical emergency and hostage situation.

【Preference Dynamics】
1. Represents exploration of contemporary social issues while maintaining dramatic storytelling foundation.
2. Continues trend toward films with urgent, socially relevant themes rather than purely historical settings."
47,5704,0,"[ANS] no
[REASON]
【Long-term Misalignment】
1. Lacks emotional storytelling and drama elements central to user's long-term preferences.
2. Absence of strong character development visible in cover's shadowy, obscured figures.
3. Horror/suspense genre differs from user's established drama and character-focused interests.

【Short-term Misalignment】
1. No emphasis on human relationships, focusing instead on alien threat and fear.
2. Missing social commentary elements present in user's recent documentary interests.
3. Suspense-driven plot contrasts with user's preference for narrative-driven storytelling.

【Preference Dynamics】
1. User maintains stable preference for drama over horror/thriller genres.
2. Non-click shows limited interest in expanding to pure suspense/alien themes."
94,2,1,"[ANS] yes
[REASON]
【Long-term Alignment】
1. Features adventure and exploration themes through jungle setting and wildlife encounters.
2. Contains fantasy elements with magical board game premise.
3. Offers complex storyline where characters face extraordinary challenges.

【Short-term Alignment】
1. Matches current interest in adventure-comedy-drama blend seen in recent preferences.
2. Aligns with nostalgic appeal as 1995 film from user's preferred era.
3. Provides sense of urgency through high-stakes game consequences.

【Preference Dynamics】
1. Represents oscillation toward lighter adventure after intense thrillers.
2. Shows exploratory behavior combining fantasy with real-world consequences."
94,5478,0,"[ANS] no  
[REASON]  
【Long-term Misalignment】  
- The cover emphasizes comedy-horror, lacking the user's preferred action-thriller or sci-fi intensity.  
- Absence of complex characters or dramatic plot cues contrasts with their interest in intricate storylines.  
- Fantasy elements here are campy, not the serious adventure or exploration seen in their favored titles.  

【Short-term Misalignment】  
- No urgency or high-stakes drama is evident, unlike their recent suspense-focused choices.  
- The comedic tone diverges from their current mood for intense, dramatic narratives.  
- Nostalgic or retro appeal is missing, replaced by a B-movie aesthetic they avoid.  

【Preference Dynamics】  
- Skipping reflects their stable avoidance of horror-comedy, sticking to action or character-driven films.  
- Non-click shows disinterest in genre experiments outside their core action-adventure preferences."
408,109487,1,"[ANS] yes
[REASON]
【Long-term Alignment】
1. Interstellar is a science fiction film featuring epic storytelling and complex world-building about space exploration.
2. The film combines thrilling space adventure sequences with high-stakes survival scenarios.
3. It features strong character-driven narratives focusing on the astronaut's personal journey and relationships.

【Short-term Alignment】
1. Recent viewing of action-packed films like Rush Hour 2 aligns with Interstellar's suspenseful space mission premise.
2. The user's current interest in character development matches the film's deep exploration of human relationships.
3. Temporary preference for immersive storytelling fits Interstellar's complex narrative structure.

【Preference Dynamics】
1. Clicking Interstellar shows willingness to explore serious science fiction despite recent comedy focus.
2. Demonstrates expanding interest from pure action-comedy to more dramatic, character-driven science fiction."
408,6222,0,"[ANS] no
[REASON]
【Long-term Misalignment】
1. The somber drama lacks action-adventure thrill and excitement the user consistently prefers.
2. No fantasy/sci-fi elements or epic world-building present in this realistic character study.
3. Absence of comedy or humor that typically balances serious content in user's preferences.

【Short-term Misalignment】
1. Missing the comedic tone seen in recent watches like ""Dodgeball"" and ""Blazing Saddles.""
2. Lacks action and excitement present in recent titles like ""Rush Hour 2"" and ""Back to School.""
3. The heavy emotional focus contrasts with lighter entertainment recently consumed.

【Preference Dynamics】
1. Shows user's stable avoidance of purely dramatic content without action/humor elements.
2. Indicates limited interest in exploring intense psychological dramas despite openness to new genres."
109,249,1,"[ANS] yes
[REASON]
【Long-term Alignment】
1. Dark, moody color palette and realistic artistic expression match visual preferences.
2. Drama genre with intense emotional focus aligns with long-term interests.
3. Central distressed character suggests complex character study and emotional depth.

【Short-term Alignment】
1. Character-driven narrative focus matches recent interest in films like ""Phenomenon"".
2. Emotional intensity and relationship focus aligns with ""A Perfect World"" preference.
3. Historical mystery element connects to recent suspense interests like ""Dead Man Walking"".

【Preference Dynamics】
1. Expands drama interest into historical biopic genre while maintaining core preferences.
2. Combines character study with mystery elements, blending multiple short-term interests."
109,137517,0,"[ANS] no
[REASON]
【Long-term Misalignment】
1. Vibrant carnival aesthetic contradicts user's preference for dark, moody color palettes.
2. Animated characters lack the complex human psychology found in preferred drama/thriller genres.
3. Carnival setting offers no realistic artistic expression or intense human relationship exploration.

【Short-term Misalignment】
1. Absence of character-driven narrative focus unlike recent interests in ""Phenomenon"" and ""Backbeat"".
2. No mystery/suspense elements present compared to ""Dead Man Walking"" and ""Time to Kill, A"".
3. Lacks meaningful relationship exploration central to recent preferences like ""A Perfect World"".

【Preference Dynamics】
1. Non-click demonstrates user's stable avoidance of non-serious, fantastical content.
2. Shows consistent disinterest in content lacking emotional depth or complex human themes."
276,466,1,"[ANS] yes
[REASON]
【Long-term Alignment】
1. Parody comedy aligns with user's established appreciation for comedy genres.
2. Action-oriented presentation matches user's interest in action-comedy blend.
3. Film spoofs classic action movies, connecting to user's sci-fi/fantasy foundation.

【Short-term Alignment】
1. 1993 release date provides nostalgic value matching recent interest in older films.
2. Action-adventure parody format fits emerging interest in action-oriented content.
3. Military comedy theme represents genre exploration similar to recent drama viewing.

【Preference Dynamics】
1. Click demonstrates willingness to explore comedy subgenres beyond previous preferences.
2. Selection shows integration of action elements into comedy viewing habits."
276,117545,0,"[ANS] no
[REASON]
【Long-term Misalignment】
- The cartoonish animation style differs from user's preference for classic sci-fi aesthetics.
- Content lacks the science fiction or fantasy depth seen in Star Wars/Star Trek.
- Whimsical adventure tone doesn't match user's preferred comedy-action balance.

【Short-term Misalignment】
- Animated game content doesn't align with user's current interest in live-action films.
- Lacks nostalgic value present in user's recent action-adventure preferences.
- Absence of historical or dramatic elements seen in Apollo 13 and Forrest Gump.

【Preference Dynamics】
- Non-click shows user maintains genre boundaries despite openness to diversity.
- Reflects consistent preference for film content over animated/game media."
610,3917,1,"[ANS] yes
[REASON]
【Long-term Alignment】
1. Directly matches the user's new long-term interest in horror and thriller genres like ""Hellraiser"".
2. Features dark, gritty themes and intense scenarios consistent with user's core preferences.
3. Horror genre alignment with established interests in ""Night of the Living Dead"" and ""Hellraiser"".

【Short-term Alignment】
1. Fits recent temporary horror movie interest shown in ""Creepshow"" and ""Phantasm"".
2. Aligns with growing interest in cult classics evident in recent viewing patterns.
3. Matches increased focus on dark, gritty themes from recent ""The Return of the Living Dead"" engagement.

【Preference Dynamics】
1. Demonstrates exploratory shift toward horror genre beyond traditional action/crime preferences.
2. Shows active exploration of cult classic horror films as part of evolving taste profile."
610,169180,0,"[ANS] no
[REASON]
【Long-term Misalignment】
1. Lacks action, martial arts, or crime thriller elements present in user's core interests.
2. Absence of dark/gritty themes and complex characters central to user's preferences.
3. No horror or thriller genre elements matching ""Night of the Living Dead"" interest.

【Short-term Misalignment】
1. Does not align with current 1990s-2000s action/crime film focus.
2. Missing dark atmospheric settings seen in recent ""From Dusk Till Dawn"" interest.
3. No cult classic elements like those in ""Labyrinth"" temporary fascination.

【Preference Dynamics】
1. Reflects user's exploratory phase avoiding non-genre specific content.
2. Shows limited interest in non-horror/thriller dramatic storytelling."
490,7361,1,"[ANS] yes
[REASON]
【Long-term Alignment】
1. Directed by Michel Gondry, a European director known for distinctive visual style.
2. Features complex narrative structure exploring human emotions and relationships.
3. Strong visual aesthetic with striking color contrasts and imaginative imagery.

【Short-term Alignment】
1. Central focus on romantic relationship dynamics and human connection.
2. Employs non-linear storytelling and experimental memory-erasure technique.
3. Explores themes of identity, memory, and existential questions about love.

【Preference Dynamics】
1. Represents shift toward American films while maintaining European sensibility.
2. Combines mainstream accessibility with experimental narrative structure."
490,158972,0,"[ANS] no
[REASON]
【Long-term Misalignment】
1. Film lacks vibrant color palette and striking visual aesthetic user prefers.
2. German comedy-drama differs from user's preferred European auteurs like Kieslowski and Fellini.
3. Cover's simple typography contrasts with user's preference for bold, artistic text treatments.

【Short-term Misalignment】
1. Comedy-focused narrative doesn't align with current interest in romance and relationships.
2. Straightforward storytelling structure lacks experimental techniques user currently seeks.
3. Cover's ambiguous imagery doesn't clearly signal identity or existential themes.

【Preference Dynamics】
1. Non-click reflects user's selective exploration of foreign cinema within specific directorial preferences.
2. Indicates user maintains boundaries despite interest in novelty, avoiding conventional comedy-dramas."
446,497,1,"[ANS] yes
[REASON]
【Long-term Alignment】
1. Shakespeare adaptation explores complex moral questions about love, honor and deception.
2. Character-driven narrative focuses on emotional depth and relationship development.
3. Blends drama, comedy and romantic elements matching genre preferences.

【Short-term Alignment】
1. 1993 release date directly matches recent interest in 1990s films.
2. Romantic comedy-drama format aligns with growing interest in relationship-focused stories.
3. Period piece with strong storytelling fits current genre exploration trends.

【Preference Dynamics】
1. Clicking a Shakespeare adaptation shows continued novelty seeking within classic literature.
2. Selecting romantic comedy indicates ongoing shift toward emotionally resonant character stories."
446,6981,0,"[ANS] no
[REASON]
【Long-term Misalignment】
1. The 1955 release date predates user's interest in 1990s films significantly.
2. Religious contemplative themes differ from user's preference for moral complexity through storytelling.
3. Minimalist visual style contrasts with user's interest in dramatic and action elements.

【Short-term Misalignment】
1. Black-and-white vintage aesthetic conflicts with recent interest in 1990s contemporary films.
2. Solemn religious theme lacks romantic comedy or relationship-focused elements user currently explores.
3. No genre blending apparent, unlike user's recent preference for drama-comedy-romance mixes.

【Preference Dynamics】
1. Non-click reflects user's stable preference for emotionally resonant stories over purely philosophical ones.
2. Shows limited novelty seeking when content lacks character-driven narratives and personal connections."
438,40815,1,"[ANS] yes
[REASON]
【Long-term Alignment】
1. Fantasy adventure film with strong dramatic tournament plot and suspenseful mystery elements.
2. Features memorable young wizard characters in an engaging magical school setting.
3. Combines fantasy, action, and adventure elements within historical castle environment.

【Short-term Alignment】
1. Dark, dramatic movie poster with ominous sky creates immediate visual suspense appeal.
2. Showcases fantasy visual effects through magical elements and wand combat scenes.
3. Features young superhero-like characters with special abilities in action sequences.

【Preference Dynamics】
1. Expands from traditional action films to fantasy adventure with similar dramatic tension.
2. Explores younger protagonist demographic while maintaining preferred suspense elements."
438,77266,0,"[ANS] no  
[REASON]  
【Long-term Misalignment】  
- No action, adventure, or fantasy elements visible; cover suggests a serious drama without suspense or sci-fi.  
- Lacks futuristic or historical settings; realistic modern tone does not match preferred genres.  
- Absence of engaging plot cues or memorable character archetypes typical of action/fantasy films.  

【Short-term Misalignment】  
- Cover lacks dramatic, superhero, or sci-fi visuals; muted realism contrasts with preferred vivid posters.  
- No indication of visual effects, action sequences, or cinematography emphasizing adventure or fantasy.  

【Preference Dynamics】  
- Non-click reflects stable disinterest in non-action, non-sci-fi genres like realistic drama.  
- Shows user's exploration remains focused on visually dynamic genres, not serious character studies."
470,14,1,"[ANS] yes
[REASON]
【Long-term Alignment】
1. Historical drama genre matches user's stable interest in historical films.
2. Biographical political content aligns with user's appreciation for serious historical narratives.

【Short-term Alignment】
1. Directly matches user's recent viewing of ""Nixon"" from their dramatic films exploration.
2. Intense dramatic style fits user's current interest in serious, dramatic content.

【Preference Dynamics】
1. Click demonstrates user's active exploration of dramatic political films.
2. Shows user expanding from traditional historical dramas to biographical political dramas."
470,33124,0,"[ANS] no
[REASON]
【Long-term Misalignment】
1. Lacks action/adventure elements present in ""Twister"" and ""Executive Decision"".
2. Missing sci-fi/fantasy components seen in ""Toy Story"" and ""Willy Wonka"".
3. Not a historical drama like ""Schindler's List"" despite historical setting.

【Short-term Misalignment】
1. Absent romantic elements present in recent watches ""Pretty Woman"" and ""Sleepless in Seattle"".
2. Lacks the dramatic but accessible tone of ""Ghost"" and ""The Remains of the Day"".
3. Does not offer light-hearted balance seen in user's current preference mix.

【Preference Dynamics】
1. User prefers exploring dramatic content within familiar genres rather than historical war themes.
2. Shows limited interest in purely serious historical narratives without emotional/romantic elements."
484,5786,1,"[ANS] yes
[REASON]
【Long-term Alignment】
1. Dark, moody color palette with bold yellow typography matches visual preference for striking, atmospheric covers.
2. Intense character expressions and gun suggest thriller genre with suspenseful, complex storytelling.
3. Serious male characters facing viewer indicate potential for thought-provoking character development and relationships.

【Short-term Alignment】
1. 2002 release date falls within user's preferred nostalgic early 2000s timeframe.
2. Gun and serious expressions suggest mix of drama and suspense with character intensity.
3. Three men in focus indicates potential relationship dynamics and character-driven narrative.

【Preference Dynamics】
1. Click demonstrates continued engagement with early 2000s retro content.
2. Selection shows slight shift toward grittier, crime-oriented narratives within preferred era."
484,5912,0,"[ANS] no
[REASON]
【Long-term Misalignment】
1. Genre is comedy-crime rather than drama/thriller with suspenseful storytelling.
2. Cover uses bright red/orange colors instead of preferred dark, muted palette.
3. Absent coming-of-age themes focusing on relationships and self-discovery.

【Short-term Misalignment】
1. Set in 1930s Poland rather than preferred 1990s/2000s retro settings.
2. Lacks nostalgic focus on family dynamics and personal growth themes.

【Preference Dynamics】
1. Consistent avoidance of content outside specific nostalgic era preferences.
2. Stable rejection of non-drama genres despite slight interest shifts."
403,58998,1,"[ANS] yes
[REASON]
【Long-term Alignment】
1. Features complex character relationships and moral themes about infidelity and personal growth.
2. Contains bold graphic design with vibrant red title text matching user's aesthetic preference.
3. Includes dramatic storyline elements about relationship breakdown and emotional recovery.

【Short-term Alignment】
1. Explores psychological themes of memory and heartbreak similar to Eternal Sunshine of the Spotless Mind.
2. Blends comedy-drama elements aligning with user's recent interest in Office Space.
3. Features intense emotional storyline about personal transformation and recovery.

【Preference Dynamics】
1. Shows user exploring romantic comedy-drama genre despite crime/action dominated history.
2. Indicates willingness to try character-driven stories with emotional depth over plot-driven narratives."
403,91386,0,"[ANS] no  
[REASON]  
【Long-term Misalignment】  
- The video is a family-friendly animated musical, not a crime drama or thriller.  
- It lacks complex characters or moral themes typical of the user's preferred films.  
- Bold, graphic aesthetics are replaced by playful, cartoonish visuals.  

【Short-term Misalignment】  
- It does not align with the user's recent focus on psychological dramas or intense storylines.  
- The lighthearted tone contrasts with the user's current interest in dramatic or satirical films.  

【Preference Dynamics】  
- The non-click reflects the user's stable disinterest in children's or musical content.  
- It shows the user's exploration remains within mature, character-driven genres."
269,1367,1,"[ANS] yes
[REASON]
【Long-term Alignment】
- Film released in 1996 aligns with user's strong interest in 1990s movies
- Live-action adventure comedy matches user's preferred genre mix
- Vibrant cover with bold text and dramatic moon imagery appeals visually

【Short-term Alignment】
- 1996 release year directly matches user's current focus on films from this year
- Complex villain character (Cruella de Vil) fits interest in dramatic themes
- Bold red/black/blue color scheme aligns with recent visual preference

【Preference Dynamics】
- Click demonstrates continued novelty-seeking within 1996 film exploration
- Family adventure format shows diversification beyond recent dramatic themes"
269,27373,0,"[ANS] no
[REASON]
【Long-term Misalignment】
1. Content is about baseball sports drama, not movies/films which user consistently prefers.
2. Released in 2001, not within user's preferred 1990s film era.
3. Sports theme differs from user's preferred drama/comedy/action/adventure genres.

【Short-term Misalignment】
1. Not a 1996 film, contradicting user's current focus on that specific year.
2. Baseball subject matter lacks the complex characters and dramatic plots user recently watched.
3. Sports imagery doesn't match user's recent preference for intense/suspenseful themes.

【Preference Dynamics】
1. Non-click shows user's stable preference for fictional films over sports content.
2. Demonstrates user's specific focus on 1990s cinema rather than exploring other decades."
260,2859,1,"[ANS] yes
[REASON]
【Long-term Alignment】
- Features unique visual style through concert cinematography and theatrical staging.
- Explores atmospheric performance setting with dramatic lighting contrasts.
- Represents foreign artistic expression through Talking Heads' innovative approach.

【Short-term Alignment】
- Directly matches 1980s film era preference (released 1984).
- Contains suspenseful elements through building musical tension and performance energy.
- Offers action through dynamic stage movement and physical performance.

【Preference Dynamics】
- Expands psychological interest into live performance psychology and artistic expression.
- Explores documentary format while maintaining character-driven narrative through David Byrne."
260,6811,0,"[ANS] no  
[REASON]  
【Long-term Misalignment】  
1. Film lacks complex character-driven storytelling, focusing on crude humor instead.  
2. Visual style is simplistic, not atmospheric or uniquely stylized like preferred films.  
3. No elements of drama, romance, or foreign cinematic influence present.  

【Short-term Misalignment】  
1. Absence of suspense or action, contrasting recent interest in thrillers like ""Kill Bill.""  
2. Not from the 1980s/1990s era of focused interest (e.g., ""Heathers,"" ""Rushmore"").  

【Preference Dynamics】  
1. Non-click reflects stable avoidance of non-character-driven, low-substance comedies.  
2. Indicates sustained disinterest in genres outside drama, suspense, or atmospheric films."
482,8985,1,"[ANS] yes
[REASON]
【Long-term Alignment】
1. Features superhero elements aligning with recent emphasis on superhero movies.
2. Contains action/fantasy genre elements consistent with long-term interests.
3. Dark, futuristic aesthetic matches science fiction and fantasy preferences.

【Short-term Alignment】
1. Complex character dynamics align with new interest in character development.
2. Team-based narrative structure reflects emerging preference for complex plots.
3. Dark, serious tone matches evolving preference for plot-driven content.

【Preference Dynamics】
1. Represents exploration within established genres toward more complex narratives.
2. Shows blending of long-term superhero interest with newer plot-driven preferences."
482,389,0,"[ANS] no
[REASON]
【Long-term Misalignment】
1. Lacks action, adventure, or fantasy elements central to user's core interests.
2. Missing science fiction/futuristic themes and superhero content user consistently prefers.
3. Does not offer light-hearted romantic comedy entertainment user occasionally enjoys.

【Short-term Misalignment】
1. Absent of spy thriller/espionage elements and complex plots user recently seeks.
2. Not a historical drama or period piece, despite user's new interest in these genres.

【Preference Dynamics】
1. Shows user maintains genre boundaries despite exploratory pattern in preferences.
2. Indicates user's exploration focuses on specific new genres rather than broad expansion."
70,1250,1,"[ANS] yes
[REASON]
【Long-term Alignment】
1. Classic 1957 film aligns with user's strong interest in nostalgic cinema.
2. Complex character development of Colonel Nicholson matches preference for deep character studies.
3. Human drama in prisoner-of-war setting reflects interest in relationship-driven narratives.

【Short-term Alignment】
1. War film genre represents controlled exploration beyond user's typical documentary/drama focus.
2. Strong narrative about moral dilemmas matches current interest in films with social commentary.

【Preference Dynamics】
1. Clicking a war film shows controlled genre expansion while maintaining character-driven focus.
2. Selection demonstrates stable preference application to new thematic territory (military/war context)."
70,60937,0,"[ANS] no
[REASON]
【Long-term Misalignment】
1. Action-adventure genre lacks character-driven narratives and emotional depth.
2. Focus on adventure spectacle contrasts with preference for human drama.
3. Modern blockbuster style differs from classic 1970s-1980s film nostalgia.

【Short-term Misalignment】
1. Fantasy-action premise diverges from documentary/social commentary interests.
2. Weapon-focused imagery contrasts with relationship-driven storytelling preferences.
3. Supernatural adventure lacks realistic human drama exploration.

【Preference Dynamics】
1. Demonstrates selective exploration, avoiding genres outside controlled parameters.
2. Confirms stable preference boundaries excluding action-spectacle films."
299,2716,1,"[ANS] yes
[REASON]
【Long-term Alignment】
1. Features supernatural threat and ghost-hunting action matching the user's interest in danger and suspense.
2. Dark background with bold color contrast aligns with the user's preference for intense visuals.
3. Combines supernatural elements with adventure, fitting the user's affinity for intrigue-driven narratives.

【Short-term Alignment】
1. Supernatural horror-comedy theme directly matches the user's recent exploration of horror films.
2. Blends sci-fi/fantasy elements with action, aligning with the user's current sci-fi interest.
3. Contains comedic action sequences that complement the user's enjoyment of fast-paced entertainment.

【Preference Dynamics】
1. Represents genre exploration by combining horror with comedy, showing willingness to try new thematic blends.
2. Maintains core action-adventure elements while introducing lighter tones, indicating evolving taste within preferred frameworks."
299,4023,0,"[ANS] no
[REASON]
【Long-term Misalignment】
1. The movie cover shows a family Christmas scene, lacking action-adventure or thriller elements.
2. Warm festive visuals contrast with user's preference for dark, intense atmospheres.
3. Domestic setting provides no sense of danger, suspense, or intrigue present in preferred films.

【Short-term Misalignment】
1. No sci-fi/fantasy elements visible, unlike recent interests in X-Men and Pitch Black.
2. Family drama theme lacks the action sequences and fast pace of Shanghai Noon.
3. Absence of horror/supernatural elements contrasts with recent viewing of The Shining.

【Preference Dynamics】
1. Non-click confirms user's stable preference for excitement over domestic themes.
2. Shows limited interest in exploring genres outside action/suspense despite recent sci-fi exploration."
412,2628,1,"[ANS] yes
[REASON]
【Long-term Alignment】
1. 1999 release date aligns with user's interest in 1990s American cinema.
2. Classic sci-fi film poster aesthetic matches user's preference for vintage movie visuals.
3. Features iconic character relationships and dramatic conflicts fitting romantic drama interests.

【Short-term Alignment】
1. Visually striking alien worlds and special effects match interest in memorable imagery.
2. Contains lighthearted elements like Jar Jar Binks appealing to current humor preference.
3. Features human connections between Qui-Gon, Obi-Wan and Anakin aligning with relationship focus.

【Preference Dynamics】
1. Represents genre exploration beyond typical romantic comedies while maintaining visual appeal.
2. Shows willingness to engage with iconic blockbuster films despite primarily favoring dramas."
412,160422,0,"[ANS] no
[REASON]
【Long-term Misalignment】
1. The film is a 1950 war drama, not aligning with their interest in 1990s/1970s American cinema.
2. The serious war theme contrasts with their preference for romantic comedies and dramas about relationships.
3. The black-and-white prison camp aesthetic lacks the classic movie poster nostalgia they favor.

【Short-term Misalignment】
1. The grim war setting does not match their current interest in lighthearted, humorous films.
2. The imagery focuses on confinement and conflict, not visually striking films about human connections.

【Preference Dynamics】
1. The non-click reflects their stable disinterest in war genres outside their core preferences.
2. It shows their current shift toward carefree entertainment rejects serious historical themes."
282,39183,1,"[ANS] yes
[REASON]
【Long-term Alignment】
1. Classic film with strong dramatic narrative and aesthetic cinematography.
2. Features complex character development and emotional depth.
3. Realistic outdoor setting provides adventure and natural aesthetic appeal.

【Short-term Alignment】
1. Urban-to-rural exploration aligns with temporary interest in varied settings.
2. Serious tone and realistic storyline match current thriller/suspense focus.

【Preference Dynamics】
1. Represents genre exploration beyond typical action/sci-fi preferences.
2. Shows willingness to engage with character-driven dramatic narratives."
282,148888,0,"[ANS] no
[REASON]
【Long-term Misalignment】
1. The comedy genre lacks the action-packed intensity and suspense the user consistently prefers.
2. Absence of complex world-building and character development found in user's sci-fi/fantasy interests.
3. Visual style focuses on fashion comedy rather than classic film aesthetic appeal.

【Short-term Misalignment】
1. Comedy premise contrasts with user's current exploration of realistic thriller/suspense storylines.
2. Fashion industry setting doesn't align with temporary interest in urban-themed narratives.

【Preference Dynamics】
1. Non-click demonstrates user's stable avoidance of comedy genres despite exploring new themes.
2. Reinforces consistent preference for serious narratives over lighthearted content."
212,188751,1,"[ANS] yes
[REASON]
【Long-term Alignment】
1. The vibrant visual style aligns with the user's established interest in stylized and cartoonish film aesthetics.
2. The adventurous island setting matches the user's consistent preference for adventure-themed narratives.

【Short-term Alignment】
1. The colorful, exaggerated poster design directly fits the user's recent focus on stylized visual elements.
2. The ensemble cast and celebratory tone align with the user's current comedy film preferences.

【Preference Dynamics】
1. This click shows the user exploring beyond their typical sci-fi/fantasy genres into musical comedy.
2. The selection demonstrates their active pursuit of visual variety despite the genre deviation."
212,90528,0,"[ANS] no
[REASON]
【Long-term Misalignment】
1. Lacks science fiction/fantasy elements present in user's core interests.
2. Missing adventure/action components seen in user's preferred films.
3. No Japanese animation or cultural elements that user consistently enjoys.

【Short-term Misalignment】
1. Absence of comedy/parody elements currently engaging the user.
2. No stylized or cartoonish visuals present in recent preferences.
3. Missing action-adventure focus from user's current viewing patterns.

【Preference Dynamics】
1. Demonstrates user's selective novelty-seeking within established genres.
2. Shows user maintains genre boundaries despite interest in variety."
239,8529,1,"[ANS] yes
[REASON]
【Long-term Alignment】
1. Science fiction elements in the premise of a man indefinitely living in an airport terminal.
2. Dramatic storytelling about human resilience in extraordinary circumstances.
3. Intense character study of someone trapped between legal systems and nations.

【Short-term Alignment】
1. Recent interest in ""The Terminal"" specifically appears in the user's preference evidence.
2. Combines dramatic storytelling with unique situational suspense elements.
3. Features intense personal drama similar to ""Phenomenon"" and ""The Devil's Advocate"".

【Preference Dynamics】
1. Shows continued exploration within dramatic genres beyond pure action/sci-fi.
2. Maintains core preference for intense stories while trying different narrative approaches."
239,3158,0,"[ANS] no
[REASON]
【Long-term Misalignment】
1. Historical setting contrasts with user's preference for modern/futuristic action and fantasy genres.
2. Lacks science fiction elements present in user's core interests like ""The Day After Tomorrow"".
3. Period drama differs from contemporary dramatic storytelling seen in ""The Devil's Advocate"".

【Short-term Misalignment】
1. Ancient Chinese setting doesn't match recent interests in modern suspense like ""Ocean's Twelve"".
2. No evidence of science fiction themes present in user's current viewing patterns.
3. Historical warfare differs from contemporary intense storytelling in recent preferences.

【Preference Dynamics】
1. Non-click demonstrates user's stable preference for modern/futuristic settings over historical periods.
2. Shows consistent disinterest in non-Western cultural contexts despite genre similarities."
363,122918,1,"[ANS] yes
[REASON]
【Long-term Alignment】
1. Features 80s nostalgia through classic soundtrack and retro pop culture references.
2. Blends action, adventure and dramatic character development throughout the narrative.
3. Presents iconic, memorable characters with distinct visual designs and personalities.

【Short-term Alignment】
1. Strong nostalgic elements including 80s music and retro aesthetic choices.
2. Balances humor with emotional character arcs and heartfelt moments.
3. Complex character relationships and personal growth storylines.

【Preference Dynamics】
1. Explores modern blockbuster filmmaking while maintaining classic storytelling elements.
2. Combines established Marvel formula with unique comedic and dramatic tones."
363,4018,0,"[ANS] no
[REASON]
【Long-term Misalignment】
1. Film from 2000 falls outside user's preferred 80s-90s classic film era.
2. Romantic comedy genre lacks action/adventure elements user consistently enjoys.
3. Cover shows contemporary characters rather than iconic 80s-90s imagery.

【Short-term Misalignment】
1. Light romantic premise doesn't match user's recent interest in complex storylines.
2. Cover suggests straightforward romance rather than nostalgic/retro themes.
3. Appears to lack the humor-heart balance user has been seeking.

【Preference Dynamics】
1. Non-click demonstrates user's stable preference for older classic films.
2. Shows limited interest in exploring early 2000s romantic comedies specifically."
150,805,1,"[ANS] yes
[REASON]
【Long-term Alignment】
1. Film features intense courtroom drama aligning with psychological drama interest.
2. Complex racial justice themes match preference for thought-provoking narratives.
3. Serious character expressions suggest dramatic depth consistent with long-term tastes.

【Short-term Alignment】
1. Dark moody atmosphere directly matches recent interest in intense films.
2. Legal thriller elements complement current action-adventure focus through tense confrontations.
3. Serious tone aligns with recent preference for dramatic intensity.

【Preference Dynamics】
1. Click demonstrates genre exploration while maintaining core dramatic interests.
2. Selection balances established drama preference with newer interest in tense narratives."
150,4537,0,"[ANS] no
[REASON]
【Long-term Misalignment】
1. Missing science fiction/action elements present in user's core interests.
2. No psychological drama complexity seen in preferred films.
3. Lacks thought-provoking themes characteristic of user's favorite movies.

【Short-term Misalignment】
1. Not an action-adventure film like recent watches.
2. Absent dramatic intensity found in current preferences.
3. Different from recent genre exploration patterns.

【Preference Dynamics】
1. Demonstrates user's stable avoidance of non-action/drama genres.
2. Shows limited interest in character-driven dramas without thriller elements."
125,167746,1,"[ANS] yes
[REASON]
【Long-term Alignment】
1. Batman's complex moral character aligns with user's interest in psychological depth.
2. Film contains plot twists and suspense typical of user's preferred storytelling.
3. Animated format presents classic superhero themes through new creative lens.

【Short-term Alignment】
1. Action-packed superhero narrative matches recent sci-fi/action movie interests.
2. Combines dramatic themes with humor similar to ""Men in Black"" exploration.
3. Features complex character dynamics seen in recent ""Planet of the Apes"" viewing.

【Preference Dynamics】
1. Shows willingness to explore animated interpretations of familiar genres.
2. Indicates expansion from traditional live-action to innovative storytelling formats."
125,1213,0,"[ANS] no
[REASON]
【Long-term Misalignment】
1. Lacks the sci-fi or psychological drama elements central to user's core interests.
2. Missing the complex moral themes and plot twists present in preferred films.
3. Not a period drama despite user's growing interest in historical settings.

【Short-term Misalignment】
1. Absent the sci-fi/action elements seen in recent watches like Planet of the Apes.
2. Does not match recent dramatic intensity preferences like The Green Mile.
3. Lacks the character complexity focus evident in current exploration phase.

【Preference Dynamics】
1. Demonstrates user's stable avoidance of crime genre despite exploring new themes.
2. Shows consistent preference for specific genres over general cinematic quality."
437,1120,1,"[ANS] yes
[REASON]
【Long-term Alignment】
1. Film explores complex character development through Larry Flynt's controversial transformation.
2. Historical period setting examines 1970s-80s American social struggles and legal battles.
3. Contains dramatic courtroom sequences and emotional depth around free speech themes.

【Short-term Alignment】
1. Released in 1996, fitting the user's current interest in mid-80s to mid-90s films.
2. Blends legal drama with intense biographical storytelling and darker thematic elements.
3. Features strong character relationships and emotional connections throughout the narrative.

【Preference Dynamics】
1. Represents exploration of biographical drama, a new subgenre within their established interests.
2. Shows willingness to engage with controversial real-life stories beyond fictional narratives."
437,117466,0,"[ANS] no
[REASON]
【Long-term Misalignment】
1. Focuses on survival adventure rather than complex character development and emotional depth.
2. Lacks the music-related content recently added to their long-term interests.
3. Historical setting emphasizes action spectacle over human struggle exploration.

【Short-term Misalignment】
1. Release year (2015) falls outside their current 1980s-1990s film focus period.
2. Survival narrative lacks the romantic relationship dynamics they're currently exploring.
3. Action elements are physical survival-based rather than suspense-driven thriller style.

【Preference Dynamics】
1. Demonstrates their selective novelty-seeking, avoiding genres outside their core interests.
2. Confirms stable preference boundaries despite openness to new themes."
499,3727,1,"[ANS] yes
[REASON]
【Long-term Alignment】
- 1987 release fits user's interest in classic films from 1960s-1970s era
- Dark, intense visual tone aligns with preference for dramatic films
- Bloody imagery suggests complex themes matching user's dramatic film interests

【Short-term Alignment】
- 1987 release directly matches current exploration of 1980s films
- Cult classic status fits user's interest in iconic 1980s movies
- Horror-action blend represents emerging interest in genre exploration

【Preference Dynamics】
- Click shows movement toward cult classics beyond mainstream films
- Selection indicates expanding into horror genre from previous Westerns/action focus"
499,103245,0,"[ANS] no
[REASON]
【Long-term Misalignment】
1. Film is a 2005 comedy, not a classic Western or action film from 1960s-1970s.
2. Content lacks dramatic intensity and complex themes present in user's preferred films.
3. No music-related elements like concert footage or music videos that user consistently enjoys.

【Short-term Misalignment】
1. Movie is from 2005, not part of user's current exploration of 1980s films.
2. Absence of music-driven narrative or concert documentary elements user currently seeks.
3. Modern comedy style contrasts with user's focus on 1980s cult classics and iconic movies.

【Preference Dynamics】
1. Non-click demonstrates user's stable preference for quality classic films over modern comedies.
2. Shows user's exploration remains focused on specific eras rather than random new releases."
186,648,1,"[ANS] yes
[REASON]
【Long-term Alignment】
1. Action-adventure genre aligns with established Indiana Jones and classic movie interests.
2. Dark, dramatic visual style matches preference for suspenseful themes and striking visuals.
3. 1996 release falls within preferred classic movie era (1950s-1990s).

【Short-term Alignment】
1. Directly matches new James Bond interest in action-suspense franchises.
2. Fits current exploration of 1990s adventure movies like recent interests.
3. Suspense-driven plot aligns with temporary focus on intense themes.

【Preference Dynamics】
1. Demonstrates exploratory behavior by trying new action franchise beyond established favorites.
2. Shows willingness to bridge long-term classic movie interest with newer 1990s releases."
186,26429,0,"[ANS] no
[REASON]
【Long-term Misalignment】
1. The vampire comedy genre contrasts with the user's preference for action-adventure, drama, and serious fantasy/sci-fi.
2. The 1979 release date falls outside the user's preferred classic movie era (1950s-1990s with 80s/90s focus).
3. The comedic tone differs from the user's interest in dark, suspenseful themes and dramatic visual styles.

【Short-term Misalignment】
1. The comedy genre does not align with current interests in action, adventure, or suspense genres.
2. The vampire theme does not match recent exploration of futuristic sci-fi or classic adventure movies.
3. The film lacks the action elements present in the user's new James Bond and Indiana Jones interests.

【Preference Dynamics】
1. The non-click demonstrates the user's selective exploration, avoiding genres outside their core interests.
2. It shows the user maintains stable preferences despite willingness to explore new themes within preferred genres."
249,185029,1,"[ANS] yes
[REASON]
【Long-term Alignment】
1. Features intense survival thriller elements consistent with action-packed movie preferences.
2. Contains science fiction horror elements with futuristic post-apocalyptic setting.
3. Builds suspense through crime-like tension and family protection dynamics.

【Short-term Alignment】
1. Blends fantasy horror elements with the emerging adventure movie interest.
2. Offers psychological tension similar to recent thriller explorations.

【Preference Dynamics】
1. Expands crime genre interest into horror-thriller territory showing genre exploration.
2. Combines multiple established interests (sci-fi, thriller) with newer fantasy elements."
249,162,0,"[ANS] no
[REASON]
【Long-term Misalignment】
1. Documentary format differs from user's preference for narrative films like action, sci-fi, and crime genres.
2. Dark psychological themes contrast with user's established interest in comedies and light-hearted movies.
3. Artistic biography lacks the historical drama or western elements present in user's long-term interests.

【Short-term Misalignment】
1. Non-fantasy documentary conflicts with user's emerging interest in fantasy/adventure films like Harry Potter.
2. Real-life subject matter differs from the fictional worlds explored in user's recent fantasy titles.

【Preference Dynamics】
1. Non-click reflects user's stable preference for mainstream narrative films over artistic documentaries.
2. Consistent avoidance of non-fiction content shows limited interest in expanding beyond established entertainment genres."
603,4605,1,"[ANS] yes
[REASON]
【Long-term Alignment】
1. Film from 1989 aligns with user's appreciation for 1980s-1990s vibrant, dynamic covers.
2. The cover's artistic visual style and narrative suggestion matches interest in films with depth.
3. Title suggests themes of identity and human relationships in professional context.

【Short-term Alignment】
1. 1989 release date directly matches current focus on 1980s films.
2. Genre appears to blend drama/satire fitting thriller/suspense exploration phase.
3. Atmospheric cover with clear blue sky and expressive character creates storytelling appeal.

【Preference Dynamics】
1. Click shows exploration within 1980s focus while maintaining classic film appreciation.
2. Selection demonstrates willingness to try satirical take on dramatic themes."
603,1216,0,"[ANS] no  
[REASON]  
【Long-term Misalignment】  
1. Cover lacks vibrant, dynamic 1980s–1990s sci-fi/action/adventure aesthetics, focusing instead on serene oceanic imagery.  
2. Narrative emphasis on diving/dolphins diverges from preferred complex identity or relationship-driven suspense/drama.  
3. Realistic ocean scene does not align with artistic visual depth typical in classic films from 1970s–1980s.  

【Short-term Misalignment】  
1. 1988 film’s tranquil, non-suspenseful cover contrasts with current focus on atmospheric thriller/suspense visuals.  
2. Dolphin-centric theme lacks the dramatic, human-centric tension sought in short-term 1980s genre explorations.  

【Preference Dynamics】  
1. Non-click reflects stable adherence to suspense/drama over exploratory aquatic or nature-themed narratives.  
2. Reinforces temporary 1980s interest being genre-specific, not era-wide."
320,72998,1,"[ANS] yes
[REASON]
【Long-term Alignment】
1. Features intense action sequences and thriller elements throughout the narrative.
2. Explores human (and Na'vi) interaction and relationship dynamics extensively.
3. Contains dramatic, visually intense aesthetics with strong male and female leads.

【Short-term Alignment】
1. Delivers action-packed scenes and combat sequences similar to recent preferences.
2. Maintains focus on character relationships and emotional connections.
3. Presents dramatic cover art with striking visual intensity.

【Preference Dynamics】
1. Represents genre exploration into science fiction/fantasy while maintaining action core.
2. Shows openness to new visual styles while preserving dramatic intensity preference."
320,5212,0,"[ANS] no
[REASON]
【Long-term Misalignment】
1. Cover lacks the dark, intense aesthetic present in user's preferred films like ""Kiss of the Dragon.""
2. Visual style appears more classical than the modern action/thriller aesthetic user typically prefers.
3. Female combatant prominence contrasts with user's preference for strong male-led action narratives.

【Short-term Misalignment】
1. 1980s period setting diverges from user's recent engagement with contemporary action films.
2. Classical architecture and styling lack the gritty, modern intensity of recent watches.
3. Martial arts focus appears more traditional than the varied action styles in current preferences.

【Preference Dynamics】
1. User maintains preference for modern aesthetics over historical/period action settings.
2. Non-click shows user's exploration boundaries exclude older cinematic eras and styles."
350,748,1,"[ANS] yes
[REASON]
【Long-term Alignment】
1. Science fiction genre aligns with user's strong interest in sci-fi/fantasy.
2. 1990s release date matches user's appreciation for classic films.
3. Complex alien invasion plot fits user's preference for thought-provoking themes.

【Short-term Alignment】
1. 1996 release directly matches user's current focus on 1990s films.
2. Suspenseful sci-fi premise aligns with user's recent action/suspense interests.

【Preference Dynamics】
1. Click demonstrates user exploring different sci-fi subgenres within stable interests.
2. Shows continued engagement with 1990s films suggesting nostalgic preference pattern."
350,160527,0,"[ANS] no
[REASON]
【Long-term Misalignment】
1. Film is from 1971, outside user's preferred 1970s-1990s classic film range.
2. Crime/drama genre doesn't match user's strong sci-fi/fantasy preference.
3. Urban crime plot lacks complex, thought-provoking themes user typically enjoys.

【Short-term Misalignment】
1. 1971 release conflicts with user's current 1990s film focus.
2. Serious crime drama doesn't align with recent comedy exploration trend.
3. Missing action/suspense elements present in user's recent selections.

【Preference Dynamics】
1. Non-click shows user's stable preference for sci-fi over crime genres.
2. Demonstrates limited interest in exploring films outside 1970s-1990s range."
434,589,1,"[ANS] yes
[REASON]
【Long-term Alignment】
1. Features intense, dramatic action sequences matching the user's preference for suspenseful themes.
2. Explores human morality through man-machine conflict and survival themes.
3. Contains gritty, realistic portrayals of technological threats and urban warfare.

【Short-term Alignment】
1. Directly matches the user's emerging science fiction interest mentioned in short-term preferences.
2. Features dark, atmospheric settings and technological dystopia aligning with recent moody preferences.

【Preference Dynamics】
1. Demonstrates the user's exploration of new genres while maintaining thematic consistency.
2. Shows willingness to engage with science fiction while retaining dramatic intensity from established preferences."
434,83177,0,"[ANS] no
[REASON]
【Long-term Misalignment】
1. Lacks crime, thriller, or suspense elements present in user's core interests.
2. Absence of gritty realism and dramatic intensity characterizing preferred films.
3. Does not explore complex human condition or morality themes.

【Short-term Misalignment】
1. Completely lacks science fiction or fantasy elements from recent interests.
2. Bright, cheerful setting contrasts with preferred dark, atmospheric environments.

【Preference Dynamics】
1. Shows user's genre exploration remains selective within preferred thematic intensity.
2. Indicates new interests don't extend to family-friendly, lighthearted content."
454,904,1,"[ANS] yes
[REASON]
【Long-term Alignment】
1. Classic 1954 film aligns with user's appreciation for older cinema.
2. Psychological thriller elements match user's stable interest in suspense.
3. Dark themes of voyeurism and potential murder fit horror fascination.

【Short-term Alignment】
1. Complex mystery narrative directly matches current intrigue preference.
2. Unique visual perspective through window framing satisfies aesthetic interest.
3. Character-driven suspense aligns with recent complex narrative exploration.

【Preference Dynamics】
1. Click demonstrates continued exploration within established thriller genre.
2. Selection shows willingness to engage with foundational classic cinema."
454,81786,0,"[ANS] no
[REASON]
【Long-term Misalignment】
1. Lacks psychological thriller/suspense elements present in user's preferred films like Psycho and Chinatown.
2. Missing horror/dark themes characteristic of user's interests in Fright Night and The Wicker Man.
3. Contemporary 2010 release contrasts with user's preference for classic 1960s-1990s films.

【Short-term Misalignment】
1. Minimalist visual style differs from user's interest in unique aesthetics like Rushmore and Kill Bill.
2. Appears to lack complex narrative structures seen in Pulp Fiction and The Royal Tenenbaums.
3. No evident mystery/intrigue elements present in user's recent interests like Rear Window.

【Preference Dynamics】
1. Non-click demonstrates user's stable preference for genre-specific content over relationship dramas.
2. Shows limited interest in straightforward narrative films without psychological or dark elements."
598,54001,1,"[ANS] yes
[REASON]
【Long-term Alignment】
1. Features character-focused narrative aligning with user's preference for character-driven stories.
2. Dark, dramatic cover design matches user's appreciation for visually striking movie aesthetics.
3. Fantasy-mystery genre elements complement user's interest in complex plot structures.

【Short-term Alignment】
1. Continues user's recent engagement with Harry Potter series (Chamber of Secrets watched).
2. Released in 2007, fitting user's current interest in early 2000s films.
3. Maintains focus on character development seen in user's recent selections.

【Preference Dynamics】
1. Shows willingness to continue exploring fantasy genre alongside crime/action preferences.
2. Demonstrates consistent engagement with visually dynamic cover designs across genres."
598,277,0,"[ANS] no
[REASON]
【Long-term Misalignment】
1. Genre mismatch: User prefers crime/action films, not holiday family dramas.
2. Cover lacks realistic character designs and complex plot indicators.
3. Absence of mystery/suspense elements prominent in user's preferred movies.

【Short-term Misalignment】
1. Movie from 1994 breaks user's recent focus on early 2000s films.
2. Cover's festive theme contrasts with user's preference for dynamic, striking designs.
3. Simple holiday narrative differs from complex character development interests.

【Preference Dynamics】
1. Non-click confirms user's stable preference for crime/action over family genres.
2. Shows limited interest in exploring outside established movie preferences."
583,133419,1,"[ANS] yes
[REASON]
【Long-term Alignment】
1. Romantic comedy genre matches user's strong affinity for light-hearted films.
2. Musical ensemble format provides family-friendly entertainment similar to Disney content.
3. Modern classic status (2015) aligns with user's enjoyment of nostalgic films.

【Short-term Alignment】
1. Continues user's current exploration of romantic comedies after recent watches.
2. Ensemble cast with distinct characters supports interest in character development.
3. Sequel format offers familiar yet fresh content within preferred genre.

【Preference Dynamics】
1. Shows willingness to explore contemporary films while maintaining core genre preferences.
2. Expands from traditional romantic comedies to musical comedy hybrid format."
583,4811,0,"[ANS] no
[REASON]
【Long-term Misalignment】
1. Quadrophenia is a gritty British drama about youth subculture, not a romantic comedy or light-hearted film.
2. The film lacks family-friendly Disney elements present in user's preferred content.
3. While from 1979, it represents rebellious youth culture rather than nostalgic classics like Forrest Gump.

【Short-term Misalignment】
1. The motorcycle gang theme contrasts with user's current romantic comedy focus like 10 Things I Hate About You.
2. Aggressive visual style differs from character-driven stories like Billy Madison they've recently watched.
3. No romantic or comedic elements visible, missing key aspects of their current exploration.

【Preference Dynamics】
1. Non-click demonstrates user's stable preference for familiar, comforting genres over experimental content.
2. Shows consistent avoidance of gritty, rebellious themes in favor of light-hearted narratives."
465,3448,1,"[ANS] yes
[REASON]
【Long-term Alignment】
1. Set in 1965 Vietnam war period, matching historical/period drama interest.
2. Features Robin Williams' memorable radio host character as central focus.
3. 1987 release falls within user's preferred classic film era (1960s-1980s).

【Short-term Alignment】
1. War setting provides dark, moody atmosphere matching emerging interest.
2. Film bridges classic era with 1990s exploration through late-80s release.

【Preference Dynamics】
1. Click shows expansion from pure action to war drama with comedic elements.
2. Demonstrates willingness to explore historical settings beyond traditional action genres."
465,103810,0,"[ANS] no
[REASON]
【Long-term Misalignment】
1. Released in 2013, far outside user's preferred 1960s-1988 classic film era.
2. Modern comedic action tone contrasts with user's preference for serious war dramas and historical settings.
3. Ensemble cast focus differs from user's strong preference for character-driven narratives.

【Short-term Misalignment】
1. Bright red color palette and group posing contradict user's emerging interest in dark, moody atmospheres.
2. Modern 2013 release doesn't align with user's current exploration of 1990s action movies.

【Preference Dynamics】
1. Non-click demonstrates user's stable commitment to classic era films over contemporary releases.
2. Shows user's emerging dark atmosphere preference outweighs general action movie appeal."
602,494,1,"[ANS] yes
[REASON]
【Long-term Alignment】
1. Action-packed airplane hijacking scenario with intense crisis management and suspenseful narrative.
2. Complex character dynamics between the two serious male protagonists facing catastrophic events.
3. Dark, gritty tone with distressed aircraft and fiery sky suggesting high-stakes thriller elements.

【Short-term Alignment】
1. Film released in 1996 aligns perfectly with user's current 1990s decade exploration interest.
2. Maintains core action-thriller genre while fitting temporal exploration preference.

【Preference Dynamics】
1. User maintains primary action-thriller preference while exploring specific temporal context.
2. Click demonstrates stable genre preference with chronological exploration rather than genre switching."
602,116529,0,"[ANS] no
[REASON]
【Long-term Misalignment】
1. The war film genre differs from user's preferred crime, thriller, and sci-fi categories.
2. Historical military setting lacks the complex character-driven narratives user consistently prefers.
3. Battlefield focus doesn't align with user's interest in blended action-drama-suspense storytelling.

【Short-term Misalignment】
1. War drama doesn't match user's current exploration of comedy and horror genres.
2. 2013 release date falls outside user's current interest in 1990s decade films.

【Preference Dynamics】
1. Non-click reflects user's stable preference for action-crime-thriller over historical war content.
2. Shows user's genre exploration remains limited to comedy/horror rather than war dramas."
115,1923,1,"[ANS] yes
[REASON]
【Long-term Alignment】
1. Aligns with user's established comedy preference through films like ""Naked Gun 33 1/3: The Final Insult"".
2. Matches user's consistent interest in dramatic relationship dynamics seen in previous watches.
3. Complements suspenseful storytelling elements present in films like ""Fright Night"" and ""The Silence of the Lambs"".

【Short-term Alignment】
1. Directly matches recent comedy-drama genre interest shown in ""Me, Myself & Irene"" (2000).
2. Fits current focus on contemporary settings after watching recent releases like ""Shanghai Noon"".
3. Continues pattern of watching character-driven comedies from the late 1990s-2000s period.

【Preference Dynamics】
1. Shows exploration of romantic comedy elements within preferred comedy-drama framework.
2. Indicates willingness to try modern settings while maintaining focus on strong character dynamics."
115,3576,0,"[ANS] no  
[REASON]  
【Long-term Misalignment】  
1. The cover's sci-fi/thriller tone differs from the user's classic Western and action-adventure staples like ""High Plains Drifter"" or ""Jaws.""  
2. It lacks the clear suspense or drama seen in favorites such as ""The Silence of the Lambs,"" focusing instead on a supernatural split-personality theme.  

【Short-term Misalignment】  
1. No Western or comedy-drama elements, contrasting with recent watches like ""Shanghai Noon"" or ""Me, Myself & Irene.""  
2. Absence of historical or action-driven plots, unlike ""Gladiator"" or ""The Patriot,"" which the user recently engaged with.  

【Preference Dynamics】  
1. The non-click reflects the user's stable avoidance of genres outside their core interests, such as sci-fi or supernatural thrillers.  
2. It shows their consistent focus on familiar themes, not exploring new or unrelated cinematic styles."
204,91658,1,"[ANS] yes
[REASON]
【Long-term Alignment】
1. Features dark, gritty themes involving murder and sexual violence consistent with British crime dramas.
2. Visually striking split-screen cover creates dramatic, intense composition.
3. Complex narrative structure with layered mystery investigation.

【Short-term Alignment】
1. Psychological thriller elements exploring trauma and revenge psychology.
2. Atmospheric Swedish winter setting creates moody, bleak environment.
3. Blends thriller and drama genres similar to recent exploration patterns.

【Preference Dynamics】
1. Expands dark theme interest from British to Scandinavian crime genre.
2. Maintains core preferences while exploring international psychological thrillers."
204,3884,0,"[ANS] no
[REASON]
【Long-term Misalignment】
1. The comedic tone suggested by the flamingo contrasts with user's preference for dark, gritty themes.
2. Character-focused promotional style lacks the visual complexity of layered storytelling.
3. Bright, stylized flamingo imagery diverges from user's preference for visually striking but darker aesthetics.

【Short-term Misalignment】
1. The cover suggests light comedy rather than psychological thriller elements user recently explored.
2. Bright, comedic imagery lacks the atmospheric, moody settings user currently appreciates.
3. No indication of the dramatic depth found in user's recent genre explorations.

【Preference Dynamics】
1. Non-click demonstrates user's stable preference for dark themes over light comedy.
2. Shows user's selective exploration, avoiding content that diverges too far from core interests."
142,440,1,"[ANS] yes
[REASON]
【Long-term Alignment】
1. Film features dramatic political storyline with character development of an ordinary man impersonating the president.
2. Realistic White House setting and emotional depth in exploring identity and responsibility themes.
3. Creates tension through suspenseful premise of maintaining deception in high-stakes environment.

【Short-term Alignment】
1. 1993 release date directly matches current nostalgic interest in 1990s era.
2. Vibrant color palette with striking red backpack against white/blue background creates memorable visual style.
3. Complex plot involves unexpected twist of common citizen replacing the president.

【Preference Dynamics】
1. Explores political comedy-drama genre while maintaining core preference for character-driven stories.
2. Combines lighthearted premise with dramatic tension, showing mood-influenced genre exploration."
142,926,0,"[ANS] no
[REASON]
【Long-term Misalignment】
1. The film's 1950s setting lacks the realism and contemporary settings the user prefers.
2. The poster's smiling characters suggest lighter drama rather than intense emotional depth.
3. Formal attire and staged composition contradict the user's preference for realistic character portrayals.

【Short-term Misalignment】
1. The 1950s era doesn't align with the user's current nostalgic interest in 1990s themes.
2. The theatrical presentation style lacks the complex plot twists the user recently seeks.
3. Staged group composition doesn't match the user's preference for striking, dramatic imagery.

【Preference Dynamics】
1. The non-click reflects the user's stable preference for contemporary realism over historical cinema.
2. It demonstrates their consistent avoidance of films outside their established dramatic intensity preferences."
529,260,1,"[ANS] yes
[REASON]
【Long-term Alignment】
1. Features science fiction and fantasy elements central to Star Wars universe.
2. Contains intense action sequences with lightsaber battles and space combat.
3. Uses dramatic lighting and bold colors creating a visually striking atmosphere.

【Short-term Alignment】
1. Contains iconic imagery recognized as culturally memorable (Death Star, lightsabers).
2. Offers thrilling adventure plotline with rebel alliance conflict.
3. Represents foundational science fiction film influencing later 1990s movies.

【Preference Dynamics】
1. Expands science fiction interest to foundational franchise despite different release era.
2. Explores iconic cinematic imagery beyond current 1990s focus period."
529,3792,0,"[ANS] no
[REASON]
【Long-term Misalignment】
1. Western genre conflicts with user's preference for science fiction and fantasy films.
2. Historical setting lacks the futuristic or supernatural elements user consistently enjoys.
3. Earth tone color palette differs from user's preference for bold colors and dramatic lighting.

【Short-term Misalignment】
1. 1946 release date directly contradicts user's current interest in 1990s films.
2. Western genre doesn't match user's recent engagement with disaster and sci-fi action films.
3. Period clothing and rustic setting lack the modern, iconic imagery user currently prefers.

【Preference Dynamics】
1. Non-click demonstrates user's stable avoidance of historical and western genres.
2. Shows user's consistent preference for contemporary settings over period pieces."
8,186,1,"[ANS] yes
[REASON]
【Long-term Alignment】
1. The cover's focus on character expressions aligns with user's interest in complex characters and moral dilemmas.
2. The dramatic composition and typography match user's preference for visually striking movie posters.
3. The interpersonal tension shown supports user's affinity for drama genre and thought-provoking themes.

【Short-term Alignment】
1. User recently watched this same film, indicating active interest in its content and characters.
2. The cover's realistic character interaction fits user's current interest in dramatic, realistic situations.
3. The emotional intensity shown aligns with user's recent focus on memorable, complex personalities.

【Preference Dynamics】
1. Clicking a previously watched film shows user exploring familiar content rather than new discoveries.
2. This reflects stable genre preferences while revisiting specific titles of interest."
8,71268,0,"[ANS] no  
[REASON]  
【Long-term Misalignment】  
1. The cover's music video style and floral imagery lack the intense, suspenseful storytelling typical of drama, action, or thriller genres.  
2. The poster's focus on a rose and neutral expression does not align with visually striking, bold typography or complex character-driven themes.  
3. It emphasizes emotional independence rather than moral dilemmas or thought-provoking narratives the user prefers.  

【Short-term Misalignment】  
1. The content lacks adventure, excitement, or action elements the user currently seeks after recent watches.  
2. The cover's serene, symbolic imagery contrasts with the gritty, intense realism the user is drawn to now.  
3. It does not highlight memorable characters with complex personalities or motivations in a dramatic context.  

【Preference Dynamics】  
1. The non-click reflects the user's stable avoidance of content outside drama, action, or thriller genres.  
2. It shows limited interest in symbolic or music-focused themes despite growing curiosity for adventure."
531,733,1,"[ANS] yes
[REASON]
【Long-term Alignment】
1. The Rock is a classic 1990s action film matching the user's preference for films from that era.
2. It features iconic characters and intense action sequences consistent with the user's action-adventure interest.
3. The film's serious tone and middle-aged protagonists align with the user's appreciation for mature storytelling.

【Short-term Alignment】
1. The crime drama elements directly match the user's recent interest in Donnie Brasco.
2. Its darker, intense tone corresponds with the user's current focus on films like The Silence of the Lambs.
3. The 1996 release date fits the user's pattern of exploring slightly newer titles within their preferred era.

【Preference Dynamics】
1. This click shows the user expanding from pure adventure to action-crime hybrids within their comfort zone.
2. It demonstrates moderate novelty seeking by exploring a different type of action film while maintaining era consistency."
531,104457,0,"[ANS] no  
[REASON]  
【Long-term Misalignment】  
1. The film is a 2011 horror, not a classic action-adventure or 1970s–1990s movie.  
2. Lacks iconic franchise characters like Indiana Jones or James Bond.  
3. Horror genre contrasts with the user's preference for action-adventure and crime dramas.  

【Short-term Misalignment】  
1. Absence of superhero or crime drama elements seen in recent interests.  
2. Horror tone is darker and more intense than the user's crime-focused titles.  
3. No connection to the user's trend of character-driven narratives like Spider-Man.  

【Preference Dynamics】  
1. Reflects the user's stable avoidance of horror, favoring consistent action-adventure themes.  
2. Indicates limited novelty seeking outside established genres like crime or fantasy."
20,2135,1,"[ANS] yes
[REASON]
【Long-term Alignment】
1. Features whimsical fantasy adventure theme with animal-human interactions.
2. Contains dramatic character development through Doctor Dolittle's journey.
3. Presents a complex plot involving animal communication and societal challenges.

【Short-term Alignment】
1. Directly matches the Doctor Dolittle franchise interest noted in preferences.
2. Features multiple animal protagonists including parrot, giraffe, and dog.
3. Uses cartoonish style with exaggerated animal characters and bright colors.

【Preference Dynamics】
1. Demonstrates active exploration of newly noted animal protagonist interest.
2. Shows convergence of multiple short-term interests (whimsical style, animals, fantasy) into one selection."
20,135534,0,"[ANS] no
[REASON]
【Long-term Misalignment】
1. Lacks romantic/dramatic themes and complex character development central to user's classic film interests.
2. Dark horror elements differ from user's preferred whimsical fantasy/adventure with moody settings.

【Short-term Misalignment】
1. Horror genre contrasts with user's current interest in whimsical, cartoonish styles like James and the Giant Peach.
2. Missing animal protagonists which are a new short-term interest.
3. Menacing tone differs from unique but lighthearted premises like The Muppet Christmas Carol.

【Preference Dynamics】
1. Non-click shows user maintains stable preference boundaries despite moderate exploration tendencies.
2. Indicates user's fantasy interest doesn't extend into horror genre territory."
173,171,1,"[ANS] yes
[REASON]
【Long-term Alignment】
1. Features strong human stories and emotional connections central to user's drama preferences.
2. Focuses on character-driven narrative consistent with user's interest in emotional storytelling.
3. Contains romantic elements aligning with user's established romance genre interest.

【Short-term Alignment】
1. Directly matches user's recent comedy interest demonstrated through ""The Birdcage"" and ""Jeffrey"".
2. Contemporary 1990s setting provides fresh content while maintaining emotional storytelling focus.
3. Ensemble cast presentation suggests comedic tone fitting current comedy exploration phase.

【Preference Dynamics】
1. Represents genre exploration within familiar emotional storytelling framework.
2. Shows willingness to engage with LGBTQ+ themed content expanding diversity of viewing preferences."
173,5690,0,"[ANS] no
[REASON]
【Long-term Misalignment】
1. Animated format differs from user's consistent preference for live-action drama/romance films.
2. War tragedy theme contrasts with user's preference for uplifting human stories.
3. Dark visual aesthetic conflicts with user's taste for visually striking but elegant imagery.

【Short-term Misalignment】
1. Somber tone contradicts user's recent interest in adventurous sci-fi and comedies.
2. Distressed character portrayal differs from recent preference for strong, capable protagonists.
3. Minimalist animation style lacks the rich visual spectacle of recent choices.

【Preference Dynamics】
1. Non-click shows user's exploration boundaries exclude deeply tragic narratives despite genre flexibility.
2. Indicates emotional connection preference favors hopeful stories over unrelenting sadness."
550,60069,1,"[ANS] yes
[REASON]
【Long-term Alignment】
1. WALL·E is a critically acclaimed animated classic with complex environmental themes.
2. The cover features visually striking contrast between robot and cosmic background.
3. Film offers sophisticated narrative about humanity through minimal dialogue.

【Short-term Alignment】
1. Provides family-friendly content similar to Toy Story in their recent viewing.
2. Robot protagonist's journey offers lighthearted adventure elements.
3. Blends emotional storytelling with accessible entertainment format.

【Preference Dynamics】
1. Represents genre exploration while maintaining quality standards from classics.
2. Combines visual innovation with meaningful themes, balancing novelty and depth."
550,8044,0,"[ANS] no
[REASON]
【Long-term Misalignment】
1. Film lacks visually striking poster with bold colors and dramatic lighting preferred by user.
2. Content is older than user's classic film range (1932 vs 1990s classics).
3. Simple poster composition contrasts with user's preference for complex, atmospheric imagery.

【Short-term Misalignment】
1. No biographical elements unlike recent interest in ""Catch Me If You Can"".
2. Missing action/suspense elements evident in recent clicked content.
3. Lacks family-friendly appeal seen in ""Toy Story"" engagement.

【Preference Dynamics】
1. User maintains preference for more contemporary classics over very early cinema.
2. Non-click shows user's selective novelty seeking within familiar quality parameters."
57,2297,1,"[ANS] yes
[REASON]
【Long-term Alignment】
1. Features moral ambiguity through afterlife exploration and emotional complexity.
2. Contains visually striking imagery with dramatic, painterly landscapes.
3. Blends drama with fantastical elements similar to animated preferences.

【Short-term Alignment】
1. Directly matches emerging science fiction interest through afterlife/futuristic themes.
2. Expands sci-fi exploration beyond action to philosophical concepts.

【Preference Dynamics】
1. Shows exploration within sci-fi genre from action-oriented to philosophical themes.
2. Combines stable dramatic interests with new futuristic theme exploration."
57,3090,0,"[ANS] no
[REASON]
【Long-term Misalignment】
1. Lacks visually striking color posters typical of classic films and animation interests.
2. Missing moral ambiguity and genre blending seen in preferred dramas and comedies.
3. No whimsical or fantastical elements present in growing animation interest.

【Short-term Misalignment】
1. Absence of science fiction or futuristic themes currently gaining user attention.
2. Historical labor conflict setting contrasts with recent sci-fi and war film preferences.

【Preference Dynamics】
1. Non-click reflects user's stable disinterest in modern historical dramas outside western/sci-fi.
2. Shows continued preference for visually dynamic content over realistic historical depictions."
305,148671,1,"[ANS] yes
[REASON]
【Long-term Alignment】
1. ""Saw"" is an intense horror film matching the user's solidified horror genre interest from ""Stalker"" and ""Evil Dead II"".
2. The film features psychological thriller elements aligning with the user's established psychological thriller preference.
3. Its high-stakes survival scenario resonates with the user's interest in action-packed, high-stakes films.

【Short-term Alignment】
1. The film's intense plot exploration aligns with the user's current focus on action-packed films like ""RoboCop 2"" and ""The Punisher"".
2. Its strong visual style matches the user's recent interest in visually distinctive films.

【Preference Dynamics】
1. This click demonstrates continued exploration within the horror genre following previous horror film interests.
2. Shows moderate exploration by engaging with a different style of intense film beyond recent action/superhero focus."
305,2642,0,"[ANS] no  
[REASON]  
【Long-term Misalignment】  
1. Superman III's comedic tone contrasts with the user's preference for intense, suspenseful films like thrillers and horror.  
2. The film lacks complex characters and dramatic storytelling seen in favorites like Chinatown and Amadeus.  
3. Its lighthearted visual style does not align with the user's interest in unique, graphic novel-inspired aesthetics.  

【Short-term Misalignment】  
1. The user's recent focus on action-packed films like RoboCop 2 involves gritty plots, unlike Superman III's campy approach.  
2. Current interest in strong visual styles, such as The Last Samurai, is not met by this film's dated, colorful promo aesthetic.  

【Preference Dynamics】  
1. Skipping this reflects the user's stable avoidance of non-intense, comedic superhero content despite exploring action genres.  
2. It shows lack of interest in lighter themes, reinforcing a consistent preference for high-stakes, dramatic narratives."
342,3219,1,"[ANS] yes
[REASON]
【Long-term Alignment】
1. The thriller/mystery theme aligns with the user's preference for crime and suspense narratives.
2. Complex character dynamics suggested by the cover match the user's interest in intricate plotlines.
3. Dramatic visual style corresponds to the user's preference for intense, emotionally resonant storytelling.

【Short-term Alignment】
1. The suspenseful atmosphere directly matches the user's current interest in intensity.
2. Character-focused narrative implied by the cover aligns with recent preference for relationship-driven stories.
3. Blend of psychological tension and drama fits the user's current genre exploration patterns.

【Preference Dynamics】
1. Represents exploration within their preferred thriller genre while maintaining core interest in suspense.
2. Shows willingness to engage with property/crime themed narratives as an extension of established preferences."
342,7176,0,"[ANS] no  
[REASON]  
【Long-term Misalignment】  
- Film lacks action-packed sequences or intense crime/suspense themes typical of user's long-term interests.  
- Focus on slow-paced social realism contrasts with preference for complex, dramatic plotlines.  
- Minimal emphasis on emotional resonance or character-driven storytelling as seen in favored titles.  

【Short-term Misalignment】  
- Absence of comedy or blended genres like action-comedy currently engaging the user.  
- Does not feature strong character relationships or interactions highlighted in recent views.  
- Lacks the intensity and suspense present in short-term interests such as ""Fight Club"".  

【Preference Dynamics】  
- Non-click reflects user's stable avoidance of slow, artistic films outside core themes.  
- Indicates limited interest in exploring culturally distinct narratives without genre familiarity."
587,534,1,"[ANS] yes
[REASON]
【Long-term Alignment】
1. Explores human relationships and emotions through romantic drama narrative.
2. Features visually striking cinematography with warm-to-cool color transition aesthetic.
3. Classic 1990s film aligning with established preference for older quality cinema.

【Short-term Alignment】
1. Released in 1993, fitting recent focus on 1980s-1990s film era.
2. Drama-thriller genre matches current exploration of emotional thriller categories.
3. Recent interest expansion into dramatic works with complex relationship themes.

【Preference Dynamics】
1. Demonstrates stable core preference for relationship dramas while exploring thriller elements.
2. Shows continued trust in 1990s film selections despite genre experimentation."
587,139511,0,"[ANS] no
[REASON]
【Long-term Misalignment】
1. Horror genre differs from user's preference for drama, romance, and comedy.
2. Intense, chaotic visual style contrasts with user's interest in classic, visually striking films.
3. Lacks exploration of human relationships and emotions central to user's long-term interests.

【Short-term Misalignment】
1. 2007 release date falls outside user's recent focus on 1980s-1990s films.
2. Horror genre doesn't align with recent science fiction, adventure, or action interests.
3. Japanese horror differs from Western film preferences shown in recent viewing history.

【Preference Dynamics】
1. Non-click reflects user's stable preference for established genres over experimental horror.
2. Shows limited interest in expanding beyond Western cinema and contemporary horror themes."
513,6787,1,"[ANS] yes
[REASON]
【Long-term Alignment】
1. Film is a 1976 classic matching the user's strong affinity for classic films.
2. It is a historical drama based on the Watergate scandal.
3. Movie is narrative-driven, focusing on investigative journalism.

【Short-term Alignment】
1. Content directly matches the user's recent focus on historical dramas.
2. Film serves as a political drama, aligning with the user's emerging interest.

【Preference Dynamics】
1. Click demonstrates the user's shift toward genre-specific historical content.
2. Selection reflects movement away from science fiction toward political narratives."
513,97306,0,"[ANS] no
[REASON]
【Long-term Misalignment】
1. Film is a dark comedy crime genre, not classic film or historical drama.
2. Content focuses on chaotic criminal antics rather than narrative-driven historical storytelling.
3. Modern stylized violence contrasts with user's preference for serious classic cinema.

【Short-term Misalignment】
1. Contemporary crime comedy diverges from current focus on historical/political dramas.
2. Absence of historical or political elements present in recently preferred content.
3. Stylized violence and dark humor conflict with serious tone of preferred films.

【Preference Dynamics】
1. Non-click demonstrates user's stable commitment to historical/political genres.
2. Shows consistent avoidance of modern dark comedies and crime-focused narratives."
567,1260,1,"[ANS] yes
[REASON]
【Long-term Alignment】
1. M is a classic German foreign film aligning with the user's European cinema interest.
2. The film explores moral ambiguity through its child murderer protagonist and societal themes.
3. It is an art house precursor with complex psychological and philosophical undertones.

【Short-term Alignment】
1. The film deeply examines human relationships within a fearful society.
2. It presents a nostalgic retro aesthetic through its 1931 German Expressionist style.
3. M explores the human condition through criminal psychology and social paranoia.

【Preference Dynamics】
1. The click demonstrates continued exploration within their established preference for psychologically complex foreign films.
2. It shows willingness to engage with early cinema while maintaining interest in moral ambiguity themes."
567,174551,0,"[ANS] no
[REASON]
【Long-term Misalignment】
1. The Russian title and bold graphic design suggest mainstream appeal rather than art house subtlety.
2. The vibrant color palette lacks the atmospheric depth typical of foreign films the user prefers.
3. The cover's dynamic energy contrasts with the philosophical restraint seen in their preferred films.

【Short-term Misalignment】
1. The cover emphasizes visual intensity over nuanced human relationships.
2. The bold aesthetic lacks the nostalgic or retro qualities recently appealing to the user.
3. The graphic presentation prioritizes style over deep exploration of human condition.

【Preference Dynamics】
1. The non-click reflects the user's stable preference for subtle complexity over bold presentation.
2. It demonstrates their consistent avoidance of mainstream visual styles despite exploring new themes."
50,1201,1,"[ANS] yes
[REASON]
【Long-term Alignment】
1. 1966 release date places it within the user's preferred classic film era (1960s-1970s).
2. Central theme explores moral ambiguity through its three morally complex protagonists.
3. Character-driven plot focuses on the development and interactions of its three main characters.

【Short-term Alignment】
1. Desolate, barren landscape and overcast sky create a dark and moody visual setting.
2. Suspenseful plot structure revolves around a tense treasure hunt and confrontations.
3. Story intricately explores themes of greed, morality, and human nature under pressure.

【Preference Dynamics】
1. Click demonstrates the user's growing interest in atmospheric films through its stark visual tone.
2. It represents an exploration of suspense within their established preference for philosophical themes."
50,95199,0,"[ANS] no
[REASON]
【Long-term Misalignment】
1. Film is a lighthearted comedy lacking philosophical themes or moral ambiguity.
2. Focuses on pregnancy humor rather than complex character development.
3. Absence of psychological exploration present in 1960s-1970s classics.

【Short-term Misalignment】
1. Bright, cheerful aesthetic contrasts with preferred dark, moody settings.
2. Lacks suspenseful plot elements and atmospheric storytelling.
3. Simple narrative structure instead of intricate, complex storytelling.

【Preference Dynamics】
1. Non-click demonstrates stable preference for serious themes over comedy.
2. Confirms consistent disinterest in lighthearted, family-oriented content."
546,3940,1,"[ANS] yes
[REASON]
【Long-term Alignment】
1. Horror movie sequel aligns with user's established interest in horror franchises like Hellraiser.
2. Dark, suspenseful cover atmosphere matches user's consistent preference for thriller elements.
3. Metallic weapon imagery suggests violent content fitting user's action-horror preferences.

【Short-term Alignment】
1. 1990 release date provides retro appeal matching user's recent nostalgia exploration.
2. Crime/murder theme connects to user's emerging interest in crime-focused narratives.

【Preference Dynamics】
1. Click demonstrates user expanding horror preferences while maintaining core interest in suspense.
2. Selection shows continued exploration of crime themes within familiar horror framework."
546,7386,0,"[ANS] no
[REASON]
【Long-term Misalignment】
1. The biblical epic genre lacks horror elements present in user's preferred franchises.
2. No action or thriller components found in Terminator 2 or From Dusk Till Dawn.
3. Absence of crime/mystery elements unlike Erin Brockovich.

【Short-term Misalignment】
1. No crime narrative unlike recent interest in Reindeer Games.
2. Lacks retro/nostalgic appeal from modern perspective unlike Diamonds Are Forever.

【Preference Dynamics】
1. Non-click confirms stable preference for contemporary genres over historical/religious themes.
2. Demonstrates limited interest expansion beyond established action/horror/crime spectrum."
26,454,1,"[ANS] yes
[REASON]
【Long-term Alignment】
1. Crime thriller genre matches user's established preference for crime dramas.
2. Dark, moody color scheme aligns with user's appreciation for gritty visuals.
3. Complex corporate conspiracy storyline satisfies interest in intricate narratives.

【Short-term Alignment】
1. 1993 release date directly fits recent fascination with 1990s films.
2. Serious tone and dramatic composition match current interest in intense thrillers.
3. Prominent title treatment appeals to user's attention to iconic film branding.

【Preference Dynamics】
1. Click demonstrates consistent preference for legal thrillers within crime genre.
2. Selection shows exploration of different crime subgenres while maintaining core interests."
26,7065,0,"[ANS] no
[REASON]
【Long-term Misalignment】
1. Film lacks crime/thriller elements central to user's core interests.
2. Visual aesthetic features vintage brown tones instead of gritty dark schemes.
3. Historical narrative differs from complex character-driven psychological thrillers.

【Short-term Misalignment】
1. 1915 release date falls outside user's recent 1990s film fascination.
2. Absence of dynamic action sequences present in recent preferences.
3. No iconic characters or logos that recently attracted user.

【Preference Dynamics】
1. Non-click demonstrates user's stable avoidance of non-thriller historical content.
2. Shows consistent disinterest in films lacking intense dramatic elements."
453,5788,1,"[ANS] yes
[REASON]
【Long-term Alignment】
1. Drama with complex characters shown through the three distinct character portraits and their emotional expressions.
2. Independent cinema aesthetic evident in the gritty, realistic visual style and weathered urban environments.
3. Period piece elements suggested by the early 2000s fashion and building aesthetics matching historical settings.

【Short-term Alignment】
1. Action-comedy genre alignment through the film's known hybrid genre mixing crime drama with comedic elements.
2. Contemporary 2002 release date fits the user's recent focus on newer films within comedy and action genres.

【Preference Dynamics】
1. Explores crime drama subgenre while maintaining character complexity from established drama preferences.
2. Tests hybrid genre boundaries by combining crime elements with comedic aspects from short-term interests."
453,80727,0,"[ANS] no
[REASON]
【Long-term Misalignment】
1. Lacks drama/thriller complexity and sci-fi/fantasy elements present in user's core interests.
2. Missing vibrant colors and stylized visuals characteristic of user's animated film preferences.
3. Absent witty dialogue and relatable characters found in user's romantic comedy interests.

【Short-term Misalignment】
1. Does not feature sci-fi/fantasy elements like current Star Wars and Harry Potter interests.
2. Lacks action-comedy blend present in recent Spider-Man preference.

【Preference Dynamics】
1. Demonstrates user's selective exploration, avoiding content outside established genre preferences.
2. Shows stability in avoiding mature-themed content not aligned with current viewing patterns."
221,9018,1,"[ANS] yes
[REASON]
【Long-term Alignment】
1. Retro television screen aesthetic matches nostalgic and vintage film preferences.
2. ""Different truths"" tagline suggests complex human relationships and psychological depth.
3. Moody black background with contrasting elements creates atmospheric tension.

【Short-term Alignment】
1. Collage of surveillance-style screens directly aligns with crime/thriller genre interests.
2. Vintage television design satisfies current retro aesthetic exploration.
3. Multiple perspectives hint at suspenseful narrative with complex characters.

【Preference Dynamics】
1. Click demonstrates exploration of documentary-style thriller within established vintage interests.
2. Combines stable atmospheric preferences with temporary crime genre focus."
221,961,0,"[ANS] no
[REASON]
【Long-term Misalignment】
1. Film lacks dark, moody atmospheres and psychological thriller elements.
2. Story appears sentimental rather than featuring complex human relationships.
3. Visual aesthetic suggests family drama, not art house or independent style.

【Short-term Misalignment】
1. Content appears to be a family drama, not crime or thriller genre.
2. Child-focused narrative contrasts with preference for complex adult characters.
3. Sentimental tone differs from intense, suspenseful film preferences.

【Preference Dynamics】
1. Non-click demonstrates user's stable avoidance of sentimental family content.
2. Shows consistent preference for darker themes over uplifting narratives."
353,180,1,"[ANS] yes
[REASON]
【Long-term Alignment】
1. Features action-comedy genre blend matching user's preference for mixed-genre films.
2. Contains humorous character dynamics and dramatic elements fitting user's genre-blending interests.

【Short-term Alignment】
1. Released in 1995 directly aligns with user's current 1990s movie interest.
2. Combines comedy with character relationships matching user's focus on emotional depth.
3. Features absurd humor and ironic situations fitting user's current preference for these elements.

【Preference Dynamics】
1. Represents user's temporary exploration of 1990s action-comedies beyond typical action-thrillers.
2. Shows willingness to try different comedy styles within preferred genre-blending framework."
353,6477,0,"[ANS] no
[REASON]
【Long-term Misalignment】
1. The 1943 period drama lacks action, adventure, or suspense elements the user consistently prefers.
2. No strong male lead character is evident from the cover's solitary female protagonist.
3. The religious contemplative theme differs from the user's preferred genre-blending action-comedies.

【Short-term Misalignment】
1. The 1943 release date falls outside the user's current 1990s movie interest period.
2. The serious religious drama lacks the humor, absurdity, and action-comedy elements sought.
3. No evidence of the action-thriller or character relationship depth currently preferred.

【Preference Dynamics】
1. The non-click demonstrates stable preference maintenance despite temporary 1990s exploration.
2. Shows clear disinterest in historical/religious dramas outside preferred genre boundaries."
301,56788,1,"[ANS] yes
[REASON]
【Long-term Alignment】
1. Film explores complex geopolitical storylines with social/political commentary.
2. Centers on human relationships and character development in high-stakes environment.
3. Mixes political drama with elements of intrigue and covert action.

【Short-term Alignment】
1. Based on true events exploring identity and human condition under pressure.
2. Features complex narrative about unintended consequences of political actions.
3. 2007 release fits user's interest in early 2000s intense dramatic films.

【Preference Dynamics】
1. Click shows exploration of political thriller genre within dramatic film preference.
2. Indicates interest in fact-based complex storytelling beyond pure fiction."
301,121231,0,"[ANS] no
[REASON]
【Long-term Misalignment】
1. Horror genre focus lacks the complex social/political commentary the user prefers.
2. Supernatural premise doesn't align with user's interest in realistic human relationships.
3. Simple horror concept contrasts with user's preference for intricate storylines and themes.

【Short-term Misalignment】
1. 2014 release date falls outside user's current interest in 90s/early 2000s films.
2. Supernatural horror differs from user's focus on identity/memory through dramatic storytelling.
3. Horror genre emphasis contrasts with user's preference for drama-action-suspense blend.

【Preference Dynamics】
1. Non-click reflects user's stable preference against pure horror genre content.
2. Shows consistent disinterest in supernatural themes despite evolving narrative preferences."
43,1356,1,"[ANS] yes
[REASON]
【Long-term Alignment】
1. Features sci-fi elements with grounded storytelling about first alien contact.
2. Contains intense character-driven drama with serious decision-making moments.
3. Strong adventure narrative set in space exploration context.

【Short-term Alignment】
1. Directly matches current romantic comedy interest from user's recent viewing history.
2. Provides lighthearted entertainment within family-friendly sci-fi framework.
3. Continues pattern of 1990s titles user has been actively watching.

【Preference Dynamics】
1. Shows willingness to explore sci-fi romance hybrids beyond pure genres.
2. Demonstrates nostalgic engagement with 1990s era content evolution."
43,1606,0,"[ANS] no
[REASON]
【Long-term Misalignment】
1. Lacks romantic comedy elements present in user's 1990s interest.
2. Intense sword-fighting conflicts with preference for lighthearted storytelling.
3. Fantasy elements appear more epic than grounded realism preferred.

【Short-term Misalignment】
1. Dramatic tone contrasts with current romantic comedy focus.
2. Violent imagery differs from family-friendly content preference.
3. Serious character expressions oppose lighthearted entertainment sought.

【Preference Dynamics】
1. Non-click shows stable preference for character-driven romantic comedies.
2. Consistent avoidance of intense action in favor of nostalgic content."
425,43921,1,"[ANS] yes
[REASON]
【Long-term Alignment】
1. Features gritty, intense themes consistent with the user's preference for realistic and dark narratives.
2. Contains action elements and serious tone aligning with the user's interest in action movies.
3. Focuses on a central character in a dangerous situation, matching the user's preference for character-driven storytelling.

【Short-term Alignment】
1. Released in 2006, fitting the user's emerging interest in exploring 2000s movies.
2. The protagonist appears morally ambiguous, aligning with the user's recent focus on complex character morality.
3. The poster suggests interpersonal conflict dynamics matching the user's emerging interest in character relationships.

【Preference Dynamics】
1. Demonstrates the user's exploratory behavior toward 2000s action films within their stable genre interests.
2. Shows the user applying their emerging interest in moral ambiguity to a gritty action thriller."
425,90057,0,"[ANS] no
[REASON]
【Long-term Misalignment】
1. Lacks action/sci-fi/fantasy elements present in user's preferred genres.
2. Focuses on psychological drama rather than intense action sequences.
3. Realistic family drama differs from gritty, intense themes user typically enjoys.

【Short-term Misalignment】
1. Not a 2000s film (2011 release) during user's exploration of that era.
2. Family focus contrasts with user's emerging interest in morally ambiguous characters.
3. Interpersonal dynamics centered on family rather than complex character relationships.

【Preference Dynamics】
1. Shows user's stable avoidance of non-action psychological dramas.
2. Reflects specific temporal preference for 2000s over early 2010s content."
265,3831,1,"[ANS] yes
[REASON]
【Long-term Alignment】
- Classic film from 2000 maintains interest in older cinematic eras
- Features character-driven storytelling with emotional depth
- Focuses on human relationships and personal journeys

【Short-term Alignment】
- Explores character development and emotional connections between protagonists
- Contains lighthearted adventure elements in scenic coastal setting
- Presents positive human relationship dynamics

【Preference Dynamics】
- Represents exploration beyond typical action/sci-fi genres into character-focused drama
- Shows willingness to try lighter, relationship-driven content alongside complex moral themes"
265,8964,0,"[ANS] no
[REASON]
【Long-term Misalignment】
1. Biographical drama about opera singer lacks science fiction/fantasy elements or futuristic settings.
2. No connection to classic 1970s-1980s action/adventure films the user consistently prefers.
3. Focus on opera performance rather than technological advancements or epic space exploration narratives.

【Short-term Misalignment】
1. Opera singer biography doesn't align with emerging interest in psychological dramas with moral dilemmas.
2. Lacks the adventure, action, and suspense elements the user's current preferences are growing toward.
3. Not focused on complex character relationships or thought-provoking themes in modern contexts.

【Preference Dynamics】
1. Opera/biographical content falls outside the user's exploratory range between stability and novelty.
2. Demonstrates clear boundaries in genre exploration despite general openness to new themes."
321,24,1,"[ANS] yes
[REASON]
【Long-term Alignment】
1. Features supernatural abilities similar to ""Phenomenon,"" aligning with superhero/sci-fi interests.
2. Contains dramatic action elements matching the user's adventure movie preferences.
3. Explores extraordinary human capabilities consistent with fantasy fascination.

【Short-term Alignment】
1. Released in 1995, fitting the user's recent focus on mid-1990s films.
2. The intense poster suggests dramatic themes matching current viewing patterns.
3. Lightning imagery implies human transformation/relationships themes seen in recent choices.

【Preference Dynamics】
1. Represents exploration of dramatic human ability stories beyond traditional superhero genres.
2. Combines sci-fi elements with human relationship focus showing evolving interest integration."
321,2744,0,"[ANS] no
[REASON]
【Long-term Misalignment】
1. Otello is an opera adaptation, not science fiction/fantasy genre the user consistently prefers.
2. Lacks action/adventure elements present in the user's core movie interests.
3. No superhero or extraordinary ability themes found in user's established preferences.

【Short-term Misalignment】
1. Released in 1986, not matching user's recent focus on mid-1990s films.
2. Opera format differs from user's current interest in dramatic human relationship movies.
3. Classical theater adaptation contrasts with user's exploration of mystery/thriller genres.

【Preference Dynamics】
1. Non-click demonstrates user's stable preference for contemporary cinematic formats over classical adaptations.
2. Shows limited interest in expanding beyond established genre preferences into performing arts."
281,2329,1,"[ANS] yes
[REASON]
【Long-term Alignment】
1. Film focuses intensely on character transformation through its protagonist's storytelling journey.
2. Black-and-white cinematography creates strong atmospheric realism with stylized visual elements.
3. 1998 release date aligns with user's demonstrated interest in classic/retro-themed content.

【Short-term Alignment】
1. Recent viewing of character-driven dramas matches this film's complex protagonist focus.
2. Bold graphic cover design with striking red X appeals to user's visual preference.
3. Continues pattern of exploring different genres while maintaining narrative depth.

【Preference Dynamics】
1. Click demonstrates moderate novelty seeking within established character-driven film preference.
2. Maintains stable interest in serious dramatic content while exploring different thematic approaches."
281,80363,0,"[ANS] no
[REASON]
【Long-term Misalignment】
1. Focuses on action combat over character-driven storytelling the user prefers.
2. Lacks atmospheric mood building, emphasizing chaotic destruction instead.
3. Modern sci-fi horror setting contrasts with user's interest in classic/retro themes.

【Short-term Misalignment】
1. Pure action orientation differs from recent character-complex films like American History X.
2. Cover's dark chaos contrasts with user's preference for visually striking, bold color designs.
3. Video game adaptation lacks narrative depth of recent movie selections.

【Preference Dynamics】
1. Non-click demonstrates user's stable preference against pure action-focused content.
2. Confirms user's moderate novelty seeking excludes genre shifts away from character narratives."
406,33669,1,"[ANS] yes
[REASON]
【Long-term Alignment】
1. Film explores romantic and emotional themes through multiple character relationships.
2. Period drama elements shown through character growth and summer experiences.
3. Blends light-hearted comedy with emotional drama throughout the narrative.

【Short-term Alignment】
1. Focuses on relationship dynamics among four female friends and their romantic interests.
2. Features multiple strong female leads navigating personal challenges and growth.
3. Combines dramatic emotional moments with comedic friendship interactions.

【Preference Dynamics】
1. Shows moderate novelty seeking by exploring ensemble cast rather than single protagonist.
2. Maintains consistent romantic theme focus while expanding to multiple relationship stories."
406,8025,0,"[ANS] no
[REASON]
【Long-term Misalignment】
1. Lacks romantic/emotional themes central to user's consistent interests.
2. Missing light-hearted comedic elements present in user's preferred films.
3. No period drama setting unlike user's classic film preferences.

【Short-term Misalignment】
1. Absence of strong female lead character, which user recently prefers.
2. No romantic comedy/drama relationship focus evident in current interests.
3. Missing blend of drama and comedy seen in recent selections.

【Preference Dynamics】
1. Non-click reflects user's stable preference for familiar romantic themes.
2. Shows limited interest in exploring non-relationship focused narratives."
389,65,1,"[ANS] yes
[REASON]
【Long-term Alignment】
- Bio-Dome is a 1996 American comedy film fitting the user's strong interest in 1990s American cinema.
- The film features exaggerated character expressions suggesting comedic yet potentially complex personalities.

【Short-term Alignment】
- The dome structure and vibrant imagery suggest exploration themes matching recent interest in discovery.
- Playful energy and exaggerated expressions indicate potential urgency or comedic danger elements.

【Preference Dynamics】
- Clicking a comedy film shows genre exploration beyond drama/action preferences.
- Selection demonstrates willingness to try different 1990s film styles beyond recent romantic dramas."
389,1549,0,"[ANS] no
[REASON]
【Long-term Misalignment】
1. The cover suggests a romantic comedy-drama, lacking the action/adventure elements from 1990s cinema the user prefers.
2. Character expressions appear straightforward, not indicating the complex storylines the user consistently favors.

【Short-term Misalignment】
1. The visual tone lacks urgency or danger that characterizes the user's recent action movie preferences.
2. No elements suggest exploration themes present in the user's recent interests like Star Trek.

【Preference Dynamics】
1. The non-click reflects the user's selective exploration, avoiding genres outside their core interests.
2. It demonstrates stable preference for 1990s films with clear dramatic/action elements over ambiguous themes."
420,1175,1,"[ANS] yes
[REASON]
【Long-term Alignment】
1. Dark surrealist aesthetic aligns with vintage and classic visual preferences.
2. Post-apocalyptic setting explores human morality under extreme circumstances.
3. Character-driven narrative structure matches drama preferences.

【Short-term Alignment】
1. Fantasy elements in dystopian world-building satisfy new adventure interest.
2. Black comedy tone blends humor with dark themes like recent preferences.
3. Unconventional storytelling approach aligns with exploratory genre mixing.

【Preference Dynamics】
1. Clicking surreal black comedy shows branching from traditional dramas.
2. Selecting foreign film demonstrates expanding beyond familiar Hollywood productions."
420,7367,0,"[ANS] no  
[REASON]  
【Long-term Misalignment】  
- The film's comedic crime plot lacks the dramatic character-driven depth the user prefers.  
- Its tone appears more humorous than the intense, morally explorative themes the user favors.  

【Short-term Misalignment】  
- The poster suggests a crime comedy, not fitting the epic fantasy or adventure genres the user is exploring.  
- It does not align with the user's interest in action-humor-drama blends like ""Austin Powers"" or ""Elf.""  

【Preference Dynamics】  
- The user's exploratory pattern does not extend to this style of comedy-crime film.  
- This reflects stable disinterest in genres outside their evolving fantasy and comedy-action preferences."
155,1580,1,"[ANS] yes
[REASON]
【Long-term Alignment】
1. Science fiction action-adventure film featuring alien encounters and futuristic technology.
2. Visually striking poster with bold typography and sleek character design against starry background.
3. Combines sci-fi concepts with comedic action sequences and urban adventure elements.

【Short-term Alignment】
1. Features superhero-like protagonists with advanced weapons protecting Earth.
2. Includes space exploration themes through alien immigration and cosmic threats.
3. Blends action and adventure with dramatic character interactions.

【Preference Dynamics】
1. Maintains consistent sci-fi interest while exploring government agency conspiracy angle.
2. Expands action-adventure preference into comedic sci-fi territory with urban setting."
155,7327,0,"[ANS] no
[REASON]
【Long-term Misalignment】
1. Black-and-white minimalist cover contrasts with preference for colorful, visually striking posters.
2. Psychological art film differs from preferred science fiction/fantasy adventure genres.
3. Contemplative facial close-up lacks action-adventure themes the user consistently favors.

【Short-term Misalignment】
1. No elements related to dinosaurs, superheroes, or space exploration themes.
2. Artistic psychological drama contrasts with recent interest in action-adventure movies.
3. 1966 film's style differs from contemporary visual aesthetics user typically engages with.

【Preference Dynamics】
1. Non-click demonstrates stable preference maintenance for specific sci-fi/action genres.
2. Shows consistent disinterest in artistic/psychological content outside preferred themes."
127,55276,1,"[ANS] yes
[REASON]
【Long-term Alignment】
1. Film from 2007 continues interest in post-1970s cinematic periods.
2. Strong narrative focus with corporate thriller drama elements.
3. Visually striking poster with intense character imagery and dramatic lighting.

【Short-term Alignment】
1. Features George Clooney's memorable performance and character development.
2. Contains thriller elements while exploring legal drama genre.
3. Character-driven story with emotional resonance and moral complexity.

【Preference Dynamics】
1. Shows genre exploration beyond Westerns/musicals into legal thriller territory.
2. Maintains visual preference while shifting from classic to contemporary cinema."
127,87304,0,"[ANS] no  
[REASON]  
【Long-term Misalignment】  
1. Film is from 2010, not within the user's preferred 1940s–1970s classic era.  
2. Cover lacks bold colors or striking imagery typical of iconic movie posters.  
3. Modern visual style does not align with classic film aesthetics.  

【Short-term Misalignment】  
1. Cover suggests a drama, not the lighthearted comedy tone currently sought.  
2. Group photo implies ensemble focus, not strong individual character development emphasis.  
3. Clean, modern aesthetic contrasts with genres like Westerns or musicals of interest.  

【Preference Dynamics】  
1. Non-click reflects stable preference for visually striking, emotionally resonant classics.  
2. Indicates lack of interest in modern narratives when exploring new genres."
417,106489,1,"[ANS] yes
[REASON]
【Long-term Alignment】
1. Features dramatic storytelling with complex character relationships and emotional depth.
2. Contains suspenseful narrative elements with mystical danger and mystery.
3. Explores morality themes through Gandalf's magical confrontation with dark forces.

【Short-term Alignment】
1. Directed by Peter Jackson, aligning with interest in exploring acclaimed directors.
2. Released in 2013, showing expansion beyond 1990s-2000s timeframe while maintaining fantasy-drama elements.
3. Features complex narrative structure blending multiple character journeys.

【Preference Dynamics】
1. Demonstrates exploration beyond preferred psychological thrillers into high-fantasy genre.
2. Shows willingness to engage with epic-scale storytelling rather than intimate character studies."
417,1427,0,"[ANS] no  
[REASON]  
【Long-term Misalignment】  
- Cover suggests action/thriller focus, not psychological depth or complex character exploration.  
- Emphasizes visual danger over emotional depth or moral themes.  
- Lacks clear indication of thought-provoking storytelling or human relationship complexity.  

【Short-term Misalignment】  
- Film from 1997 falls outside user's recent focus on late 1990s-2000s era.  
- No association with preferred directors like Fincher or Nolan.  
- Cover implies conventional action narrative, not complex non-linear storytelling.  

【Preference Dynamics】  
- User maintains stable preference for psychological thrillers over pure action.  
- Non-click reflects selective exploration, avoiding content lacking intellectual/emotional depth."
364,376,1,"[ANS] yes
[REASON]
【Long-term Alignment】
1. Action-packed river adventure featuring intense whitewater rafting sequences.
2. Focus on family dynamics and character development during dangerous journey.
3. High-stakes survival situation with constant physical danger and suspense.

【Short-term Alignment】
1. Mid-1990s release year (1994) aligns perfectly with current temporal interest.
2. Thriller elements with moral conflicts between characters create complexity.
3. Building tension through river hazards and unexpected antagonist reveal.

【Preference Dynamics】
1. Explores familiar action-thriller genre while testing 1990s film fascination.
2. Balances established adventure preferences with new wilderness survival setting."
364,48032,0,"[ANS] no
[REASON]
【Long-term Misalignment】
1. Romantic embrace imagery lacks action, danger, or high-stakes situations the user prefers.
2. Serene winter setting contradicts user's interest in intense, suspenseful environments.
3. Focus on romantic relationship differs from user's preference for plot-driven action narratives.

【Short-term Misalignment】
1. 2005 release date conflicts with user's current interest in mid-to-late 1990s films.
2. Romantic comedy-drama genre differs from preferred action, thriller, and drama genres.
3. Peaceful poster aesthetic lacks the tension, suspense, or plot twists user seeks.

【Preference Dynamics】
1. User maintains preference stability by rejecting content outside their established action/thriller interests.
2. Moderate novelty seeking doesn't extend to romantic genres that lack intensity elements."
560,102194,1,"[ANS] yes
[REASON]
【Long-term Alignment】
1. Features action elements with gun-wielding protagonist in dramatic desert setting.
2. Visual style emphasizes striking outdoor adventure aesthetics with motorcycles.
3. Character-driven narrative suggested by serious protagonist expression.

【Short-term Alignment】
1. Historical/nostalgic setting implied through rural American desert landscape.
2. Unique visual style combining naturalistic desert backdrop with dramatic character presentation.

【Preference Dynamics】
1. Expands historical interest from European period pieces to American rural settings.
2. Maintains character-driven focus while exploring new geographical/cultural contexts."
560,67168,0,"[ANS] no
[REASON]
【Long-term Misalignment】
1. Horror genre differs from user's consistent action/thriller/adventure and sci-fi/fantasy preferences.
2. Lacks complex character-driven narratives seen in films like ""Good Bye Lenin!""
3. Poster suggests B-movie aesthetic rather than visually striking dramatic presentation.

【Short-term Misalignment】
1. Modern horror setting contrasts with historical/nostalgic period dramas recently explored.
2. Prom-themed content lacks unique visual style seen in historical film preferences.

【Preference Dynamics】
1. Non-click reflects stable disinterest in horror genre outside established preferences.
2. Shows user maintains focus on critically acclaimed content over B-movie offerings."
175,56949,1,"[ANS] yes
[REASON]
【Long-term Alignment】
1. Romantic comedy genre matches user's established preference for sentimental films.
2. Fashion-focused narrative aligns with user's interest in visually appealing content.
3. Relationship-driven storyline resonates with user's history of emotional films.

【Short-term Alignment】
1. Recent interest in romantic comedies directly matches this 2008 rom-com.
2. Current focus on relationship-centered stories fits the wedding-themed plot.
3. Vibrant cover art with pink color scheme appeals to user's visual preferences.

【Preference Dynamics】
1. Explores fashion/styling theme while maintaining core romantic comedy interest.
2. Continues pattern of watching slightly newer releases within preferred genres."
175,99130,0,"[ANS] no
[REASON]
【Long-term Misalignment】
1. Horror genre contrasts with user's preference for classic and romantic films.
2. Graphic violence conflicts with user's taste for sentimental, emotionally resonant stories.
3. Dark aesthetic differs from user's interest in music/dance films with positive themes.

【Short-term Misalignment】
1. Horror elements oppose user's current romantic comedy/drama focus.
2. Violent imagery contrasts with relationship-focused narratives user recently watched.
3. Dark visual style differs from vibrant aesthetic seen in user's recent choices.

【Preference Dynamics】
1. Non-click demonstrates user's stable preference for romantic/sentimental themes over horror.
2. Shows user's limited openness to genres that lack emotional resonance."
32,224,1,"[ANS] yes
[REASON]
【Long-term Alignment】
1. Features complex romantic relationships and intense emotional themes.
2. Centers on character-driven storytelling about love and identity.
3. Blends romantic drama with psychological depth and mood.

【Short-term Alignment】
1. Released in 1995, fitting the 1993-1996 1990s movie interest.
2. Focuses on character-driven narrative with complex relationships.
3. Combines romantic drama with psychological intensity.

【Preference Dynamics】
1. Represents exploration of 1990s romantic dramas with psychological elements.
2. Shows continued interest in character-driven stories within preferred timeframe."
32,112556,0,"[ANS] no
[REASON]
【Long-term Misalignment】
- The thriller/mystery genre focus differs from the user's preference for romantic comedies and dramas.
- The cover's suspenseful tone does not align with the user's interest in relationship-focused human emotions.
- The modern setting contrasts with the user's preference for dark or moody atmospheric films.

【Short-term Misalignment】
- The 2014 release year falls outside the user's current interest in 1993-1996 films.
- The thriller plot structure differs from the user's focus on character-driven storytelling.
- The mystery genre emphasis contrasts with the user's preference for dramatic intensity.

【Preference Dynamics】
- The non-click demonstrates the user's stable preference for 1990s period films.
- It confirms the user's continued disinterest in modern thriller genres."
114,5349,1,"[ANS] yes
[REASON]
【Long-term Alignment】
1. Features Spider-Man superhero character matching user's established interest in superhero themes.
2. Dynamic action-packed visual style aligns with user's preference for character-driven narratives.
3. Iconic character presentation supports user's consistent fantasy/adventure genre interest.

【Short-term Alignment】
1. Recent 2002 release date corresponds with user's focus on contemporary content.
2. Prominent Spider-Man character matches user's current interest in iconic characters.
3. Urban adventure setting aligns with user's recent fantasy/adventure preferences.

【Preference Dynamics】
1. Maintains genre stability while exploring newer superhero content releases.
2. Continues character-focused exploration within established superhero interest area."
114,177185,0,"[ANS] no
[REASON]
【Long-term Misalignment】
1. Content is stand-up comedy, not fantasy/adventure genre.
2. No superhero themes present in this realistic comedy special.
3. Bright promotional aesthetic contrasts with preferred dark, moody visuals.

【Short-term Misalignment】
1. Comedy format differs from recent fantasy/adventure movie selections.
2. No iconic fantasy/superhero characters featured in this content.
3. Focus on real-world immigrant experience, not character-driven fantasy narratives.

【Preference Dynamics】
1. Non-click reflects stable genre preference for fantasy over comedy.
2. Shows limited interest in exploring non-fictional or documentary-style content."
174,520,1,"[ANS] yes
[REASON]
【Long-term Alignment】
1. Released in 1993, aligning with user's strong affinity for 1990s movies.
2. Features character-driven storytelling through its parody of Robin Hood narrative.
3. Visually striking cover with prominent costume and forest setting matches atmospheric preference.

【Short-term Alignment】
1. Comedic take on relationships and character dynamics fits recent interest in character-focused films.
2. Parody elements provide lighthearted entertainment similar to recent comedy additions like ""Tommy Boy"".

【Preference Dynamics】
1. Represents genre exploration through comedy/parody format while maintaining 1990s era consistency.
2. Shows moderate novelty seeking by choosing a humorous interpretation of familiar historical themes."
174,351,0,"[ANS] no
[REASON]
【Long-term Misalignment】
1. The cover's family focus lacks the action elements prominent in user's 1990s preferences.
2. Plain white background lacks visually striking atmosphere user consistently prefers.
3. Family comedy tone differs from user's established drama and action focus.

【Short-term Misalignment】
1. Family dynamic emphasis contrasts with recent romantic comedy/drama focus.
2. Group character presentation differs from recent intense character studies like Gilbert Grape.

【Preference Dynamics】
1. Non-click reflects user's stable preference for drama/action over family comedy.
2. Moderate novelty seeking doesn't extend to this particular genre shift."
58,1073,1,"[ANS] yes
[REASON]
【Long-term Alignment】
1. Features dramatic and suspenseful themes through the factory's mysterious challenges.
2. Contains fantasy elements with the magical chocolate factory setting.

【Short-term Alignment】
1. Directly matches the user's interest in memorable characters (Willy Wonka).
2. Features vivid colors and striking visuals in the candy-filled poster.
3. Includes whimsical, iconic imagery of children exploring the factory.

【Preference Dynamics】
1. Shows exploration of lighter content while maintaining dramatic elements.
2. Combines visual appeal with character-driven storytelling in one selection."
58,7340,0,"[ANS] no
[REASON]
【Long-term Misalignment】
1. Lacks action-packed intensity seen in ""Tank Girl"" and dramatic suspense of ""In the Name of the Father.""
2. No evidence of sci-fi or fantasy elements present in the locker room sports setting.
3. Missing the serious dramatic themes characteristic of ""Immortal Beloved"" and ""What's Love Got to Do with It?""

【Short-term Misalignment】
1. Absence of romantic comedy elements visible in the sports-focused locker room imagery.
2. Visual palette dominated by gray/white lacks vivid colors seen in ""Tank Girl"" and ""Priscilla.""
3. Sports team setting doesn't suggest memorable character development like ""Willy Wonka.""

【Preference Dynamics】
1. Non-click confirms user's continued preference for intense plots over light sports comedies.
2. Shows stable disinterest in genre exploration beyond action, drama, and romantic comedy."
459,74458,1,"[ANS] yes
[REASON]
【Long-term Alignment】
1. Dark, moody cover aligns with user's preference for visually striking and dynamic imagery.
2. Psychological thriller elements connect to user's established interest in mystery and intrigue.
3. Bold, dramatic title presentation matches user's attraction to bold visual styles.

【Short-term Alignment】
1. Strong mystery and intrigue elements directly match recent interest in films like Harry Potter mysteries.
2. Intense, suspenseful atmosphere aligns with recent preference for action and dramatic narratives.
3. Serious, character-focused story connects to recent engagement with complex narratives.

【Preference Dynamics】
1. Represents exploration into psychological thriller genre while maintaining core mystery preference.
2. Shows willingness to try darker, more mature themes within familiar mystery framework."
459,67788,0,"[ANS] no
[REASON]
【Long-term Misalignment】
1. Genre is romantic comedy, not science fiction or fantasy.
2. Cover features realistic urban setting, not fantasy/animation visuals.
3. Live-action fashion theme differs from animated/fantasy preference.

【Short-term Misalignment】
1. Lacks adventure/action elements present in recent preferences.
2. No Asian cultural or animation elements like recent interests.
3. Absent mystery/intrigue themes from recent Harry Potter selections.

【Preference Dynamics】
1. Non-click reflects stable genre focus on sci-fi/fantasy.
2. Shows limited interest in romantic comedy genre exploration."
223,48394,1,"[ANS] yes
[REASON]
【Long-term Alignment】
1. Dark atmospheric setting with detailed production design matches user's preference for strong visual atmosphere.
2. Complex protagonist facing moral dilemmas aligns with user's interest in emotionally deep characters.
3. Vivid color palette and elaborate costume design appeal to user's appreciation for detailed visual aesthetics.

【Short-term Alignment】
1. Whimsical fantasy elements with magical creatures fit recent fascination with animated/fantastical films.
2. Young protagonist's emotional journey matches current interest in character development and relationships.
3. Blend of historical setting with fantasy creates nostalgic charm matching recent preferences.

【Preference Dynamics】
1. Click demonstrates exploration into darker fantasy themes while maintaining core interest in character depth.
2. Selection shows willingness to engage with foreign cinema while preserving preferred narrative elements."
223,25841,0,"[ANS] no
[REASON]
【Long-term Misalignment】
- The poster suggests lighthearted friendship drama rather than complex moral dilemmas or emotional depth.
- Visual style emphasizes contemporary 1930s fashion rather than nostalgic retro aesthetics.
- Group character focus lacks the atmospheric world-building and detailed production design the user prefers.

【Short-term Misalignment】
- Live-action format contrasts with user's recent fascination with animated, fantastical films.
- Ensemble cast presentation doesn't emphasize individual character development and relationships.
- 1930s period setting lacks the whimsical, magical elements currently appealing to the user.

【Preference Dynamics】
- Non-click demonstrates user's stable preference for emotionally complex narratives over lighthearted entertainment.
- Shows limited interest in exploring live-action period pieces outside animated/fantasy genres."
18,6787,1,"[ANS] yes
[REASON]
【Long-term Alignment】
1. Film from 1976 aligns with user's appreciation for classic cinema from multiple decades.
2. Political thriller genre provides intense drama and thought-provoking themes about institutional corruption.
3. Investigative journalists as complex characters facing moral dilemmas during Watergate scandal.

【Short-term Alignment】
1. Newspaper-texture background creates visually striking cover reminiscent of appreciated movie posters.
2. Political conspiracy plot involves unique storytelling and revelation of systemic corruption.
3. Investigative narrative builds suspense through methodical uncovering of hidden truths.

【Preference Dynamics】
1. Click demonstrates exploration of political thriller subgenre within crime/mystery interests.
2. Selection shows willingness to engage with historically-based dramatic narratives beyond fiction."
18,1091,0,"[ANS] no
[REASON]
【Long-term Misalignment】
1. Film is a comedy lacking the drama and suspense the user consistently prefers.
2. Absence of intense themes or moral dilemmas central to user's long-term interests.
3. Modern 1989 setting contrasts with user's appreciation for classic films from earlier decades.

【Short-term Misalignment】
1. Bright, cheerful beach setting opposes user's recent interest in dark, moody atmospheres.
2. Cover lacks the visually striking, memorable aesthetic seen in user's recent preferences.
3. Premise suggests straightforward comedy rather than unique storytelling or plot twists.

【Preference Dynamics】
1. Non-click demonstrates user's stable preference for serious themes over lighthearted comedy.
2. Shows user's exploration of new genres remains selective, avoiding departure from core interests."
303,3702,1,"[ANS] yes
[REASON]
【Long-term Alignment】
1. Features action-packed content with combat and vehicular chaos matching user's adventure preference.
2. Post-apocalyptic sci-fi setting aligns with user's established futuristic theme interest.
3. Bold color palette and explosive imagery match user's preference for visually striking compositions.

【Short-term Alignment】
1. 1979 release date directly corresponds to user's current interest in 1970s-80s sci-fi films.
2. Represents the specific ""Mad Max"" franchise user recently engaged with.

【Preference Dynamics】
1. Demonstrates user actively pursuing their temporary focus on classic action sci-fi.
2. Shows consistent engagement within their preferred genre while exploring specific era content."
303,95633,0,"[ANS] no
[REASON]
【Long-term Misalignment】
1. Lacks science fiction or futuristic themes present in user's core interests.
2. Missing action-adventure combat elements characteristic of user's preferred content.
3. Visual style focuses on horror aesthetics rather than bold dramatic imagery.

【Short-term Misalignment】
1. Not a classic sci-fi or superhero film from 1970s-1980s era.
2. Horror genre contrasts with recent sci-fi and action film preferences.
3. Contemporary 2009 release doesn't match current classic film interest.

【Preference Dynamics】
1. Non-click demonstrates user's stable preference for sci-fi/action over horror.
2. Shows limited interest in exploring genres outside established preferences."
256,106487,1,"[ANS] yes
[REASON]
【Long-term Alignment】
1. Science fiction dystopian setting with complex political themes and rebellion narrative.
2. Visually striking fiery aesthetic and action sequences with bow combat.
3. Strong character development of protagonist Katniss in survival scenario.

【Short-term Alignment】
1. Female-led adventure film bridges recent romantic themes with action elements.
2. Accessible young adult adaptation connects to family-friendly content preference.

【Preference Dynamics】
1. Expands from pure sci-fi/fantasy to dystopian action-adventure subgenre.
2. Maintains character-driven storytelling while exploring darker thematic elements."
256,36401,0,"[ANS] no  
[REASON]  
【Long-term Misalignment】  
- The cover suggests a fairy-tale fantasy, lacking the user's preferred naval/space settings or complex sci-fi themes.  
- Visuals emphasize costumes and character poses over intricate plots or deep character development seen in favored genres.  

【Short-term Misalignment】  
- The dark fantasy tone contrasts with the user's recent interest in light-hearted, family-friendly animated content.  
- No elements align with the current preference for romantic themes in comedies or music videos.  

【Preference Dynamics】  
- Non-click reflects stable avoidance of fantasy outside preferred sci-fi/space exploration themes.  
- Indicates limited engagement with non-visually striking or non-thought-provoking fantasy genres."
586,79139,1,"[ANS] yes
[REASON]
【Long-term Alignment】
1. Fantasy genre aligns with user's established interest in epic storytelling and magical worlds.
2. Action-packed magical sequences match preference for high-stakes, visually dynamic content.
3. Features complex mentor-apprentice relationship fitting character-driven narrative preference.

【Short-term Alignment】
1. Recent sci-fi/fantasy focus (Star Trek, Matrix) makes magical urban fantasy appealing.
2. Magical duels and staff combat provide action-packed sequences user currently seeks.

【Preference Dynamics】
1. Explores fantasy genre within familiar action framework, satisfying moderate novelty seeking.
2. Blends magical elements with modern urban setting, offering fresh thematic variation."
586,5357,0,"[ANS] no
[REASON]
【Long-term Misalignment】
1. Lacks science fiction/fantasy elements like space themes or epic storytelling.
2. Missing action-packed sequences and high-stakes adventure typical in user's preferences.
3. Does not feature dramatic emotional storytelling seen in films like Shawshank Redemption.

【Short-term Misalignment】
1. No sci-fi elements despite recent interest in Star Trek and Matrix.
2. Absence of complex characters facing moral dilemmas as in Payback.
3. Not aligned with current action-packed film preferences.

【Preference Dynamics】
1. Reflects user's stable genre focus by avoiding non-sci-fi/action content.
2. Shows moderate novelty seeking does not extend to historical adventure themes."
584,338,1,"[ANS] yes
[REASON]
【Long-term Alignment】
1. Features intense action sequences and dramatic themes fitting action-oriented preferences.
2. Explores human relationships through protagonist's journey and character interactions.
3. Utilizes bold color contrasts and dramatic lighting in visual presentation.

【Short-term Alignment】
1. Directly matches recent science fiction interest established by ""Virtuosity"" watch.
2. Incorporates thriller and suspense elements through its technological mystery plot.
3. Blends romantic elements with high-stakes adventure narrative structure.

【Preference Dynamics】
1. Demonstrates genre exploration by combining sci-fi with thriller elements.
2. Shows willingness to revisit previously enjoyed content with deeper engagement."
584,52579,0,"[ANS] no
[REASON]
【Long-term Misalignment】
1. Lacks action-oriented or dramatic themes present in user's preferred films.
2. Missing adventure elements and focuses on single performer rather than relationships.
3. Sepia-toned vintage aesthetic contrasts with user's preference for bold colors and dynamic imagery.

【Short-term Misalignment】
1. No science fiction, fantasy, or futuristic elements present in the content.
2. Absence of mystery, suspense, or thriller elements gaining user's recent interest.
3. Does not incorporate adventure elements sought in romantic comedies.

【Preference Dynamics】
1. Non-click demonstrates user's selective exploration limited to specific new genres.
2. Shows user maintains strong genre boundaries despite general openness to new topics."
191,673,1,"[ANS] yes
[REASON]
【Long-term Alignment】
1. Features unique visual style blending live-action with animation.
2. Explores team dynamics and connection through basketball narrative.
3. Presents vibrant, stylized visuals consistent with artistic film interests.

【Short-term Alignment】
1. Matches recent interest in films with distinctive visual approaches.
2. Continues exploration of relationship dynamics through team sports theme.

【Preference Dynamics】
1. Shows willingness to explore different genres beyond traditional drama/romance.
2. Represents expansion into family-friendly content while maintaining relationship themes."
191,33725,0,"[ANS] no
[REASON]
【Long-term Misalignment】
1. Cover suggests electronic music/party culture, not classic films or drama.
2. Visual style emphasizes vibrant energy over art-house aesthetics.
3. Theme appears centered on celebrity/drug culture rather than human relationships.

【Short-term Misalignment】
1. Muscular shirtless protagonist contrasts with recent character-driven films.
2. Party/celebrity focus diverges from exploration of human connection themes.
3. Bold visual style differs from subtle cinematography of recent preferences.

【Preference Dynamics】
1. User maintains stable focus on relationship themes despite genre exploration.
2. Consistent avoidance of celebrity/party culture content across preferences."
382,55247,1,"[ANS] yes
[REASON]
【Long-term Alignment】
1. Film explores human nature and philosophical themes through protagonist's rejection of materialism.
2. Complex character study examining morality and the human condition in extreme circumstances.
3. Memorable atmospheric wilderness setting aligns with growing appreciation for adventure films.

【Short-term Alignment】
1. Dramatic true story with intense emotional journey matches current preference for suspenseful films.
2. Strong character development and iconic bus location fulfill emerging storytelling interests.
3. Culturally significant film with memorable quotes satisfies current viewing priorities.

【Preference Dynamics】
1. Click demonstrates exploration of intense dramatic narratives while maintaining philosophical depth.
2. Selection bridges classic storytelling with contemporary adventure themes showing evolving tastes."
382,97,0,"[ANS] no
[REASON]
【Long-term Misalignment】
1. Film depicts contemporary urban realism rather than classic 1960s-1990s cinema era.
2. Focuses on social conflict rather than philosophical themes or fantasy elements.
3. Setting shows gritty realism instead of atmospheric fantasy/adventure environments.

【Short-term Misalignment】
1. Lacks horror/thriller suspense elements currently drawing user's attention.
2. Absence of iconic characters or memorable quotes as emerging preference.
3. Urban drama setting contrasts with atmospheric settings currently sought.

【Preference Dynamics】
1. Non-click reflects user's shift toward more thrilling content over social realism.
2. Shows maintained disinterest in contemporary settings despite preference evolution."
537,55946,1,"[ANS] yes
[REASON]
【Long-term Alignment】
1. Film features dramatic storytelling similar to Shawshank Redemption and American History X.
2. Political thriller elements align with user's established crime/thriller movie preferences.
3. Intense narrative matches user's appreciation for serious, dramatic films.

【Short-term Alignment】
1. Recent Ocean's Twelve watch shows continued interest in complex, multi-perspective thrillers.
2. Current preference for intense narratives matches film's serious political themes.
3. Professional attire/serious tone echoes recent dramatic film selections.

【Preference Dynamics】
1. Click demonstrates exploration of political thriller subgenre within crime/thriller category.
2. Selection shows willingness to engage with contemporary issues through dramatic storytelling."
537,39183,0,"[ANS] no
[REASON]
【Long-term Misalignment】
1. User prefers fantasy/adventure epics, not contemporary romantic dramas.
2. Crime/thriller genres with strategic plots differ from emotional character study.
3. Lacks the high-stakes adventure or criminal intrigue seen in preferred titles.

【Short-term Misalignment】
1. Recent watches feature ensemble casts and fantastical elements, unlike this intimate two-person story.
2. No overlap with recent crime/heist narratives involving elaborate schemes.
3. Absence of the dramatic intensity or clear moral conflicts present in recently viewed films.

【Preference Dynamics】
1. Demonstrates stable preference boundaries despite openness to different titles within core genres.
2. Indicates limited interest in exploring romance-focused narratives outside established genre preferences."
275,1333,1,"[ANS] yes
[REASON]
【Long-term Alignment】
1. Classic film from 1963 aligns with consistent interest in classic films and human relationship themes.
2. Vintage-style poster design with limited color palette matches interest in period drama aesthetics.
3. Character-driven psychological thriller fits established preference for dramatic storytelling.

【Short-term Alignment】
1. Dark atmospheric visuals and gritty realism directly match recent appreciation for stylized dark atmospheres.
2. Psychological thriller elements align with growing interest in darker, more complex stories.
3. Hitchcock's signature tension fits current exploration of thrillers with complex characters.

【Preference Dynamics】
1. Click demonstrates active exploration of darker themes while maintaining connection to classic cinema.
2. Selection shows evolution toward more intense psychological narratives within established genre preferences."
275,6692,0,"[ANS] no  
[REASON]  
【Long-term Misalignment】  
- The video's skateboarding documentary theme lacks classic film or period drama elements central to user's long-term interests.  
- Vibrant visuals here depict modern extreme sports, not 80s/90s playful storytelling or vintage-style aesthetics.  

【Short-term Misalignment】  
- Documentary format contrasts with user's recent focus on fictional dramas/thrillers with complex characters.  
- Sports-centric narrative lacks the dark, gritty realism or character-driven twists seen in recent explorations.  

【Preference Dynamics】  
- Non-click reflects user's consistent avoidance of non-fiction topics despite exploratory patterns.  
- Reinforces that new interests remain bounded by film genres, not extending to documentaries or sports themes."
95,6979,1,"[ANS] yes
[REASON]
【Long-term Alignment】
1. Features 1980s retro aesthetics with computer monitor graphics creating nostalgic sci-fi value.
2. Contains science fiction themes about technology and high-stakes global conflict situations.
3. Involves complex character dynamics and dramatic plot twists regarding computer hacking consequences.

【Short-term Alignment】
1. Explores psychological thriller elements through unintended nuclear war simulation scenarios.
2. Blends mystery elements as protagonist uncovers dangerous military computer system secrets.

【Preference Dynamics】
1. Demonstrates exploratory behavior by selecting content merging multiple preferred genres simultaneously.
2. Shows growing interest in retro aesthetics through choosing a 1983 film with vintage computer imagery."
95,50003,0,"[ANS] no
[REASON]
【Long-term Misalignment】
1. Lacks complex characters and intricate storylines typical of user's preferred action films.
2. Missing science fiction elements and futuristic technology themes user consistently enjoys.
3. Western aesthetic diverges from user's growing interest in retro sci-fi nostalgia.

【Short-term Misalignment】
1. No psychological thriller or mystery elements present in cover or title.
2. Absence of romantic comedy/drama components user is currently exploring.

【Preference Dynamics】
1. User maintains stable preference for intellectually complex content over straightforward action.
2. Non-click demonstrates selective exploration within established genre boundaries."
181,86,1,"[ANS] yes
[REASON]
【Long-term Alignment】
1. Film is an American drama fitting the user's consistent preference for American films.
2. Story features strong emotional focus through character relationships and survival drama.
3. Combines dramatic tension with human relationships aligning with drama preferences.

【Short-term Alignment】
1. Released in 1996, close to user's recent interest in early 1990s films.
2. Features character development through young crew's transformative journey.
3. Mixes drama with action elements through the storm survival narrative.

【Preference Dynamics】
1. Represents exploration beyond pure romantic focus toward adventure drama.
2. Maintains character-driven approach while testing new genre boundaries."
181,2806,0,"[ANS] no
[REASON]
【Long-term Misalignment】
1. The film is a teen comedy-thriller, not aligning with the user's preference for dramas and thrillers.
2. The cover suggests a high school setting, lacking the emotional depth of romantic dramas.
3. The genre mix does not match the user's established interest in American drama and thriller films.

【Short-term Misalignment】
1. The 1999 release date falls outside the user's recent focus on early 1990s films.
2. The cover implies a teen-focused plot rather than complex character-driven storylines.
3. The comedic thriller elements do not match the user's recent preference for drama-romance-action blends.

【Preference Dynamics】
1. The non-click reflects the user's stable preference for character-driven stories over genre-focused teen films.
2. It shows the user's continued disinterest in topics outside their established film preferences."
337,454,1,"[ANS] yes
[REASON]
【Long-term Alignment】
1. Film's legal thriller genre directly matches user's sustained interest in suspense films like ""Seven"".
2. Serious tone and mystery elements align with user's consistent thriller preferences.
3. Professional conspiracy plot shares thematic similarities with ""Murder in the First"".

【Short-term Alignment】
1. Legal drama aspect connects to user's current interest in character-driven narratives like ""The Client"".
2. Complex interpersonal relationships mirror dramatic elements in recent watches like ""Casino"".

【Preference Dynamics】
1. User explores legal thriller subgenre while maintaining core suspense interest.
2. Click demonstrates genre crossover between established thriller preference and emerging drama interest."
337,44613,0,"[ANS] no
[REASON]
【Long-term Misalignment】
1. The dance-focused content lacks the action-adventure elements present in ""Bloodsport 2"" and ""Bad Boys"".
2. Missing suspense/thriller components found in preferred titles like ""Seven"" and ""Murder in the First"".
3. Dance drama genre differs from the user's established comedy preferences like ""Now and Then"".

【Short-term Misalignment】
1. Contemporary dance setting contrasts with historical drama interests in ""Braveheart"" and ""Legends of the Fall"".
2. Dance romance theme doesn't align with the user's current romantic drama focus on films like ""Casino"".

【Preference Dynamics】
1. Non-click demonstrates user's selective novelty seeking, avoiding genres outside their established interest patterns.
2. Shows preference stability despite dynamic exploration, as dance films remain outside their genre exploration scope."
334,1755,1,"[ANS] yes
[REASON]
【Long-term Alignment】
1. Vibrant cover design with stylized character portraits matches preference for visually striking promotional materials.
2. Character-driven narrative suggested by three distinct male protagonists aligns with emotional storytelling preferences.
3. Comedy-drama genre blend fits established interest in mixed genre content.

【Short-term Alignment】
1. Three male character portraits strongly suggest buddy movie dynamics matching current interest.
2. Mix of serious and smiling expressions indicates blend of humor and emotional depth.
3. Dynamic swirling background pattern implies whimsical tone matching recent preferences.

【Preference Dynamics】
1. Clicking a 1997 film maintains moderate exploration while balancing with established tastes.
2. Selection demonstrates continued novelty seeking through less mainstream cinematic era."
334,121715,0,"[ANS] no  
[REASON]  
【Long-term Misalignment】  
- The cover lacks stylized or visually striking artistic elements, using a straightforward photo.  
- Content is a stand-up comedy special, lacking character-driven storytelling or emotional depth.  
- No blend of drama, romance, or fantasy genres is present.  

【Short-term Misalignment】  
- Absence of strong character relationships or buddy/rom-com themes.  
- Focus is on observational humor without whimsy, fantasy, or emotional depth.  
- Does not incorporate classic or vintage cinematic styles.  

【Preference Dynamics】  
- User's moderated novelty seeking avoids pure comedy without genre fusion.  
- Consistent preference for narrative depth over standalone comedic acts."
317,133115,1,"[ANS] yes
[REASON]
【Long-term Alignment】
1. The distressed central figure suggests strong character psychology and development focus.
2. Dark background and intense expressions align with gritty visual preferences.
3. Agitated character conveys complex emotional themes matching existential interests.

【Short-term Alignment】
1. Dynamic sports setting provides action/adventure elements similar to recent interests.
2. Urgent atmosphere matches current preference for mood-driven narratives.
3. Team struggle context could reflect redemption themes seen in recent watches.

【Preference Dynamics】
1. Click explores action genre through sports documentary rather than traditional action films.
2. Maintains dark themes while testing new subject matter outside crime/thriller genres."
317,27604,0,"[ANS] no
[REASON]
【Long-term Misalignment】
1. Film's graphic style contrasts with user's preference for dark, gritty visuals in crime/thriller genres.
2. Focus on collective youth suicide lacks complex character development central to user's interests.
3. Absence of crime/thriller elements despite thematic darkness.

【Short-term Misalignment】
1. Missing intense action elements present in recent interests like ""Man on Fire"".
2. Lacks redemption themes seen in preferred films ""Carlito's Way"" and ""Fog of War"".
3. Atmospheric approach differs from grounded tension of ""Phone Booth"".

【Preference Dynamics】
1. Non-click demonstrates user's stable preference for Western crime/action narratives.
2. Confirms limited interest in Japanese cinema despite psychological themes."
6,780,1,"[ANS] yes
[REASON]
【Long-term Alignment】
1. Matches action/adventure preference with alien invasion suspense and dramatic global threat narrative.
2. Poster features intense fiery sky and ominous spacecraft, aligning with visually striking atmospheric preferences.
3. Bold white title against dark background follows established preference for bold color contrasts.

【Short-term Alignment】
1. Continues exploration of adventure genre with sci-fi alien invasion premise.
2. Large-scale disaster narrative maintains recent engagement with dramatic storytelling.

【Preference Dynamics】
1. Reinforces stable interest in action-adventure while exploring sci-fi subgenre.
2. Demonstrates consistent attraction to high-stakes narratives within established genre preferences."
6,27032,0,"[ANS] no
[REASON]
【Long-term Misalignment】
1. Lacks romantic or family drama elements present in user's consistent interests.
2. Poster's martial arts focus differs from user's preference for suspense-driven action movies.
3. Gun-centric imagery contrasts with user's attraction to atmospheric, expression-focused posters.

【Short-term Misalignment】
1. No romantic comedy elements that user recently explored.
2. Pure action orientation lacks fantasy elements from user's current genre exploration.

【Preference Dynamics】
1. Non-click reflects user's stable preference balance favoring drama over pure action.
2. Shows limited interest in martial arts subgenre despite general adventure interest."
46,367,1,"[ANS] yes
[REASON]
【Long-term Alignment】
1. Features fantasy elements through the mask's supernatural transformation powers.
2. Contains dynamic action sequences and comedic adventure throughout the plot.
3. Maintains dramatic intensity through the character's dual identity struggles.

【Short-term Alignment】
1. Directly matches the user's temporary interest in ""The Mask"" film specifically mentioned.
2. Features strong action-comedy elements aligning with current suspense/action focus.
3. Employs 1990s retro aesthetic matching the nostalgic theme exploration.

【Preference Dynamics】
1. Represents temporary exploration of comedic fantasy versus usual serious action-drama.
2. Shows active engagement with specifically mentioned nostalgic film titles from preferences."
46,152,0,"[ANS] no
[REASON]
【Long-term Misalignment】
1. Film lacks action-adventure, sci-fi, or fantasy elements present in user's core interests.
2. Visual tone suggests psychological drama rather than complex plot-driven intensity.
3. No indication of adventure or epic scale characteristic of user's preferred genres.

【Short-term Misalignment】
1. Absence of action/suspense focus conflicts with current viewing priorities.
2. Dark contemporary aesthetic contrasts with nostalgic/retro themes user is exploring.
3. Moody psychological presentation doesn't align with temporary interest in vibrant period pieces.

【Preference Dynamics】
1. Non-click demonstrates user's stable preference for genre films over psychological dramas.
2. Shows limited interest in branching beyond established action-adventure and dramatic genres."
439,5952,1,"[ANS] yes
[REASON]
【Long-term Alignment】
1. Directly matches user's strong affinity for epic fantasy films like Lord of the Rings series.
2. Features intense action and dramatic storytelling consistent with their preference for adventure films.
3. Contains complex character development and emotional depth seen in their favorite dramatic films.

【Short-term Alignment】
1. Aligns with recent interest in fantasy-adventure genre demonstrated by their Lord of the Rings viewings.
2. Complements current engagement with films featuring ensemble casts and epic narratives.
3. Matches recent pattern of watching sequel films within established fantasy franchises.

【Preference Dynamics】
1. Represents continued engagement with familiar fantasy universe while exploring new installment.
2. Shows user returning to trusted franchise that combines their preferred elements of adventure and drama."
439,113394,0,"[ANS] no
[REASON]
【Long-term Misalignment】
1. Lacks epic fantasy/adventure elements central to user's core interests.
2. Missing intense action and dramatic storytelling seen in preferred films.
3. No complex character development or emotional depth typical of user's favorites.

【Short-term Misalignment】
1. Not aligned with recent sci-fi/action interests like The Matrix.
2. Differs from historical drama themes user recently engaged with.
3. No connection to animated or fantasy elements from recent views.

【Preference Dynamics】
1. Reflects user's stable preference for high-stakes narratives over quiet dramas.
2. Shows limited interest in romance-focused content despite genre exploration."
396,3114,1,"[ANS] yes
[REASON]
【Long-term Alignment】
1. Matches the user's strong interest in animated films with cartoonish style.
2. Aligns with preference for vibrant colors and bold typography in visual presentation.
3. Represents classic pre-2000 film era (released 1999).

【Short-term Alignment】
1. Directly continues recent interest in Toy Story franchise after watching Toy Story 2.
2. Fits current focus on 1990s-2000s animated films with strong narratives.
3. Complements recent British animation interest with similar whimsical style.

【Preference Dynamics】
1. Shows continued exploration within familiar animated franchises rather than new genres.
2. Demonstrates stable preference for quality animation while shifting toward more contemporary titles."
396,50800,0,"[ANS] no  
[REASON]  
【Long-term Misalignment】  
1. The dark horror/thriller genre contrasts with the user's preference for classic films and whimsical animated works.  
2. The muted, shadowy visual style lacks the vibrant colors and bold typography the user favors.  
3. Released in 2007, it falls outside the user's strong interest in pre-2000 classics.  

【Short-term Misalignment】  
1. It does not align with the user's recent focus on British animation or family-friendly animated films.  
2. The horror theme diverges from the narrative depth and character-driven stories the user recently engaged with.  

【Preference Dynamics】  
1. The non-click reflects the user's stable disinterest in horror and dark thriller genres.  
2. It shows the user's exploration of new titles remains bounded by their core interests in animation and classics."
405,27266,1,"[ANS] yes
[REASON]
【Long-term Alignment】
1. Explores existential crises and human psyche through complex narrative structure.
2. Features atmospheric visuals with dramatic, intense emotional tone.
3. Philosophical themes about memory, time, and unrequited love.

【Short-term Alignment】
1. Foreign film with artistic visual style similar to ""In the Mood for Love"".
2. Psychological drama with complex character relationships and emotional depth.
3. Evocative cinematography with stylized color palette and composition.

【Preference Dynamics】
1. Expands foreign film exploration while maintaining dark, intense thematic interests.
2. Combines established philosophical interests with newly appreciated artistic visuals."
405,308,0,"[ANS] no
[REASON]
【Long-term Misalignment】
1. Light blue poster lacks dark atmospheric visuals matching user's preference for intense themes.
2. Wedding theme and restrained expression suggest relationship drama over psychological exploration.
3. Visual style appears more literal than the stylized artistic approach user appreciates.

【Short-term Misalignment】
1. Polish film's poster suggests social drama rather than neo-noir crime or thriller elements.
2. Character-focused narrative contrasts with user's interest in conspiracies and complex plot twists.
3. Restrained emotional tone differs from intense psychological thrillers user currently seeks.

【Preference Dynamics】
1. User maintains stable preference for dark psychological content over relationship dramas.
2. Foreign film interest appears limited to artistic visuals like ""In the Mood for Love"" style."
17,1228,1,"[ANS] yes
[REASON]
【Long-term Alignment】
1. Film features intense dramatic scenes and deep character development as a biographical drama.
2. Classic 1980s film holds nostalgic value with iconic character portrayal.
3. Story delivers emotional resonance through raw personal struggles and redemption arc.

【Short-term Alignment】
1. Directly matches current exploration of 1980s films with strong period authenticity.
2. Features iconic character study through intense atmospheric close-up presentation.
3. Represents quintessential 1980s cinema with critically acclaimed character-driven narrative.

【Preference Dynamics】
1. Click demonstrates active pursuit of 1980s classic films beyond pure action genres.
2. Shows exploration of character-driven dramas within preferred historical film period."
17,62250,0,"[ANS] no  
[REASON]  
【Long-term Misalignment】  
- Film is a 2008 crime drama, not a classic from the 1970s or 1980s.  
- Realistic, modern setting lacks the futuristic or fantastical worlds the user prefers.  
- Focus is on gritty crime, not the adventure, suspense, or thrilling action the user enjoys.  

【Short-term Misalignment】  
- The user is currently focused on 1980s sci-fi and action, not a 2008 film.  
- The realistic beach setting does not align with the user's interest in strong, futuristic atmospheres.  

【Preference Dynamics】  
- The non-click reflects the user's stable, specific focus on 1980s classics.  
- It shows a lack of interest in modern, non-fantastical crime dramas."
49,109487,1,"[ANS] yes
[REASON]
【Long-term Alignment】
1. Matches science fiction interest with space exploration theme like ""The Matrix"" and ""Alien"".
2. Features strong narrative depth similar to ""Schindler's List"" and ""Forrest Gump"".
3. Combines epic scale with emotional storytelling seen in historical dramas like ""Braveheart"".

【Short-term Alignment】
1. Continues recent interest in visually striking films through cinematic space imagery.
2. Maintains genre exploration pattern from animation to sophisticated sci-fi.
3. Aligns with preference for emotional narratives shown in recent drama selections.

【Preference Dynamics】
1. Demonstrates stable sci-fi interest while exploring new space exploration subgenre.
2. Shows continued willingness to engage with complex narratives across different genres."
49,1131,0,"[ANS] no
[REASON]
【Long-term Misalignment】
1. French pastoral drama lacks the historical epic scale of Braveheart or Saving Private Ryan.
2. No science fiction or action elements present unlike The Matrix or Alien.
3. Stylized rural narrative differs from grand historical storytelling preferences.

【Short-term Misalignment】
1. Live-action drama contrasts with recent animated film interests like Ice Age.
2. European art film aesthetic differs from mainstream Hollywood visual storytelling.
3. Slow-paced character study lacks the emotional intensity of recent watches.

【Preference Dynamics】
1. Stable preference for English-language blockbusters over foreign language films.
2. Consistent avoidance of subtle character dramas in favor of plot-driven narratives."
590,54001,1,"[ANS] yes
[REASON]
【Long-term Alignment】
1. Directly matches solidified interest in ""Harry Potter"" films with memorable characters and fantasy settings.
2. Features complex characters and moral dilemmas within an established fantasy universe.
3. Expands interest in recent films with engaging storylines and historical/fantasy settings.

【Short-term Alignment】
1. Aligns with current preference for fantasy adventure films with strong spectacle elements.
2. Matches interest in films generating excitement through magical conflict and dramatic visuals.

【Preference Dynamics】
1. Demonstrates continued exploration of modern fantasy franchises alongside classic films.
2. Shows active engagement with newer animated/live-action hybrid fantasy content."
590,117,0,"[ANS] no  
[REASON]  
【Long-term Misalignment】  
- The dark, modern true-crime tone lacks classic film era aesthetics or dramatic movie poster style.  
- Absence of historical, fantasy, or adventure settings conflicts with preferred genres.  
- No clear moral dilemmas or memorable characters typical of favored films like Westerns or animations.  

【Short-term Misalignment】  
- Missing action-adventure spectacle, excitement, or historical/fantasy elements seen in recent interests.  
- Does not offer strong sense of adventure or engaging storyline as in current popular films.  

【Preference Dynamics】  
- Non-click reflects stable preference for uplifting or adventurous themes over grim, modern crime.  
- Indicates lack of interest in dark, niche topics despite openness to new genres."
498,62,1,"[ANS] yes
[REASON]
【Long-term Alignment】
1. Features dramatic storyline focusing on teacher-student relationships and personal struggles.
2. Strong visual aesthetics with striking silhouette imagery and bold graphic composition.
3. Emotional narrative explores human connections through decades of protagonist's life.

【Short-term Alignment】
1. Family-friendly drama aligns with recent interest in relationship-focused content.
2. Heartwarming narrative complements exploration of lighter thematic material.

【Preference Dynamics】
1. Demonstrates exploratory shift from action/thrillers to character-driven drama.
2. Shows willingness to engage with serious content outside preferred genres."
498,1897,0,"[ANS] no
[REASON]
【Long-term Misalignment】
1. Lacks action, adventure, or thriller elements present in user's core preferences.
2. Absence of heroic protagonists and intense scenarios central to user's interests.
3. Visual aesthetic is simple and neutral rather than vibrant or striking.

【Short-term Misalignment】
1. Does not align with user's recent interest in family-friendly comedy content.
2. Missing light-hearted tone found in their recent watch history.

【Preference Dynamics】
1. Reflects user's consistent avoidance of non-heroic relationship-focused dramas.
2. Shows limited interest in artistic/independent films outside preferred genres."
4,4246,1,"[ANS] yes
[REASON]
【Long-term Alignment】
1. Film is a 2001 romantic comedy-drama aligning with nostalgic 1990s film interest.
2. Vibrant pink background and playful typography match preference for bold colors.
3. Romantic narrative fits consistent interest in romance and drama genres.

【Short-term Alignment】
1. Recent release exploration matches temporary interest in newer drama films.
2. Romantic comedy genre aligns with observed exploration of lighter fantasy/adventure tones.

【Preference Dynamics】
1. Click shows balanced mix of stable romance preference with newer release exploration.
2. Selection indicates slight genre expansion while maintaining core nostalgic aesthetic interests."
4,72591,0,"[ANS] no
[REASON]
【Long-term Misalignment】
1. War/action theme lacks classic film nostalgia and retro aesthetics the user consistently prefers.
2. Visual style appears modern and realistic, not featuring bold colors or distinctive typography from preferred eras.
3. Absence of dark, moody atmosphere present in user's recent long-term interests like ""The Devil's Backbone.""

【Short-term Misalignment】
1. 1998 release falls outside user's current focus on recent releases and 1990s romantic comedies/dramas.
2. War genre doesn't align with temporary interests in emotional dramas, suspense thrillers, or fantasy adventures.
3. Serious military theme contrasts with user's exploration of lighter fantasy like ""Spaceballs.""

【Preference Dynamics】
1. Non-click demonstrates user's stable preference for specific genres over general action/war content.
2. Shows selective exploration limited to preferred genres rather than broad category expansion."
332,2420,1,"[ANS] yes
[REASON]
【Long-term Alignment】
1. Features dramatic character-driven narrative about mentorship and personal growth through karate training.
2. Contains action elements through karate competitions and training sequences.
3. Combines drama genre with sports action, aligning with genre exploration interest.

【Short-term Alignment】
1. Released in 1984, fitting the classic film preference for pre-2000 movies.
2. Directly matches ""The Karate Kid"" title from recent historical interest examples.
3. Contains adventure elements through the protagonist's journey and challenges.

【Preference Dynamics】
1. Represents continued exploration of adventure themes mentioned in recent preferences.
2. Shows oscillation between modern and classic content by selecting 1980s film."
332,44889,0,"[ANS] no
[REASON]
【Long-term Misalignment】
1. Musical genre conflicts with preferred action, thriller, and suspense themes.
2. Cover's theatrical collage style lacks bold artistic composition and striking imagery.
3. Absence of complex narrative and character-driven storytelling typical in preferences.

【Short-term Misalignment】
1. 2005 release date contradicts current interest in pre-2000 classic films.
2. Modern musical format differs from historical/period dramas and adventure films.
3. Campy parody tone contrasts with serious classic film appreciation trend.

【Preference Dynamics】
1. Non-click maintains preference stability by avoiding genre departure into musical comedy.
2. Reflects continued prioritization of dramatic storytelling over experimental formats."
448,158872,1,"[ANS] yes
[REASON]
【Long-term Alignment】
1. Animated film format aligns with user's Disney classics preference.
2. Fantasy adventure premise matches user's animated film interests.
3. Playful character design appeals to user's animated film enjoyment.

【Short-term Alignment】
1. 2016 release falls within user's recent interest in modern films.
2. Comedic genre connects to user's recent comedy film exploration.
3. Contemporary animation style matches user's expanding film era interests.

【Preference Dynamics】
1. Represents departure from traditional animation toward adult-oriented animated content.
2. Shows willingness to explore unconventional films beyond established genre preferences."
448,4043,0,"[ANS] no
[REASON]
【Long-term Misalignment】
1. Lacks classic action-adventure or Western heroic themes central to user's long-term preferences.
2. Missing nostalgic animated fantasy elements from Disney classics user consistently enjoys.
3. No clear heroic character archetypes present in cover imagery or title.

【Short-term Misalignment】
1. Absent comedic or romantic elements from user's recent 1980s-2000s film interests.
2. Cover suggests gritty realism rather than heroic peril situations user currently explores.
3. Does not align with crime thriller patterns seen in ""Scarface"" or ""Requiem for a Dream"".

【Preference Dynamics】
1. Demonstrates user's selective exploration, avoiding non-heroic crime narratives.
2. Confirms preference stability for character-driven peril over atmospheric crime dramas."
369,2571,1,"[ANS] yes
[REASON]
【Long-term Alignment】
1. Film belongs to thriller/sci-fi genre with complex storytelling about simulated reality.
2. Visually striking cover features bold white lettering against dark blue atmospheric backdrop.
3. Contains philosophical themes with ironic commentary on modern society.

【Short-term Alignment】
1. Released in 1999, fitting the user's current interest in late 1990s films.
2. Features dark, muted color palette with tense, atmospheric cityscape imagery.
3. Story explores moral ambiguity through character choices in simulated reality.

【Preference Dynamics】
1. Click demonstrates user exploring nostalgic comfort through iconic late-90s cinema.
2. Selection shows continued preference for complex narratives while embracing retro aesthetics."
369,7263,0,"[ANS] no  
[REASON]  
【Long-term Misalignment】  
1. Film is a sports drama, not a thriller or complex character-driven story.  
2. Cover uses patriotic colors, not bold or striking artistic imagery.  
3. Tone is celebratory, lacking satire, absurdity, or irony.  

【Short-term Misalignment】  
1. Film is set in 1980, not the 1990s or early 2000s retro era.  
2. Story is straightforward and inspirational, not morally ambiguous or layered.  
3. Visuals are bright and patriotic, not dark, muted, or tense.  

【Preference Dynamics】  
1. Non-click reflects user's stable preference for complex narratives over straightforward plots.  
2. Shows lack of interest in patriotic or sports themes, favoring psychological depth."
443,106918,1,"[ANS] yes
[REASON]
【Long-term Alignment】
1. Features an epic adventure story with imaginative fantasy elements in Walter's daydreams.
2. Contains dramatic visuals contrasting mundane office life with vibrant adventure sequences.
3. Explores moral ambiguities of escaping reality versus embracing life's challenges.

【Short-term Alignment】
1. Focuses heavily on character development from passive dreamer to active adventurer.
2. Strong atmospheric cinematography contrasting corporate settings with global landscapes.
3. Explores themes of identity and finding purpose through extraordinary experiences.

【Preference Dynamics】
1. Represents novelty through contemporary adventure-drama while maintaining fantasy elements.
2. Blends realistic character journey with imaginative sequences, satisfying both stability and exploration needs."
443,128914,0,"[ANS] no  
[REASON]  
【Long-term Misalignment】  
- The video is a comedy special, lacking fantasy or adventure elements central to the user's long-term interests.  
- It does not feature dramatic visuals, action, or epic storytelling the user consistently prefers.  
- Absence of complex themes or moral ambiguities exploring the human condition, which the user values.  

【Short-term Misalignment】  
- Focus on stand-up comedy contrasts with the user's current interest in character-driven drama, thriller, or action films.  
- Minimal emphasis on atmospheric cinematography or mood, which the user is currently drawn to.  
- Does not explore themes of identity or morality, aligning with the user's recent short-term preferences.  

【Preference Dynamics】  
- The non-click reflects the user's stable core interest in fantasy/adventure over comedy, avoiding genre deviation.  
- Indicates a lack of interest in exploring humor-focused content, prioritizing layered storytelling and character development."
421,2324,1,"[ANS] yes
[REASON]
【Long-term Alignment】
1. Film is a classic drama from 1997 matching user's strong interest in classic films.
2. Story features complex father-son relationship and dramatic wartime narrative.
3. Combines dramatic intensity with emotional storytelling similar to user's preferred films.

【Short-term Alignment】
1. Film's dramatic tension aligns with user's current exploration of classic dramas.
2. Contains suspenseful elements fitting temporary interest in intense storytelling.
3. Recent watch ""Judgment at Nuremberg"" shares similar dramatic historical themes.

【Preference Dynamics】
1. Click demonstrates continued engagement with complex character-driven narratives.
2. Shows exploration of emotional drama within established classic film preference."
421,97168,0,"[ANS] no  
[REASON]  
【Long-term Misalignment】  
1. The film is a 2012 documentary, not a classic narrative film from the user's preferred mid-20th century era.  
2. It centers on a music documentary subject, lacking the dramatic, intense storytelling of their favored classic dramas.  
3. The modern, graphic poster style contrasts with the aesthetic of classic film promotions the user typically engages with.  

【Short-term Misalignment】  
1. The content is a biographical documentary, not aligning with their current exploration of film noir and suspense genres.  
2. It lacks the complex fictional characters and storylines present in their recent classic drama watches.  

【Preference Dynamics】  
1. The non-click reflects the user's stable disinterest in modern documentaries and non-fiction film subjects.  
2. It shows their temporary focus remains exclusively on classic narrative cinema, not expanding to other genres or periods."
226,56757,1,"[ANS] yes
[REASON]
【Long-term Alignment】
1. Dark fantasy elements align with user's established science fiction and fantasy interests.
2. 2007 release fits within user's consistent preference for 1980s-1990s era films.
3. Musical drama aspects connect to user's enjoyment of genre-blending narratives.

【Short-term Alignment】
1. Mix of dark comedy and dramatic elements matches user's current interest in genre-blending films.
2. Gothic fantasy aesthetic aligns with emerging interest in fantasy films.
3. Period setting provides adventure-like atmosphere fitting recent preference patterns.

【Preference Dynamics】
1. Represents exploration into darker fantasy themes beyond typical comedy-focused selections.
2. Shows willingness to engage with musical elements not previously indicated in preferences."
226,4195,0,"[ANS] no
[REASON]
【Long-term Misalignment】
1. The 1971 horror genre does not match the user's consistent preference for science fiction and fantasy.
2. The film lacks the comedic elements present in the user's preferred 1980s-1990s comedies.
3. No baseball or adventure themes are present, unlike the user's established interests.

【Short-term Misalignment】
1. The horror tone contrasts with the user's current focus on comedies and romantic comedies.
2. The film lacks the action-comedy blend seen in the user's recent interests like Austin Powers.
3. No fantasy/adventure elements are present, unlike emerging interests in Shrek 2.

【Preference Dynamics】
1. The non-click reflects the user's stable avoidance of horror genres across preference timelines.
2. It demonstrates limited interest in exploring pre-1980s cinema outside established comedy/action preferences."
27,2628,1,"[ANS] yes
[REASON]
【Long-term Alignment】
1. Matches strong interest in fantasy and science fiction, including Star Wars specifically.
2. Features nostalgic storytelling elements consistent with classic movie preferences.
3. Contains adventure themes that align with stable long-term interests.

【Short-term Alignment】
1. Directly matches current interest in Star Wars: Episode I specifically mentioned in preferences.
2. Fits recent focus on action-adventure films with exploration themes.
3. Aligns with temporary exploration of science fiction content.

【Preference Dynamics】
1. Represents the user's temporary exploration of science fiction within stable adventure interests.
2. Shows integration of new science fiction interest with existing fantasy preferences."
27,6350,0,"[ANS] no
[REASON]
【Long-term Misalignment】
- The film is Japanese anime, not classic Disney animation which dominates user's preferences.
- Studio Ghibli's artistic style differs significantly from Disney's nostalgic visual storytelling approach.
- No established nostalgic connection exists for this title in user's viewing history.

【Short-term Misalignment】
- Lacks the historical event themes present in user's recent interests like Cocoon.
- Missing science fiction elements that attracted user to Star Wars content.
- Does not feature the exploration of established franchises user currently prefers.

【Preference Dynamics】
- User maintains stable preference for familiar Western animation over new anime discoveries.
- Temporary sci-fi interest remains limited to major franchises like Star Wars only."
433,80463,1,"[ANS] yes
[REASON]
【Long-term Alignment】
1. Critically acclaimed film exploring corporate crime and moral ambiguity through complex character development.
2. Features intense themes of betrayal and ambition with strong visual aesthetic and striking imagery.
3. Provides social commentary on modern communication through dark, gritty storytelling approach.

【Short-term Alignment】
1. Character-driven narrative exploring identity and morality through Mark Zuckerberg's transformation.
2. Atmospheric tension created through legal depositions and rapid-fire dialogue sequences.
3. Bold visual style with dramatic lighting and composition that challenges storytelling conventions.

【Preference Dynamics】
1. Explores contemporary digital-age themes while maintaining their preferred complex narrative structure.
2. Extends interest in character studies to real-world technological innovation and its consequences."
433,2400,0,"[ANS] no
[REASON]
【Long-term Misalignment】
1. Film is a family fantasy rather than crime drama/thriller genre.
2. Lacks dark, gritty themes and morally ambiguous characters.
3. Visual aesthetic emphasizes serene mystery over bold intensity.

【Short-term Misalignment】
1. Story appears simple and sentimental rather than complex and character-driven.
2. Does not explore identity, morality or human condition themes.
3. Visual style is gentle and magical rather than striking and atmospheric.

【Preference Dynamics】
1. Non-click reflects stable preference for intense, thought-provoking content.
2. Shows limited interest in family-friendly genres despite exploration willingness."
264,367,1,"[ANS] yes
[REASON]
【Long-term Alignment】
1. The movie's fantasy transformation premise aligns with the user's established interest in fantasy genres.
2. As a 1994 film, it matches the user's appreciation for classic 1990s movies.
3. The character-driven superhero narrative fits the user's focus on storytelling and characters.

【Short-term Alignment】
1. The user recently watched The Mask, indicating direct recent engagement with this specific content.
2. The film's comedic thriller elements connect to the user's exploration of suspenseful movies.

【Preference Dynamics】
1. This click shows the user maintaining fantasy interests while exploring different genres within their established preferences.
2. The selection demonstrates continued engagement with 1990s classics alongside newer dramatic content."
264,6005,0,"[ANS] no
[REASON]
【Long-term Misalignment】
1. The comedy genre differs from user's strong interest in science fiction and fantasy.
2. Documentary-style comedy lacks the narrative depth and character development user values.
3. Modern comedy setting contrasts with user's appreciation for classic 1990s films.

【Short-term Misalignment】
1. Comedy content conflicts with user's recent focus on thrillers and suspenseful movies.
2. Lighthearted tone differs from the dramatic intensity seen in recent watches.
3. No elements of suspense or psychological depth present in current preferences.

【Preference Dynamics】
1. Non-click confirms user's consistent avoidance of comedy outside core genres.
2. Reinforces user's current shift toward dramatic/suspenseful content over humor."
51,1257,1,"[ANS] yes
[REASON]
【Long-term Alignment】
1. Dark sunglasses and serious expression align with interest in darker, intense themes.
2. Graphic cover design matches preference for visually striking content.
3. Reflective mystery elements connect to psychological thriller interests.

【Short-term Alignment】
1. Serious facial expression suggests emotional complexity matching current character focus.
2. Mysterious cover tone fits temporary fascination with genre-bending content.
3. Intriguing visual presentation aligns with recent interest in intense emotions.

【Preference Dynamics】
1. Click shows exploration of darker themes while maintaining visual interest preferences.
2. Selection indicates willingness to experiment with mysterious, character-driven content."
51,107410,0,"[ANS] no
[REASON]
【Long-term Misalignment】
1. Lacks intense visuals and dark themes central to user's sci-fi/fantasy preferences.
2. Missing action-packed or dramatic elements present in user's established interests.
3. Calm aesthetic contrasts with user's preference for intense music videos and thrillers.

【Short-term Misalignment】
1. No visible emotional complexity or relationship focus currently engaging user.
2. Absent genre-bending mix of action/drama/intensity from recent interests.

【Preference Dynamics】
1. Non-click confirms user's current selective focus on darker, intense themes.
2. Reflects stability in avoiding content lacking emotional or visual intensity."
230,33679,1,"[ANS] yes
[REASON]
【Long-term Alignment】
1. Cover features dramatic visual style with serious characters holding guns against clean background.
2. Content suggests action-packed narrative through weaponry and intense character expressions.
3. Title implies suspenseful relationship dynamics combined with professional conflict.

【Short-term Alignment】
1. No direct alignment with current sci-fi/futuristic theme exploration from preferences.
2. Maintains action element consistent with recent engagement patterns.

【Preference Dynamics】
1. Shows temporary exploration beyond core sci-fi/fantasy genre while retaining action interest.
2. Indicates willingness to engage with contemporary action-drama despite current focus on futuristic themes."
230,2694,0,"[ANS] no
[REASON]
【Long-term Misalignment】
1. The cover shows a realistic comedy/drama scene, not science fiction or fantasy.
2. Visual style is mundane photography, not visually striking or dramatic.
3. No visible action or suspense elements present in the cover imagery.

【Short-term Misalignment】
1. Content appears to be contemporary comedy, lacking futuristic themes.
2. No science fiction elements are evident in the title or cover design.

【Preference Dynamics】
1. Non-click demonstrates user's stable avoidance of non-science fiction genres.
2. Reinforces user's consistent focus on futuristic themes over comedy."
38,376,1,"[ANS] yes
[REASON]
【Long-term Alignment】
1. Film released in 1994 aligns with user's strong interest in 1990s Hollywood classics.
2. Vibrant cover with bold yellow text and dramatic river imagery matches preference for visually striking compositions.
3. Narrative-driven adventure drama corresponds to user's consistent interest in drama and action films.

【Short-term Alignment】
1. River adventure setting directly matches current interest in historical/period environments and outdoor action.
2. White-water rafting sequences fulfill user's recent draw toward strong adventure and action elements.
3. Family-in-peril storyline aligns with current interest in complex character relationships under pressure.

【Preference Dynamics】
1. Click demonstrates user's shift toward combining classic films with specific adventure themes.
2. Selection shows exploration within 1990s classics to include more location-based survival narratives."
38,1201,0,"[ANS] no
[REASON]
【Long-term Misalignment】
1. Film is from 1966 Italian cinema, not classic 1990s Hollywood era.
2. Visual palette features desolate gray landscapes, lacking bold colors and dramatic lighting.
3. Spaghetti Western genre differs from user's preferred drama/romance narratives.

【Short-term Misalignment】
1. Setting is American West frontier, not historical/period settings like Shakespearean or modern adventure films.
2. Character-driven Western lacks the adventure-action blend seen in Mission: Impossible or River Wild.
3. Poster emphasizes solitary gunman rather than complex relationship dynamics.

【Preference Dynamics】
1. Non-click confirms user's stable preference for 1990s Hollywood over older international cinema.
2. Shows limited interest in Western genre despite current adventure film interest."
158,53000,1,"[ANS] yes
[REASON]
【Long-term Alignment】
1. Direct sequel to ""28 Days Later"" which matches the user's established thriller/action preference.
2. Dark, edgy aesthetic with red/black color scheme aligns with user's visual preferences.
3. Post-apocalyptic thriller genre maintains user's interest in complex survival storylines.

【Short-term Alignment】
1. Continues the ""28 Days Later"" franchise the user previously engaged with.
2. Maintains the action-suspense-mystery blend from user's recent viewing patterns.
3. Released in 2007, extending user's interest in late 1990s-2000s era films.

【Preference Dynamics】
1. Shows user exploring franchise extensions while maintaining core genre preferences.
2. Indicates willingness to continue engaging with established thriller universes."
158,5240,0,"[ANS] no
[REASON]
【Long-term Misalignment】
1. The military combat theme differs from the user's preference for crime thrillers and dark character dramas.
2. The chaotic battlefield aesthetic contrasts with the user's preference for stylized, edgy visual narratives.
3. The straightforward action premise lacks the complex character dynamics seen in the user's preferred films.

【Short-term Misalignment】
1. The 1980 release date falls outside the user's recent focus on late 1990s-2000s films.
2. The military combat genre doesn't match the user's recent interest in suspense-mystery hybrids.
3. The ensemble war narrative lacks the strong character relationship focus seen in recent preferences.

【Preference Dynamics】
1. The non-click demonstrates the user's stable preference for specific thriller/action subgenres over military combat.
2. It shows limited interest in exploring earlier decades despite openness to unconventional styles."
238,3528,1,"[ANS] yes
[REASON]
【Long-term Alignment】
1. Film released in 1991, aligning with appreciation for classic era cinema.
2. Story features psychological trauma and moral complexity in character relationships.
3. Dramatic narrative with intricate emotional plot development.

【Short-term Alignment】
1. Content features strong male protagonist as central character.
2. Story explores intense psychological drama and emotional tension.
3. Blends drama with crime elements through traumatic backstory.

【Preference Dynamics】
1. Click represents genre exploration beyond pure action to psychological drama.
2. Selection balances nostalgic period film with intense emotional content."
238,3016,0,"[ANS] no
[REASON]
【Long-term Misalignment】
1. Horror genre differs from user's preference for crime/suspense thrillers and classic dramas.
2. Gothic horror aesthetic contrasts with user's appreciation for 1970s-80s retro film styles.
3. Supernatural elements don't align with user's interest in moral ambiguity and nuanced storytelling.

【Short-term Misalignment】
1. Horror focus conflicts with user's current interest in Westerns and crime dramas.
2. Supernatural themes don't match user's preference for realistic intense action content.
3. Lacks the strong male protagonist focus evident in user's recent selections.

【Preference Dynamics】
1. Non-click demonstrates user's stable avoidance of horror genre despite genre exploration.
2. Shows user's preference consistency outweighs novelty-seeking for certain content types."
585,3362,1,"[ANS] yes
[REASON]
【Long-term Alignment】
1. Film features complex characters exploring human relationships during a bank robbery.
2. Combines multiple genres including drama, thriller and dark comedy elements.
3. Bold graphic design with striking red typography against monochrome illustration.

【Short-term Alignment】
1. Released in 1975, directly matching the user's 1970s-set film interest.
2. Explores identity and social commentary through a true crime narrative.
3. Features gritty urban Brooklyn setting with realistic portrayal of events.

【Preference Dynamics】
1. Click demonstrates active exploration of classic films from specific eras.
2. Selection shows integration of nostalgic focus with established genre preferences."
585,53468,0,"[ANS] no
[REASON]
【Long-term Misalignment】
1. The zombie premise lacks complex human relationship focus, prioritizing horror-comedy over emotional depth.
2. Suburban satire contrasts with user's preference for gritty urban settings and realistic portrayals.
3. Bright color palette differs from user's preference for striking, bold graphic design aesthetics.

【Short-term Misalignment】
1. 2006 setting contradicts user's current interest in 1970s-era films and social commentary.
2. Zombie fantasy premise doesn't align with user's recent focus on realistic identity exploration.

【Preference Dynamics】
1. Non-click demonstrates user's stable preference for human-centered dramas over genre mashups.
2. Shows user's emerging focus on classic era films rather than contemporary genre experiments."
176,47,1,"[ANS] yes
[REASON]
【Long-term Alignment】
1. Features intense crime thriller with dark themes of danger and psychological conflict.
2. Centers on two male protagonists navigating realistic urban crime investigation.
3. Blends suspenseful drama with violent criminal case requiring character transformation.

【Short-term Alignment】
1. Released in 1995, directly matching 1990s action/drama film interest.
2. Provides intense, psychologically suspenseful narrative with dramatic tension.
3. Features rugged detective characters in gritty professional roles.

【Preference Dynamics】
1. Shows movement toward psychological intensity rather than pure action focus.
2. Explores darker crime themes while maintaining dramatic character study."
176,68650,0,"[ANS] no
[REASON]
【Long-term Misalignment】
1. Cover lacks action/adventure visual cues, showing static character portraits instead.
2. Serious character expressions suggest drama over intense action/suspense themes.
3. Modern setting and suits contrast with user's preference for realistic danger/transformation narratives.

【Short-term Misalignment】
1. 2009 release date conflicts with user's recent interest in 1990s films.
2. No western/historical elements visible in contemporary character designs.
3. Missing rugged individual or epic battle imagery prominent in recent preferences.

【Preference Dynamics】
1. Non-click demonstrates user's stable avoidance of non-action focused dramas.
2. Reinforces consistent preference for intense themes over character-driven stories."
558,1923,1,"[ANS] yes
[REASON]
【Long-term Alignment】
1. Features complex human relationships through multiple characters pursuing the same woman.
2. Contains dramatic comedic situations that create intense, memorable scenes.
3. Explores character-driven storytelling through interconnected personal motivations.

【Short-term Alignment】
1. Centers on mystery and intrigue surrounding Mary's appeal and hidden aspects.
2. Focuses heavily on character development through evolving romantic pursuits.
3. Employs storytelling through multiple perspectives of different suitors.

【Preference Dynamics】
1. Shows exploration of comedy genre while maintaining character-driven narrative focus.
2. Represents branching into relationship-focused stories beyond pure drama/thrillers."
558,82202,0,"[ANS] no
[REASON]
【Long-term Misalignment】
1. Cover suggests romantic thriller, lacking intense drama of preferred films.
2. Visual focus on two characters doesn't indicate character-driven relationship depth.
3. Urban setting lacks science fiction or fantasy elements.

【Short-term Misalignment】
1. Modern setting contrasts with historical/military theme interest.
2. Cover reveals no mystery or intrigue elements.
3. Artistic presentation doesn't suggest strong character development focus.

【Preference Dynamics】
1. User maintains stable preference boundaries despite genre exploration.
2. Non-click reflects selective engagement with new themes."
354,70,1,"[ANS] yes
[REASON]
【Long-term Alignment】
1. 1996 release falls within the user's preferred era for classic films (1960s-1990s).
2. The cover's dark, dramatic imagery with a gun-wielding silhouette aligns with the user's interest in moody aesthetics.
3. The film's crime and action themes match the user's established interest in dramatic, action-packed films.

【Short-term Alignment】
1. The film is a crime thriller, directly matching the user's recent focus on crime dramas.
2. The intense and suspenseful cover style fits the user's current interest in intense films.

【Preference Dynamics】
1. The click explores a film blending crime drama with horror elements, a slight genre expansion.
2. It maintains the user's pattern of balancing classic films with newer genre interests."
354,84942,0,"[ANS] no  
[REASON]  
【Long-term Misalignment】  
- The film is from 2011, outside the user's preferred 1960s–1990s classic era.  
- It lacks iconic sci-fi, fantasy, or superhero themes central to the user's interests.  
- Visuals emphasize action intensity over the user's favored dark, moody aesthetics.  

【Short-term Misalignment】  
- The cover suggests straightforward action, not psychological depth or suspense seen in recent interests.  
- It does not align with crime drama or thriller elements like ""Saw"" or ""Cruel Intentions.""  

【Preference Dynamics】  
- The user avoids content diverging from classic genres or established psychological thrillers.  
- Non-click reflects selective exploration, prioritizing familiar themes over generic action."
195,908,1,"[ANS] yes
[REASON]
【Long-term Alignment】
1. Features espionage thriller elements with suspenseful mistaken identity plot.
2. Contains dramatic visuals with bold typography and striking red/white color scheme.
3. Combines action sequences with complex character-driven narrative development.

【Short-term Alignment】
1. Visual style matches recent appreciation for striking cover graphics and bold design.
2. Blends suspense with character-driven human relationships and development.
3. Maintains romantic subplot elements seen in recent ""Scent of a Woman"" interest.

【Preference Dynamics】
1. Represents oscillation between action intensity and character-driven emotional depth.
2. Combines multiple preference categories (suspense, visuals, relationships) in single selection."
195,147,0,"[ANS] no  
[REASON]  
【Long-term Misalignment】  
- Lacks action-packed crime, thriller, or espionage elements typical of user's core interests.  
- Visuals focus on personal drama, not intense suspense or complex criminal storylines.  
- Absence of dark, bold aesthetics; uses warm, soft lighting and a simple character portrait.  

【Short-term Misalignment】  
- No blend of romance and suspense, unlike recent interests in ""Scent of a Woman"".  
- Cover lacks striking graphics or vibrant typography seen in preferred titles like ""Swingers"".  
- Focus on individual struggle, not dynamic human relationships or emotional bonds.  

【Preference Dynamics】  
- User favors variety but avoids content leaning heavily into pure drama without suspense.  
- Non-click shows stable disinterest in character studies lacking action or intrigue."
515,175569,1,"[ANS] yes
[REASON]
【Long-term Alignment】
1. Features intense themes of crime investigation in harsh wilderness setting
2. Strong narrative focus with emotional resonance about human tragedy
3. Complex character development between two main investigators

【Short-term Alignment】
1. Continues exploration of dramatic, intense themes like recent watches
2. Features strong character-driven storytelling similar to recent preferences
3. Maintains interest in complex plots with serious subject matter

【Preference Dynamics】
1. Explores crime drama genre while maintaining dramatic intensity preference
2. Represents contemporary film selection within established thematic interests"
515,448,0,"[ANS] no
[REASON]
【Long-term Misalignment】
1. Lacks the intense drama and historical depth seen in Schindler's List and Saving Private Ryan.
2. Missing complex storytelling and character development central to Shawshank Redemption and The Usual Suspects.
3. Does not feature strong narrative emotional resonance present in Forrest Gump and The Green Mile.

【Short-term Misalignment】
1. Diverges from current intense dramatic themes explored in Fight Club and Saving Private Ryan.
2. Absent of complex plot twists and criminal intrigue found in recent watch The Usual Suspects.
3. Does not continue exploration of character-driven narratives from recent viewing patterns.

【Preference Dynamics】
1. Demonstrates user's selective approach to novelty, avoiding content outside established dramatic intensity preferences.
2. Shows stable preference for narrative complexity over visual or atmospheric storytelling approaches."
497,608,1,"[ANS] yes
[REASON]
【Long-term Alignment】
1. Crime thriller genre with moral ambiguity aligns with classic film preferences.
2. Complex character studies of ordinary people in extraordinary situations.
3. Strong visual aesthetic with stark winter landscapes and deliberate cinematography.

【Short-term Alignment】
1. 1996 release date directly matches current 1990s film fascination.
2. Blends crime drama with distinctive dark humor elements.
3. Features unconventional storytelling through ironic narration and regional dialect.

【Preference Dynamics】
1. Explores crime genre through unexpected comedic lens, showing stylistic experimentation.
2. Challenges conventional morality tales with Coen brothers' unique narrative approach."
497,879,0,"[ANS] no
[REASON]
【Long-term Misalignment】
1. The horror-focused cover lacks the complex character exploration typical of user's preferred drama/thriller genres.
2. Screaming face imagery contrasts with user's preference for atmospheric settings and visual subtlety.
3. Monster/horror premise differs from user's interest in moral ambiguity and human-centered narratives.

【Short-term Misalignment】
1. 1997 release falls outside user's current focus on 1990s films with dark humor and identity themes.
2. Horror genre lacks the sophisticated storytelling and non-linear narratives user currently seeks.
3. Distress-focused imagery doesn't align with user's interest in thought-provoking human condition exploration.

【Preference Dynamics】
1. User maintains preference stability by avoiding horror genre despite willingness to explore new themes.
2. Non-click reflects user's selective novelty-seeking, rejecting content that doesn't meet quality storytelling standards."
589,231,1,"[ANS] yes
[REASON]
【Long-term Alignment】
1. Features protagonists on a journey of self-discovery and personal growth through their cross-country adventure.
2. Contains nostalgic 1990s aesthetic with period-appropriate clothing, vehicles, and cultural references.
3. Explores human relationships through the comedic yet meaningful bond between the two main characters.

【Short-term Alignment】
1. Released in 1994, perfectly matching the user's current interest in 1990s-set films.
2. Features two male protagonists whose emotional vulnerabilities drive the comedic narrative.
3. Explores social nonconformity through characters who defy conventional intelligence standards.

【Preference Dynamics】
1. Represents exploration into comedy genre while maintaining core interest in character-driven stories.
2. Shows willingness to engage with lighter themes while preserving interest in human relationships."
589,54372,0,"[ANS] no
[REASON]
【Long-term Misalignment】
1. The thriller genre conflicts with user's strong preference for drama and romance.
2. Lacks nostalgic aesthetic elements like classic cars or retro clothing.
3. Focuses on mystery/suspense rather than identity exploration or personal growth.

【Short-term Misalignment】
1. Set in 2006 rather than user's current interest in 1990s period.
2. Silhouette suggests action/thriller protagonist, not emotionally vulnerable male focus.
3. Mystery plot differs from themes of social change and rebellion.

【Preference Dynamics】
1. Non-click reflects user's stable avoidance of thriller/action genres.
2. Shows consistent preference for character-driven stories over plot-driven suspense."
521,837,1,"[ANS] yes
[REASON]
【Long-term Alignment】
1. Matilda features strong, memorable child protagonist overcoming adversity through intelligence.
2. Film blends drama with thriller elements during Trunchbull's abusive school scenes.
3. Story presents complex themes of justice, empowerment and intellectual rebellion.

【Short-term Alignment】
1. Magnifying glass imagery directly matches user's current interest in investigation themes.
2. Dark school setting with cosmic background aligns with mysterious aesthetic preferences.
3. Fantasy elements in family-friendly format match recent genre exploration.

【Preference Dynamics】
1. Click demonstrates continued exploration of fantasy while maintaining thriller elements.
2. Selection shows balancing dark themes with accessible, character-driven storytelling."
521,3758,0,"[ANS] no
[REASON]
【Long-term Misalignment】
1. Alien-focused sci-fi differs from user's preferred drama and thriller genres.
2. Lacks complex character development seen in user's favored films.
3. Supernatural theme contrasts with user's interest in human-centered narratives.

【Short-term Misalignment】
1. Sci-fi alien theme doesn't match current interest in dark mystery.
2. Lacks investigation/discovery elements present in recent preferences.
3. Alien encounter differs from fantasy/family exploration in Matilda.

【Preference Dynamics】
1. Shows user maintains genre boundaries despite exploration behavior.
2. Indicates limited interest in supernatural/sci-fi topics."
68,112175,1,"[ANS] yes
[REASON]
【Long-term Alignment】
1. Animated fantasy adventure aligns with science fiction/fantasy film preference.
2. Vibrant poster with bold colors matches visually striking movie preference.
3. Character-focused narrative supports interest in strong storytelling development.

【Short-term Alignment】
1. Animated adventure format provides action-packed excitement matching current interests.
2. Character relationships and development align with recent relationship-focused preferences.

【Preference Dynamics】
1. Clicking animated film shows minor exploration beyond typical live-action preferences.
2. Selecting sequel indicates comfort with familiar franchise while trying new formats."
68,34148,0,"[ANS] no
[REASON]
【Long-term Misalignment】
1. Cover lacks bold colors and memorable characters typical of preferred visually striking posters.
2. Serious tone contrasts with preferred action-adventure and fantasy genres.
3. Minimalist design differs from dramatic movie posters the user favors.

【Short-term Misalignment】
1. Contemporary setting contrasts with user's current interest in retro-themed movies.
2. Serious character study lacks the action-packed excitement user recently prefers.
3. No comedic or adventure elements present in current short-term preferences.

【Preference Dynamics】
1. Non-click reflects user's stable preference for genre films over character dramas.
2. Consistent avoidance of minimalist artistic films in favor of mainstream genres."
375,3256,1,"[ANS] yes
[REASON]
【Long-term Alignment】
1. Direct match to user's established action movie preference from their watch history.
2. Features dramatic intensity consistent with their interest in serious storytelling.
3. Contains conflict elements aligning with their preference for action-packed narratives.

【Short-term Alignment】
1. Strong character focus evident from the prominent central figure on cover.
2. Complex plot suggested by the serious tone and conflict imagery.
3. Emotional intensity matching recent interest in dramatic human stories.

【Preference Dynamics】
1. Represents a return to action genre while maintaining character-driven elements.
2. Shows consistent preference for intense narratives across different content formats."
375,8964,0,"[ANS] no
[REASON]
【Long-term Misalignment】
1. Lacks action sequences present in user's preferred films like Gladiator.
2. No science fiction or fantasy elements unlike Star Wars titles.
3. Missing dramatic intensity found in Shawshank Redemption.

【Short-term Misalignment】
1. Opera biopic format differs from recent character-driven dramas like Forrest Gump.
2. Not exploring complex plot structures seen in Memento.
3. Focus on artistic career rather than human relationships in Twelve Monkeys.

【Preference Dynamics】
1. Opera genre falls outside user's established genre exploration patterns.
2. Biographical approach lacks emotional resonance of user's preferred storytelling styles."
169,8641,1,"[ANS] yes
[REASON]
【Long-term Alignment】
1. Direct match to classic films preference with ""Anchorman"" (2004) explicitly listed in long-term interests.
2. Comedy genre aligns with established romantic comedy interest through similar humorous tone and era.
3. Nostalgic 2000s setting fits persistent classic film preference from user's viewing history.

【Short-term Alignment】
1. Comedy genre directly matches current short-term comedy interest evidenced by ""Tin Cup"" and ""Multiplicity"".
2. 2004 release year connects to emerging period drama interest in similar timeframe films.

【Preference Dynamics】
1. Reinforces established long-term preferences rather than exploring new genres.
2. Demonstrates consistency in returning to proven interests from their preference history."
169,106920,0,"[ANS] no  
[REASON]  
【Long-term Misalignment】  
1. The film is a sci-fi romance, not aligning with the user's classic films or nostalgic themes.  
2. It lacks whimsical or fantastical elements seen in the user's long-term interests like Harry Potter.  
3. No adventure, action, or family-friendly focus, differing from established romantic comedies and family films.  

【Short-term Misalignment】  
1. The futuristic setting contrasts with the user's recent period dramas and horror/thriller explorations.  
2. Absence of comedic or thriller elements, which are current short-term interests.  

【Preference Dynamics】  
1. The non-click reflects the user's stable avoidance of sci-fi and futuristic themes.  
2. It shows limited interest in emotionally intense, non-nostalgic modern narratives."
330,4902,1,"[ANS] yes
[REASON]
【Long-term Alignment】
1. Psychological thriller elements with supernatural horror create morally ambiguous themes.
2. Complex child characters navigating wartime trauma and ghostly encounters.
3. Stylized visual storytelling through Guillermo del Toro's distinctive gothic aesthetic.

【Short-term Alignment】
1. Fantasy-horror hybrid combines supernatural elements with historical setting.
2. Whimsical yet dark atmosphere blends fantasy with psychological tension.
3. Unique storytelling approach mixing ghost story with wartime drama.

【Preference Dynamics】
1. Exploratory interest in foreign-language fantasy-horror expands beyond recent English-language films.
2. Novel combination of historical drama with supernatural elements satisfies complexity seeking."
330,921,0,"[ANS] no
[REASON]
【Long-term Misalignment】
1. The cartoonish visual style lacks the psychological depth and moral complexity the user prefers.
2. Joyful tone contradicts user's interest in morally ambiguous themes and characters.
3. Music video format differs from narrative films with complex character development.

【Short-term Misalignment】
1. Whimsical cartoon aesthetic doesn't match current interest in vibrant but grounded sci-fi/fantasy.
2. Music content diverges from current focus on feature films with mixed genres.
3. Lighthearted tone contrasts with recent interest in horror-comedy blends.

【Preference Dynamics】
1. Non-click reflects user's stable preference for narrative complexity over purely visual content.
2. Shows user maintains selective exploration, avoiding content that lacks thematic depth."
163,1784,1,"[ANS] yes
[REASON]
【Long-term Alignment】
1. Released in 1997, matching the user's strong interest in films from that specific year.
2. Features character development and relationships, aligning with the user's fondness for this focus.
3. Contains a mix of light-hearted and serious tones, fitting the user's genre diversity preference.

【Short-term Alignment】
1. Strong storytelling and plot twists match the user's current interest in narrative complexity.
2. Character development and emotional depth align with the user's recent focus on these elements.
3. Blend of comedic and dramatic tones fits the user's current preference for tonal balance.

【Preference Dynamics】
1. Demonstrates the user's stable preference for 1990s films with character-driven narratives.
2. Shows the user's consistent exploration of movies balancing humor and emotional depth."
163,45499,0,"[ANS] no
[REASON]
【Long-term Misalignment】
1. Released in 2006, not matching user's strong preference for 1997-era films.
2. Focuses on superhero action rather than character-driven stories like Good Will Hunting.
3. Lacks the mystery/intrigue elements present in The Game and As Good as It Gets.

【Short-term Misalignment】
1. Prioritizes action spectacle over nuanced storytelling and plot twists.
2. Dark, moody tone lacks the light-hearted/serious balance user currently seeks.
3. Superhero premise doesn't emphasize real-world settings or emotional depth.

【Preference Dynamics】
1. Demonstrates user's stable disinterest in modern superhero films versus 1990s cinema.
2. Confirms user's consistent preference for character-focused narratives over action spectacles."
310,2944,1,"[ANS] yes
[REASON]
【Long-term Alignment】
- Film from 1967 aligns with user's strong interest in classic films
- Action-adventure genre matches user's preference for engaging storytelling
- Military narrative provides strong dramatic elements consistent with user's interests

【Short-term Alignment】
- 1967 release date fits user's recent interest in 1960s-2000s films
- Vibrant red color scheme and explosive visuals match preference for dynamic graphics
- Action-adventure genre aligns with recent exploration of varied genres

【Preference Dynamics】
- User explores action genre while maintaining core interest in classic films
- Click shows willingness to engage with military themes within preferred decades"
310,170875,0,"[ANS] no
[REASON]
【Long-term Misalignment】
1. Film lacks classic film elements, being a modern 2017 release.
2. Focuses on action sequences rather than drama/romance/adventure storytelling.
3. Prioritizes car chases over strong narrative depth and character development.

【Short-term Misalignment】
1. Outside preferred decade range (2017 vs 1960s-2000s focus).
2. Visual style emphasizes gritty realism over vibrant, stylized graphics.
3. Modern action genre differs from preferred comedies and dramas.

【Preference Dynamics】
1. Non-click demonstrates stable preference for classic storytelling over modern blockbusters.
2. Shows consistent avoidance of contemporary action-focused films."
194,7143,1,"[ANS] yes
[REASON]
【Long-term Alignment】
1. Film set in historical 19th century Japan with strong cultural context.
2. Features dramatic storytelling about honor and cultural transformation.
3. Classic 2003 film aligns with nostalgic appreciation for older cinema.

【Short-term Alignment】
1. Contains military/war themes similar to recently watched ""Platoon.""
2. Offers intense dramatic elements matching current preference for strong emotional impact.
3. Features striking visual imagery with detailed samurai armor and battle scenes.

【Preference Dynamics】
1. Expands military interest into historical Japanese context, showing genre exploration.
2. Combines multiple preferred elements (historical, dramatic, visual) in single selection."
194,3857,0,"[ANS] no
[REASON]
【Long-term Misalignment】
1. Lacks classic film era appeal (2000 release vs user's 1960s-1980s preference)
2. Missing historical/cultural context present in user's preferred films
3. Supernatural horror theme differs from user's storytelling-focused drama interests

【Short-term Misalignment】
1. No military/war elements unlike recent ""Platoon"" interest
2. Dark supernatural theme contrasts with user's recent historical drama focus
3. Lacks the visual grandeur seen in user's recent ""The Last Samurai"" preference

【Preference Dynamics】
1. Shows user's consistent avoidance of horror/supernatural genres
2. Indicates stable preference for grounded historical narratives over fantastical elements"
153,7265,1,"[ANS] yes
[REASON]
【Long-term Alignment】
1. Psychological drama exploring complex human emotions through intimate character relationships.
2. Experimental storytelling style with surreal, dreamlike narrative techniques.
3. Focus on nuanced character development within unconventional relationship dynamics.

【Short-term Alignment】
1. Explores themes of identity and self-discovery among young protagonists.
2. Challenges traditional narrative structures through surreal, dreamlike presentation.
3. Character-driven emotional depth with serious, introspective character expressions.

【Preference Dynamics】
1. Demonstrates openness to experimental visual and narrative approaches.
2. Expands interest in psychological themes through unconventional storytelling methods."
153,172637,0,"[ANS] no
[REASON]
【Long-term Misalignment】
1. Cartoon animation style contrasts with user's preference for psychological dramas exploring human emotions.
2. Simple adventure narrative lacks complex character development and nuanced relationships user prefers.
3. Bright comic book aesthetic differs from serious tone of films exploring complex human emotions.

【Short-term Misalignment】
1. Lighthearted adventure theme doesn't address user's recent interest in identity and existential crisis themes.
2. Conventional storytelling approach contrasts with user's preference for experimental narrative structures.
3. Cartoon character lacks the emotional depth and psychological complexity user currently seeks.

【Preference Dynamics】
1. Non-click demonstrates user's stable preference for serious psychological content over light entertainment.
2. Shows user's experimental storytelling interest doesn't extend to animated adventure formats."
333,3719,1,"[ANS] yes
[REASON]
【Long-term Alignment】
1. Film is a romantic comedy matching user's established appreciation for this genre.
2. Released in 2000, it qualifies as a classic film within user's preferred era.
3. Strong narrative focus evident from theatrical poster composition and Shakespearean adaptation.

【Short-term Alignment】
1. Released in 2000, directly matching user's recent focus on early 2000s films.
2. Visually striking cover with artistic stylization aligns with current preference for dynamic marketing.
3. Group portrait suggests celebration/adventure, fitting recent interest in lively themes.

【Preference Dynamics】
1. Click demonstrates continued exploration within established romantic comedy preference.
2. Selection shows willingness to engage with Shakespearean adaptation, indicating genre depth exploration."
333,130578,0,"[ANS] no  
[REASON]  
【Long-term Misalignment】  
- The user prefers classic films, but ""The Gunman"" is a modern 2015 release.  
- It lacks the strong narrative focus typical of their favored dramas and romantic comedies.  
- The dark, action-centric theme does not align with their interest in romantic comedies.  

【Short-term Misalignment】  
- The user recently watched early 2000s films, while this video is from 2015.  
- Its muted, realistic poster contrasts with their preference for vibrant, striking visuals.  
- The urban action setting differs from their recent adventure or romantic comedy choices.  

【Preference Dynamics】  
- The non-click reflects the user's stable avoidance of modern, non-classic era films.  
- It shows their consistent disinterest in dark, gun-focused action themes."
394,553,1,"[ANS] yes
[REASON]
【Long-term Alignment】
1. Matches historical/action preference as a Western film with gunfights and frontier setting.
2. Aligns with classic film interest as a 1993 release from the user's preferred decade.
3. Fits dramatic tension preference through serious character expressions and implied conflict.

【Short-term Alignment】
1. Directly continues recent Western genre exploration indicated by ""Tombstone"" in viewing history.
2. Features strong protagonists as central focus, matching recent character-driven interest.
3. Contains crime elements through lawmen-outlaw dynamics, aligning with recent crime drama focus.

【Preference Dynamics】
1. Demonstrates genre exploration by selecting a Western film from preferred action-drama spectrum.
2. Shows willingness to revisit genres within established preferences rather than seeking entirely new categories."
394,1652,0,"[ANS] no  
[REASON]  
【Long-term Misalignment】  
1. The video focuses on music performance, not historical dramas or action films.  
2. It lacks thriller or suspense elements present in the user's preferred movies.  
3. The 1997 release does not match the user's interest in classic 1990s narrative cinema.  

【Short-term Misalignment】  
1. No crime drama elements, unlike recent watches like ""The Fugitive"".  
2. Absence of a strong protagonist driving a character-driven story.  
3. It is not a Western or crime genre, which the user recently explored.  

【Preference Dynamics】  
1. Reflects stable disinterest in non-narrative or music-focused content.  
2. Shows lack of engagement with topics outside action, drama, or suspense genres."
496,109374,1,"[ANS] yes
[REASON]
【Long-term Alignment】
1. Film features strong narrative focus characteristic of user's preferred classic storytelling tradition.
2. Visual aesthetic resembles classic movie poster artistry user consistently appreciates.
3. Story contains adventure and dramatic elements matching user's genre preferences.

【Short-term Alignment】
1. Stylized cover artwork aligns with user's recent interest in distinctive movie visuals.
2. Film represents exploration of acclaimed modern directors while maintaining classic sensibilities.
3. Narrative-driven approach matches current focus on films with strong storytelling.

【Preference Dynamics】
1. Click demonstrates moderate novelty seeking through modern film while maintaining classic themes.
2. Selection shows diversification into stylized contemporary works alongside traditional classics."
496,249,0,"[ANS] no
[REASON]
【Long-term Misalignment】
1. Film from 1994, not within user's preferred 1940s-1970s classic film era.
2. Biographical drama lacks the fantasy/adventure elements present in user's interests.
3. Focuses on composer's personal life rather than strong narrative-driven storytelling.

【Short-term Misalignment】
1. User currently exploring iconic 1940s-1970s films, not 1990s releases.
2. Recent interest in classic movie posters contrasts with modern cover design.
3. Focus on Beethoven biography diverges from user's current narrative film exploration.

【Preference Dynamics】
1. Non-click reflects user's stable preference for pre-1980s classic cinema.
2. Shows limited interest in biographical films outside established narrative preferences."
339,166643,1,"[ANS] yes
[REASON]
【Long-term Alignment】
1. Film features complex female protagonists overcoming systemic barriers in 1960s NASA.
2. Combines dramatic narrative with visually striking period production design elements.
3. Historical drama with suspenseful workplace discrimination and space race tensions.

【Short-term Alignment】
1. Period drama exploring significant historical events and cultural impact of NASA.
2. Intense visual storytelling through 1960s aesthetic and space mission sequences.

【Preference Dynamics】
1. Expands period drama interest to include underrepresented historical narratives.
2. Maintains thriller/suspense preference through workplace tension and space race urgency."
339,181,0,"[ANS] no  
[REASON]  
【Long-term Misalignment】  
1. The film lacks complex characters and themes typical of the user's classic film interests.  
2. It is a lighthearted action-adventure, contrasting with the user's preference for intense dramas or thrillers.  
3. Visuals prioritize colorful superhero aesthetics over the memorable, artistic cinematography the user favors.  

【Short-term Misalignment】  
1. The movie is a modern fantasy-action piece, not a period drama with historical significance.  
2. Its tone is upbeat and family-friendly, differing from the user's recent suspenseful, intense films.  

【Preference Dynamics】  
1. The non-click reflects the user's stable disinterest in lighthearted, non-intellectual genres.  
2. It shows the user's exploration remains within serious, thematic boundaries, not extending to campy adaptations."
104,76093,1,"[ANS] yes
[REASON]
【Long-term Alignment】
1. Animated film format aligns with consistent appreciation for animated works.
2. Fantasy adventure narrative matches new interest in imaginative world-building.
3. Strong character relationship development between boy and dragon.

【Short-term Alignment】
1. Visual aesthetics of dragon design and moonlit scene appeal to style focus.
2. Character development arc matches recent interest in relationship-driven stories.
3. Adventure fantasy elements align with growing Harry Potter/Spirited Away appreciation.

【Preference Dynamics】
1. Click demonstrates exploration of modern animated fantasy alongside classic films.
2. Selection shows eclectic blending of animation, adventure, and character development interests."
104,1518,0,"[ANS] no
[REASON]
【Long-term Misalignment】
1. Film appears to be a thriller/action genre, lacking classic romantic or fantasy elements.
2. No indication of animated content or strong character relationship development.
3. Modern 1990s setting contrasts with user's growing nostalgia for 1970s-80s films.

【Short-term Misalignment】
1. Visual aesthetic suggests gritty realism rather than stylized musical or comedic presentation.
2. Missing the romance-comedy blend present in user's recent preferences.
3. Desert setting and serious tone diverge from vibrant, aesthetic-focused films like Moulin Rouge.

【Preference Dynamics】
1. Non-click demonstrates user's consistent avoidance of thriller/action genres.
2. Reinforces user's selective exploration limited to fantasy, romance, and stylized aesthetics."
399,6333,1,"[ANS] yes
[REASON]
【Long-term Alignment】
1. This is a science fiction film featuring mutant superheroes, matching the user's established sci-fi/fantasy preference.
2. The cover's sleek visual aesthetic with metallic gradient aligns with the user's appreciation for strong visual presentation.
3. As a sequel to X-Men, it continues a franchise the user has previously engaged with.

【Short-term Alignment】
1. The film combines action sequences with character-driven storytelling, fitting recent animated film interests.
2. It features prominent action and adventure elements that match the user's current focus on these genres.
3. The ensemble cast allows for character development similar to what attracted the user to Toy Story 2.

【Preference Dynamics】
1. The click demonstrates consistency rather than change, reinforcing established sci-fi/action preferences.
2. It shows continued engagement with superhero subgenre within broader sci-fi interests."
399,42728,0,"[ANS] no
[REASON]
【Long-term Misalignment】
1. The film is a historical romance drama, not science fiction or fantasy.
2. The visual aesthetic focuses on moody realism rather than fantastical or action-oriented visuals.
3. Lacks the science fiction elements present in ""X2: X-Men United"" which the user prefers.

【Short-term Misalignment】
1. The film is live-action drama, not an animated feature like ""Toy Story 2"".
2. Focuses on romantic narrative rather than action-adventure storytelling.
3. Missing the character-driven adventure elements seen in recent user interests.

【Preference Dynamics】
1. The non-click demonstrates user's stable preference for genre films over historical dramas.
2. Shows limited interest in romance-focused narratives despite openness to new themes."
75,1196,1,"[ANS] yes
[REASON]
【Long-term Alignment】
1. Belongs to iconic Star Wars franchise, a core long-term interest.
2. Classic 1980 film matching user's strong preference for 1970s-1980s cinema.
3. Features adventure and science fiction themes central to user's stable interests.

【Short-term Alignment】
1. 1980s sci-fi film aligns with recent interest in 1980s-1990s sci-fi/action.
2. Movie poster format matches current exploration of classic visual storytelling.

【Preference Dynamics】
1. Click demonstrates continued engagement with established interests rather than significant exploration.
2. Reinforces stable preference pattern while fitting recent sci-fi focus period."
75,8024,0,"[ANS] no
[REASON]
【Long-term Misalignment】
1. The video features contemporary country music, not classic 1970s-1980s films.
2. Lacks adventure/fantasy/sci-fi themes present in Star Wars and Indiana Jones.
3. Modern rural setting doesn't align with nostalgic classic film preferences.

【Short-term Misalignment】
1. Music video format differs from recent interest in sci-fi/action films.
2. Country music theme contrasts with 1980s-1990s sci-fi film exploration.
3. Personal relationship focus doesn't match visual storytelling interest.

【Preference Dynamics】
1. Non-click confirms stability in avoiding non-fantasy/adventure content.
2. Shows limited interest in expanding beyond film into music genres."
535,2702,1,"[ANS] yes
[REASON]
【Long-term Alignment】
1. Released in 1999, directly matching user's strong interest in late 1990s films.
2. Complex themes of American society align with user's preference for thought-provoking plots.
3. Character-driven thriller elements fit user's mixed genre interests.

【Short-term Alignment】
1. Film explores interpersonal dynamics during crisis, matching current focus on character relationships.
2. Newspaper collage aesthetic creates strong nostalgic/retro appeal user currently seeks.
3. Themes of identity and morality align with user's current exploration of human condition.

【Preference Dynamics】
1. Click demonstrates user's exploration of darker thriller elements within preferred 1990s timeframe.
2. Selection shows willingness to engage with historically-grounded narratives beyond pure fiction."
535,158882,0,"[ANS] no
[REASON]
【Long-term Misalignment】
1. Film released in 2016, not matching user's strong preference for late 1990s American films.
2. Cover suggests light family gathering content, lacking complex themes or thought-provoking plots.
3. Visual tone appears comedic/lighthearted, missing character-driven depth user consistently prefers.

【Short-term Misalignment】
1. Barbecue scene focuses on casual family activity, not deep interpersonal dynamics user currently seeks.
2. Modern suburban setting lacks nostalgic or retro appeal user is drawn to.
3. Superficial social gathering doesn't explore identity, morality, or human condition themes.

【Preference Dynamics】
1. Non-click demonstrates user's stable preference for specific era (1990s) over modern releases.
2. Shows user's consistent avoidance of lighthearted content in favor of substantive character studies."
588,175,1,"[ANS] yes
[REASON]
【Long-term Alignment】
1. Film features gritty realism and complex character studies in urban environments.
2. Strong narrative focus aligns with user's preference for dramatic storytelling.
3. Dark thematic elements match user's interest in intense, dramatic content.

【Short-term Alignment】
1. 1995 release date directly matches user's recent 1990s film fascination.
2. Urban setting and dark themes align with current crime/thriller interest.
3. Film's controversial nature reflects user's exploration of gritty urban narratives.

【Preference Dynamics】
1. Click demonstrates user's shift toward more experimental, character-driven films.
2. Selection shows exploration beyond traditional action toward social realism genres."
588,3871,0,"[ANS] no
[REASON]
【Long-term Misalignment】
1. Film is a Western genre, not action movies with gritty urban settings.
2. Lacks the intense crime/suspense elements characteristic of user's preferences.
3. Features rural frontier setting instead of user's preferred realistic urban environments.

【Short-term Misalignment】
1. Released in 1953, outside user's recent 1993-1996 film interest period.
2. Western theme contrasts with user's current crime/thriller focus.
3. Missing the dark, contemporary urban elements of recent preferences.

【Preference Dynamics】
1. Non-click demonstrates user's stable avoidance of non-action genres like Westerns.
2. Shows limited interest in exploring historical cinema outside 1990s timeframe."
120,858,1,"[ANS] yes
[REASON]
【Long-term Alignment】
1. Film released in 1972 aligns with user's strong affinity for pre-2000s classic films.
2. Dramatic poster style matches user's appreciation for intense, gritty themes.
3. Features iconic character imagery consistent with user's preference for memorable cinematic figures.

【Short-term Alignment】
1. User's current 1990s interest extends to exploring acclaimed 1970s cinema.
2. Crime genre elements connect to user's recent engagement with films like Fargo.
3. Maintains user's demonstrated interest in character-driven narratives.

【Preference Dynamics】
1. Click demonstrates stable preference for classic films while exploring different decades.
2. Shows gradual genre exploration within user's established dramatic theme preference."
120,34143,0,"[ANS] no
[REASON]
【Long-term Misalignment】
1. Released in 2005, conflicting with user's preference for pre-2000s films.
2. Horror genre differs from user's established dramatic/intense theme preference.
3. Lacks iconic character imagery present in user's preferred Star Wars/Godfather films.

【Short-term Misalignment】
1. 2005 release date misaligns with current 1990s film interest.
2. Horror theme contrasts with recent action/adventure and comedy selections.
3. Supernatural elements differ from grounded crime/drama films like Fargo.

【Preference Dynamics】
1. Non-click demonstrates user's stable preference for classic era films.
2. Shows limited interest in horror genre despite novelty-seeking tendency."
395,519,1,"[ANS] yes
[REASON]
【Long-term Alignment】
1. Released in 1993, aligning with the user's strong preference for 1990s movies.
2. Features action-packed content consistent with their affinity for action movies.
3. Presents a futuristic adventure theme matching their drawn genres.

【Short-term Alignment】
1. Directly matches recent interest in sci-fi/futuristic themes like ""Johnny Mnemonic"".
2. Features an iconic character franchise similar to their recent ""Waterworld"" interest.
3. Contains visually striking poster imagery with bold colors and dramatic composition.

【Preference Dynamics】
1. Demonstrates their moderate novelty seeking through sci-fi genre exploration.
2. Reinforces their shifting emphasis toward iconic character franchises."
395,87869,0,"[ANS] no
[REASON]
【Long-term Misalignment】
1. The movie is a 2011 comedy, not matching the user's preference for 1990s releases.
2. It lacks action/adventure elements present in the user's core interests like Braveheart and Mission: Impossible.
3. The comedy genre doesn't align with the user's established preference for action, romance, or fantasy films.

【Short-term Misalignment】
1. The contemporary workplace comedy contrasts with the user's recent sci-fi/futuristic theme interest.
2. It doesn't feature iconic franchises or characters that the user has recently engaged with.
3. The poster's portrait-based design differs from the visually striking, dramatic posters in recent watch history.

【Preference Dynamics】
1. The non-click reflects the user's stable preference for action-oriented content over comedy.
2. It shows the user's novelty seeking doesn't extend beyond their core interest areas."
511,115149,1,"[ANS] yes
[REASON]
【Long-term Alignment】
1. Features adventure/action elements aligning with user's drama-adventure genre preference.
2. Visually striking cover with intense character focus matches user's aesthetic preference.
3. Contains complex character-driven narrative fitting user's interest in character depth.

【Short-term Alignment】
1. Strong action-drama blend matches recent exploration of mixed genre films.
2. Character-driven revenge story aligns with current focus on emotional narratives.
3. Modern classic status (2014) shows continued novelty seeking beyond older films.

【Preference Dynamics】
1. Represents exploration of newer action-oriented films while maintaining character focus.
2. Shows willingness to try intense action narratives alongside emotional dramas."
511,112183,0,"[ANS] no
[REASON]
【Long-term Misalignment】
1. Film released in 2014, contrasting with user's preference for 1980s-early 2000s classics.
2. Abstract comic-book style cover art differs from user's preference for bold, evocative imagery.
3. Contemporary setting and themes diverge from user's established interest in classic cinema eras.

【Short-term Misalignment】
1. Dark comedy/drama genre contrasts with user's recent focus on emotional depth and serious drama.
2. Metafictional narrative style differs from user's preference for straightforward, character-driven storytelling.
3. Modern psychological themes lack the nostalgic/retro aesthetic user has recently sought.

【Preference Dynamics】
1. Non-click reflects user's stable preference for traditional narrative structures over experimental filmmaking.
2. Shows limited interest in contemporary cinema that diverges from their established classic film preferences."
492,990,1,"[ANS] yes
[REASON]
【Long-term Alignment】
1. Film features action-thriller elements matching user's preference for suspenseful, dramatic narratives.
2. Contains serious character portrayals aligning with user's interest in memorable characters.
3. Action-packed premise fits user's established preference for entertainment with substance.

【Short-term Alignment】
1. 1996 release date directly matches user's current interest in 1990s action films.
2. Split-screen visual design and dramatic imagery align with user's recent focus on striking visuals.
3. Action-thriller genre fits user's temporary shift toward 1990s action-dramas.

【Preference Dynamics】
1. Click demonstrates user actively exploring 1990s action films within their broader interest spectrum.
2. Selection shows user applying their visual preferences to discover content from specific era."
492,75416,0,"[ANS] no  
[REASON]  
【Long-term Misalignment】  
- The cover's futuristic cyberpunk style lacks the real-world adventure or drama typical of the user's preferred action genres.  
- No indication of comedy, romance, or lighthearted tone, which are consistently favored by the user.  
- Silhouetted characters on the cover prevent any engagement with memorable personalities or expressive storylines.  

【Short-term Misalignment】  
- The 1996 release does not match the user's recent focus on 1990s live-action films, as this is a video game.  
- Dark, sleek cyberpunk aesthetics contrast with the vibrant colors and dynamic action seen in their recent interests.  

【Preference Dynamics】  
- The non-click reflects the user's stable preference for cinematic narratives over unrelated media like video games.  
- It shows limited interest in genres outside their established action-comedy and drama focus, even from the 1990s."
208,2058,1,"[ANS] yes
[REASON]
【Long-term Alignment】
1. Film features intense action sequences matching user's preference for action-packed content.
2. Dramatic hostage crisis storyline aligns with user's appreciation for intense storytelling.
3. Thriller genre directly corresponds to user's established interest in dramatic thrillers.

【Short-term Alignment】
1. 1998 release date matches user's recent preference for late 1990s films.
2. Recent viewing of The Sixth Sense indicates current interest in suspense thrillers.
3. User recently watched The Negotiator, showing active engagement with this specific film.

【Preference Dynamics】
1. Click demonstrates continued exploration of thriller genre beyond science fiction.
2. Selection shows stable interest in dramatic action films while diversifying within preferred genres."
208,146688,0,"[ANS] no
[REASON]
【Long-term Misalignment】
1. Lacks science fiction/fantasy elements present in user's core interests.
2. Missing action sequences characteristic of user's preferred films.
3. Visual tone appears more psychological than action-drama blend user favors.

【Short-term Misalignment】
1. Released in 2015, not matching user's recent 1990s film preference.
2. Crime thriller focus differs from user's recent suspense/historical drama exploration.
3. Serious tone contrasts with user's recent genre-diversifying pattern.

【Preference Dynamics】
1. Demonstrates user's stable preference for established genres over unfamiliar territory.
2. Shows selective novelty-seeking rather than indiscriminate genre experimentation."
444,357,1,"[ANS] yes
[REASON]
【Long-term Alignment】
1. Complex character relationships and emotional themes align with human relationship interests.
2. Funeral element introduces dramatic scenes matching moody atmosphere preference.
3. Ensemble cast provides character complexity through interconnected personal stories.

【Short-term Alignment】
1. Strong storytelling focus through sequential life event structure.
2. Emotional depth explored through romantic relationships and personal growth.
3. Dramatic tension created by wedding/funeral juxtaposition and relationship uncertainties.

【Preference Dynamics】
1. Click shows exploration beyond typical action/thriller genres into romantic dramedy.
2. Maintains core interest in character relationships while trying lighter atmospheric content."
444,167790,0,"[ANS] no  
[REASON]  
【Long-term Misalignment】  
1. The cover's bright, collage-style visuals lack the dark, moody atmosphere the user consistently prefers.  
2. Scenes depict casual interactions, not the intense action, crime, or suspense typical of their interests.  
3. Characters appear lighthearted, contrasting with the complex, dramatic personas they favor.  

【Short-term Misalignment】  
1. The title and imagery suggest a comedic or light theme, not the emotional depth or tension they recently seek.  
2. No indication of suspense, unease, or focus on the human condition in the cover's vibrant, playful design.  
3. Absence of dramatic storytelling cues, diverging from their current emphasis on character development.  

【Preference Dynamics】  
1. Avoiding this video reflects their stable preference for dark, intense narratives over upbeat or comedic tones.  
2. Non-click shows limited flexibility in exploring lighthearted genres, reinforcing their consistent taste boundaries."
559,1580,1,"[ANS] yes
[REASON]
【Long-term Alignment】
1. 1997 release date directly fits the user's long-term interest in 1990s movies.
2. Action-packed sequences with futuristic weapons align with interest in intense scenes.
3. Sleek, modern poster with dark suits and starry sky indicates a visually striking style.

【Short-term Alignment】
1. User recently watched ""Men in Black,"" showing direct and current interest in this specific film.
2. Combines science fiction with the superhero/secret agent genre, matching recent genre interests.

【Preference Dynamics】
1. This click reinforces the user's shift towards stronger focus on sci-fi/fantasy.
2. It explores the action-comedy subgenre within their established sci-fi and action interests."
559,114670,0,"[ANS] no
[REASON]
【Long-term Misalignment】
1. The horror-themed cover contrasts with user's preference for classic 1990s Disney animations.
2. Graphic horror imagery lacks the visually striking colorful aesthetic user consistently prefers.
3. Intense horror differs from action-packed movies with heroic narratives user favors.

【Short-term Misalignment】
1. Horror genre diverges from recent sci-fi/fantasy watches like ""Independence Day"" and ""The Fifth Element"".
2. Dark, disturbing themes contrast with adventure/superhero elements in ""Hercules"" and ""Men in Black"".

【Preference Dynamics】
1. Non-click confirms user's stable avoidance of horror content despite genre exploration.
2. Reinforces user's consistent preference for heroic narratives over disturbing themes."
347,780,1,"[ANS] yes
[REASON]
【Long-term Alignment】
1. Matches user's strong interest in adventure films through its alien invasion survival narrative.
2. Aligns with family-friendly action-adventure preference shown by ""Toy Story"" and ""Independence Day"" in their history.
3. Contains emotional themes of global unity against extraterrestrial threat, fitting romantic comedy interest.

【Short-term Alignment】
1. Directly corresponds to 1996 release year, fitting recent focus on 90s movies.
2. Action-adventure genre matches current interest in action-packed narratives.
3. Strong narrative focus with global stakes aligns with recent preference patterns.

【Preference Dynamics】
1. Reinforces observed shift toward action-adventure content through intense alien invasion premise.
2. Explores sci-fi action territory while maintaining family-friendly appeal from established preferences."
347,181,0,"[ANS] no
[REASON]
【Long-term Misalignment】
- The Power Rangers movie lacks the romantic comedy elements the user consistently enjoys.
- It presents a more juvenile superhero approach than the sophisticated action-adventure films like Independence Day.
- The teen-oriented superhero theme differs from the user's preference for either mature action or family animation.

【Short-term Misalignment】
- The 1995 release date falls outside the user's recent focus on 90s action-adventure classics.
- It emphasizes costume superhero action over the narrative depth seen in their recent selections.
- The teen team dynamic contrasts with the individual protagonist focus in their recent watched content.

【Preference Dynamics】
- The non-click shows the user's action-adventure exploration doesn't extend to children's superhero genres.
- It indicates their family-friendly preference remains selective toward established animated franchises."
413,4022,1,"[ANS] yes
[REASON]
【Long-term Alignment】
1. Features intense survival drama matching user's consistent interest in dramatic themes.
2. Complex character study of a man adapting to extreme isolation.
3. Released in 2000, bridging classic and contemporary film periods.

【Short-term Alignment】
1. Recent thriller/action interest extends to survival thriller genre.
2. Released in 2000, aligning with user's shift toward newer releases.
3. Intense dramatic tone matches recent crime/thriller viewing patterns.

【Preference Dynamics】
1. Represents genre exploration beyond recent crime/thriller focus.
2. Shows willingness to try survival drama as new thematic territory."
413,458,0,"[ANS] no  
[REASON]  
【Long-term Misalignment】  
1. Focuses on a historical biopic rather than classic crime, drama, or action genres.  
2. Lacks complex character-driven storylines typical of the user's long-term interests.  
3. Does not align with intense dramatic themes or period dramas the user prefers.  

【Short-term Misalignment】  
1. Not a recent release, contrasting with the user's current interest in newer films.  
2. Absence of thriller, action, or romantic comedy elements seen in recent views.  
3. Does not explore crime or thriller genres highlighted in short-term preferences.  

【Preference Dynamics】  
1. Reflects the user's shift toward contemporary releases over older historical titles.  
2. Indicates limited interest in historical biopics outside preferred genres."
9,2012,1,"[ANS] yes
[REASON]
【Long-term Alignment】
1. Film originates from 1990, fitting user's classic film era preference.
2. Features dramatic time-travel narrative aligning with dramatic movie interests.
3. Continues established sci-fi franchise matching long-term genre engagement.

【Short-term Alignment】
1. Directly matches recent viewing of ""Back to the Future Part III"".
2. Contains historical Western elements similar to ""The Duellists"" setting.
3. Maintains sci-fi themes from recent watched films.

【Preference Dynamics】
1. Shows consistent engagement with familiar franchise despite genre exploration.
2. Indicates sustained interest in transitioning between historical and sci-fi themes."
9,61236,0,"[ANS] no  
[REASON]  
【Long-term Misalignment】  
1. The film is from 2008, not within the user's preferred 1970s–1990s classic film era.  
2. It is an animated documentary, differing from the user's typical live-action dramatic/suspenseful movies.  

【Short-term Misalignment】  
1. The film is a war documentary, not matching the user's recent interest in historical action films like ""The Duellists"".  
2. It lacks sci-fi or futuristic themes, which the user recently engaged with in ""Back to the Future Part III"".  

【Preference Dynamics】  
1. The non-click reflects the user's stable avoidance of non-classic era films and non-dramatic genres.  
2. It shows the user's exploration remains bounded by historical action or sci-fi, not extending to war documentaries."
391,1201,1,"[ANS] yes
[REASON]
【Long-term Alignment】
1. Classic film from 1966, matching user's established interest in cinematic classics.
2. Strong visual storytelling through iconic desert cinematography and character framing.
3. Period drama elements reflecting 19th-century American West historical setting.

【Short-term Alignment】
1. Direct match to user's current Western genre interest (""The Good, the Bad and the Ugly"").
2. Blends Western with dramatic tension that connects to user's drama preferences.

【Preference Dynamics】
1. Shows user actively exploring their temporary Western interest from short-term preferences.
2. Demonstrates crossover engagement between stable drama interest and exploratory genre sampling."
391,4574,0,"[ANS] no
[REASON]
【Long-term Misalignment】
1. Action-oriented cover lacks classic film's nuanced storytelling and character depth.
2. Modern chaotic aesthetic contrasts with period dramas' historical visual elegance.
3. Gun-focused violence differs from strong visual storytelling through cinematography and symbolism.

【Short-term Misalignment】
1. Contemporary action setting doesn't match science fiction's futuristic or horror's suspense themes.
2. Urban combat imagery lacks Western genre's distinctive frontier landscapes and aesthetics.

【Preference Dynamics】
1. Non-click demonstrates user's consistent preference for sophisticated narratives over pure action.
2. Maintains established interest pattern despite temporary genre exploration phases."
37,1061,1,"[ANS] yes
[REASON]
【Long-term Alignment】
1. Drama/thriller genre with complex character-driven narrative about trauma and revenge.
2. Dark, moody cover with striking golden typography creates intense atmospheric visuals.
3. Serious character expressions suggest emotional journeys and personal struggles.

【Short-term Alignment】
1. Released in 1996, fitting the user's recent interest in 1990s content.
2. Urban period setting provides nostalgic exploration of 1990s-era storytelling.
3. Bold visual style aligns with current preference for striking artwork.

【Preference Dynamics】
1. Click demonstrates willingness to explore nostalgic 1990s content within preferred genres.
2. Selection shows continued interest in character-driven narratives with emotional depth."
37,7319,0,"[ANS] no
[REASON]
【Long-term Misalignment】
1. Genre is comedy-horror rather than drama/thriller with complex character development.
2. Cover emphasizes beach party aesthetics over atmospheric, emotionally resonant imagery.
3. Visual style appears campy rather than visually striking with bold artistic composition.

【Short-term Misalignment】
1. Released in 2004, not aligning with current 1990s nostalgia focus.
2. Comedy-horror blend diverges from recent thriller/drama genre exploration.
3. Cover's tropical party theme lacks the sophisticated mystery elements recently preferred.

【Preference Dynamics】
1. Non-click demonstrates stable genre preference despite willingness to explore nostalgic content.
2. Shows selective exploration limited to specific decades rather than genre experimentation."
140,1231,1,"[ANS] yes
[REASON]
【Long-term Alignment】
1. Historical period setting depicting early US space program aligns with classic film interests.
2. Character-driven narrative about astronaut relationships matches preference for complex human dynamics.
3. Suspenseful storytelling about space race competition appeals to consistent thriller preference.

【Short-term Alignment】
1. Fast-paced narrative about space exploration matches recent action-packed film preferences.
2. Character-driven focus on astronaut team dynamics aligns with current narrative interests.
3. Historical mission suspense connects to emerging crime/mystery film interest.

【Preference Dynamics】
1. Click demonstrates exploration within historical genre from Westerns to space race setting.
2. Selection shows shift toward dynamic true-story content from pure fiction preferences."
140,5059,0,"[ANS] no
[REASON]
【Long-term Misalignment】
- Documentary format differs from user's preference for fictional classic films and dramas.
- Jungle setting lacks historical/period elements present in user's preferred content.
- Serious tone without character-driven narrative contrasts with family-friendly animated interests.

【Short-term Misalignment】
- Non-action documentary contrasts with recent interest in fast-paced films like ""Bullitt"".
- Lacks crime/mystery elements present in recently watched ""Day of the Jackal"".
- Absence of clear character-driven narrative unlike recent preference for ""Thief"".

【Preference Dynamics】
- Non-click reflects user's consistent avoidance of documentary/non-fiction formats.
- Shows stability in preferring fictional narratives over real-life stories."
254,2542,1,"[ANS] yes
[REASON]
【Long-term Alignment】
1. Crime thriller genre aligns with user's established action-adventure and drama film preferences.
2. Complex narrative structure matches user's appreciation for intricate storytelling like Nine Queens.
3. Ensemble cast dynamics reflect user's interest in character-driven plots from films like The Usual Suspects.

【Short-term Alignment】
1. Crime caper elements directly connect to user's emerging mystery and suspense interests.
2. Gritty visual aesthetic matches user's recent preference for dark, atmospheric visuals.
3. Tense criminal underworld plot aligns with user's growing psychological thriller interest.

【Preference Dynamics】
1. Click demonstrates user's exploratory shift toward crime thrillers from their usual sci-fi/fantasy focus.
2. Selection shows user testing boundaries between established action-drama and newer suspense interests."
254,8375,0,"[ANS] no
[REASON]
【Long-term Misalignment】
1. Political documentary contrasts with user's established science fiction and fantasy interests.
2. Lacks action-adventure elements present in user's preferred films like The Usual Suspects.
3. Real-world political narrative differs from complex fictional storytelling in films like Nine Queens.

【Short-term Misalignment】
1. Political documentary format doesn't match emerging interest in psychological thrillers and horror.
2. Lacks mystery and suspense elements found in recent preferences like Rear Window.
3. Formal political setting contrasts with preferred dark, atmospheric visuals like Alien.

【Preference Dynamics】
1. Non-click reflects user's consistent avoidance of non-fiction political content.
2. Shows preference stability for fictional narratives over real-world documentary subjects."
304,597,1,"[ANS] yes
[REASON]
【Long-term Alignment】
1. Romantic drama genre directly matches user's long-term interest in romantic dramas.
2. Complex character dynamics between wealthy businessman and sex worker align with dramatic storylines preference.
3. Modern fairy tale romance explores relationship dynamics fitting romantic interest category.

【Short-term Alignment】
1. ""Pretty Woman"" appears directly in user's short-term romantic drama examples list.
2. Romantic comedy-drama hybrid matches growing interest in romantic comedies mentioned in preferences.
3. Contemporary romantic story complements recent period drama viewings with modern relationship focus.

【Preference Dynamics】
1. Click demonstrates active engagement with specifically mentioned preferred titles rather than new exploration.
2. Selection reinforces stable romantic drama interest while potentially exploring comedic elements within romance genre."
304,7083,0,"[ANS] no
[REASON]
【Long-term Misalignment】
1. Lacks action, adventure, sci-fi/fantasy elements central to user's core interests.
2. Missing dramatic suspense and complex character development user consistently prefers.
3. No exploration of new worlds or historical settings present in period dramas.

【Short-term Misalignment】
1. Absent sci-fi/fantasy elements seen in recent watches like The Matrix.
2. No action-hero focus unlike recent preferences for Wing Commander.
3. Missing thriller suspense present in current interests like Entrapment.

【Preference Dynamics】
1. Confirms user's stable avoidance of content outside core action/romance/sci-fi genres.
2. Shows limited interest expansion despite growing preference for period dramas/thrillers."
487,116797,1,"[ANS] yes
[REASON]
【Long-term Alignment】
1. Film is a period piece set in WWII, aligning with classic film appreciation.
2. Features dramatic, visually striking poster design with bold typography.
3. Based on historical events, offering narrative depth similar to classic storytelling.

【Short-term Alignment】
1. Contains complex themes about codebreaking and personal sacrifice.
2. Blends dramatic tension with intellectual challenges.
3. Released in 2014, continuing mix of older and newer content.

【Preference Dynamics】
1. Expands from fantasy/sci-fi to historical drama genre.
2. Maintains interest in thought-provoking narratives while exploring new subject matter."
487,2692,0,"[ANS] no
[REASON]
【Long-term Misalignment】
1. Film lacks fantasy/sci-fi elements present in user's core interests like Star Wars and Lord of the Rings.
2. Modern German cinema differs from user's preference for classic Hollywood and British films.
3. Experimental visual style contrasts with user's preference for traditional dramatic movie posters.

【Short-term Misalignment】
1. Grounded thriller premise lacks the action-packed intensity of recent watches like Kill Bill.
2. Linear time-loop concept differs from complex philosophical themes in Eternal Sunshine.
3. Pure drama format contrasts with horror-comedy blend seen in Shaun of the Dead.

【Preference Dynamics】
1. Non-click shows user's stable preference for English-language films over foreign language cinema.
2. Indicates limited interest in experimental narrative structures despite exploring new genres."
60,58559,1,"[ANS] yes
[REASON]
【Long-term Alignment】
1. Features intense dramatic themes with complex characters like Batman and Joker.
2. Strong narrative focus on challenging moral situations and justice.
3. Explores deep human emotions through character relationships and conflicts.

【Short-term Alignment】
1. Released in 2008, aligning with recent interest in late 1990s-2000s films.
2. Strong visual style with dark, atmospheric cinematography and iconic imagery.
3. High-intensity sequences and urgent pacing throughout the film.

【Preference Dynamics】
1. Represents exploration of superhero genre while maintaining dramatic intensity preferences.
2. Maintains serious themes while incorporating more contemporary filmmaking style."
60,1117,0,"[ANS] no
[REASON]
【Long-term Misalignment】
1. Lacks historical/period setting elements present in user's preferred films.
2. Missing intense dramatic themes and complex character situations user consistently favors.
3. Visual tone appears lighthearted rather than exploring serious human emotions.

【Short-term Misalignment】
1. Does not match 1980s-1990s film era preference shown in recent selections.
2. Lacks visual intensity and urgency characteristic of user's recent choices.
3. Pastoral setting contrasts with atmospheric intensity of recent watched films.

【Preference Dynamics】
1. Confirms user's stable preference for intense narratives over lighter themes.
2. Shows limited interest in exploring fundamentally different tonal approaches."
112,91529,1,"[ANS] yes
[REASON]
【Long-term Alignment】
1. Features complex characters and mature storytelling fitting the user's sci-fi/fantasy preference.
2. Dark tone and intense narrative aligns with user's preference for dramatic content.
3. Batman's complex character arc matches user's interest in intricate character development.

【Short-term Alignment】
1. High-intensity action sequences and suspenseful plot match recent interest in action-adventure.
2. Character's emotional journey through conflict resonates with current focus on emotional depth.
3. Blend of action, drama, and suspense directly matches user's recent viewing preferences.

【Preference Dynamics】
1. Represents exploration beyond 1980s-90s films while maintaining preferred dark, intense storytelling style.
2. Combines established interest in complex characters with newer preference for high-stakes action."
112,115170,0,"[ANS] no
[REASON]
【Long-term Misalignment】
1. The legal drama genre differs from user's sci-fi/fantasy preference.
2. Contemporary setting contrasts with user's interest in 1980s-1990s nostalgia films.
3. Realistic courtroom drama lacks the darker, mature fantasy/sci-fi tone.

【Short-term Misalignment】
1. Legal procedural focus doesn't match recent interest in action/adventure films.
2. Serious drama lacks the intense suspense elements user recently preferred.
3. Character-driven legal story differs from action-focused emotional journeys.

【Preference Dynamics】
1. Non-click reflects user's stable preference for genre fiction over realistic drama.
2. Shows limited interest in exploring contemporary non-genre films despite openness."
370,7090,1,"[ANS] yes
[REASON]
【Long-term Alignment】
1. Film features complex narrative structure with multiple perspectives on a single assassination story.
2. Visual composition demonstrates striking artistic direction through color-coded sequences and iconic imagery.
3. Characters display memorable depth through conflicting loyalties and philosophical dialogues.

【Short-term Alignment】
1. Film blends action, adventure and fantasy through martial arts sequences and mythical storytelling.
2. Stylized visual approach uses color symbolism to enhance dramatic storytelling.
3. Early 2000s period aligns with recent exploration of films from this era.

【Preference Dynamics】
1. Click demonstrates continued exploration of Asian cinema beyond traditional Western classics.
2. Engagement with director Zhang Yimou shows willingness to discover new artistic voices."
370,2907,0,"[ANS] no
[REASON]
【Long-term Misalignment】
- The 1999 comedy lacks complex storylines characteristic of classic films and early 2000s cinema.
- Visual style appears comedic rather than artistically striking or iconic.
- Character presentation suggests light humor rather than memorable character depth.

【Short-term Misalignment】
- No apparent action, adventure, or fantasy elements present in cover imagery.
- Live-action comedy diverges from current animated/stylized visual interests.
- Genre appears purely comedic without genre-blending elements.

【Preference Dynamics】
- Non-click reflects maintained focus on substantive genres over pure comedy.
- Shows selective exploration prioritizing visual artistry over broad genre sampling."
361,49272,1,"[ANS] yes
[REASON]
【Long-term Alignment】
1. Features high-stakes action sequences and thrilling espionage plot.
2. Contains dramatic character development and intense emotional stakes.
3. Presents sophisticated visual spectacle through luxury settings and stylized action.

【Short-term Alignment】
1. Blends action with sophisticated humor and witty dialogue exchanges.
2. Explores complex relationship dynamics between Bond and Vesper Lynd.
3. Combines adventure with character-driven personal transformation arc.

【Preference Dynamics】
1. Represents genre exploration within action-drama through more grounded, character-focused approach.
2. Satisfies mood for sophisticated entertainment balancing tension with emotional depth."
361,104419,0,"[ANS] no
[REASON]
【Long-term Misalignment】
1. Lacks historical/cultural context of ancient/medieval settings the user prefers.
2. Animated format differs from live-action spectacle films in user's core interests.
3. Superhero narrative doesn't align with user's preference for historical drama complexity.

【Short-term Misalignment】
1. Missing lighthearted comedy elements user recently sought in films.
2. No focus on relationship dynamics or personal growth themes currently preferred.
3. Lacks nostalgic/retro vibe user has shown recent appreciation for.

【Preference Dynamics】
1. Animated superhero genre falls outside user's current exploration patterns.
2. Dark, conflict-driven tone doesn't match user's recent mood for humorous content."
263,8638,1,"[ANS] yes
[REASON]
【Long-term Alignment】
1. Romantic drama with complex character-driven storyline matching consistent preference.
2. Period-specific 2000s setting aligns with expanded decade interest.
3. Realistic interpersonal dynamics fulfill interest in character complexity.

【Short-term Alignment】
1. 2004 release date directly matches current exploration of 2000s romantic dramas.
2. Contemporary romantic drama fits temporary interest in relationship-focused narratives.

【Preference Dynamics】
1. Click demonstrates exploratory behavior by selecting a 2000s film from established romantic drama interest.
2. Represents transitional interest bridging long-term romance preference with newer decade exploration."
263,61071,0,"[ANS] no
[REASON]
【Long-term Misalignment】
1. Lacks period-specific settings or nostalgic themes from earlier decades.
2. Missing fantasy/adventure elements present in user's expanded genre interests.
3. Contemporary 2008 setting differs from preferred 1990s/2000s period films.

【Short-term Misalignment】
1. Not an animated film, which is current temporary interest.
2. Contemporary friendship drama doesn't match romantic comedy exploration focus.
3. Lacks fantasy adventure elements from recent viewing patterns.

【Preference Dynamics】
1. Shows user maintains selective exploration, avoiding contemporary non-fantasy dramas.
2. Indicates consistent preference for period settings over modern coming-of-age stories."
503,93840,1,"[ANS] yes
[REASON]
【Long-term Alignment】
1. Film subverts horror tropes with complex narrative structure and character archetype deconstruction.
2. Explores human morality through institutional manipulation of characters' survival scenarios.
3. Maintains gritty tone while examining mortality in controlled horror environment.

【Short-term Alignment】
1. Challenges cinematic conventions by meta-commentary on horror genre expectations.
2. Visual aesthetic combines rustic cabin imagery with clinical laboratory settings.
3. Features identity exploration through characters' manipulated behaviors and roles.

【Preference Dynamics】
1. Click demonstrates interest in genre-bending narratives beyond traditional thriller formats.
2. Shows exploration of dark themes through unconventional storytelling approaches."
503,6702,0,"[ANS] no
[REASON]
【Long-term Misalignment】
1. Cover shows cartoonish comedy aesthetic, lacking drama/thriller's dark, gritty tone.
2. Content appears focused on celebrity parody, not complex human relationships or morality.
3. Bright, playful visual style contradicts user's preference for serious, emotionally heavy narratives.

【Short-term Misalignment】
1. Comedy format unlikely to challenge societal norms or explore rebellion themes.
2. Animated character design lacks the striking visual aesthetic user appreciates.
3. Child star premise doesn't align with identity exploration or nonconformity interests.

【Preference Dynamics】
1. Non-click demonstrates user's stable avoidance of lighthearted comedy content.
2. Shows consistent preference for serious themes over mainstream commercial entertainment."
298,6283,1,"[ANS] yes  
[REASON]  
【Long-term Alignment】  
1. Film's neo-noir tone and crime-driven plot align with gritty, intense atmospheres and complex storytelling preferences.  
2. Character-focused narrative with morally ambiguous protagonists matches interest in deep character development.  
3. Genre-blending of sci-fi, action, and drama reflects appreciation for boundary-pushing thematic complexity.  

【Short-term Alignment】  
1. Anime format and stylized visuals directly address recent exploration of animated and video game adaptations.  
2. Strong retro aesthetic blending Western and sci-fi elements satisfies interest in nostalgic, vintage-inspired media.  
3. Action-adventure focus with cinematic flair aligns with current preference for visually dynamic fantasy narratives.  

【Preference Dynamics】  
1. Click demonstrates exploratory shift toward anime while maintaining classic film noir and sci-fi foundations.  
2. Selection bridges long-term gritty themes with short-term interest in stylized genre hybrids."
298,43871,0,"[ANS] no
[REASON]
【Long-term Misalignment】
1. Film from 2006 falls outside preferred 1960s-1980s classic era.
2. Modern thriller lacks complex character development of classic films.
3. Corporate security premise lacks dark, gritty atmosphere of preferred crime dramas.

【Short-term Misalignment】
1. Modern setting lacks retro/vintage aesthetic currently sought.
2. No fantasy or adventure elements present in current interests.
3. Missing nostalgic value found in preferred recent viewing choices.

【Preference Dynamics】
1. Non-click demonstrates stable preference for classic eras over modern films.
2. Shows consistent avoidance of contemporary thrillers lacking complex themes."
151,216,1,"[ANS] yes
[REASON]
【Long-term Alignment】
1. The film is a family-friendly comedy fitting the user's animated/family content interest.
2. Adam Sandler's physical comedy aligns with the user's enjoyment of comedic sports films.
3. 1995 release maintains proximity to user's established 1990s animation preference period.

【Short-term Alignment】
1. 1995 release closely matches the user's current focus on mid-1990s movies.
2. Comedy genre directly corresponds to user's recent interest in 1996 comedies.
3. School setting provides thematic connection to ""Matilda"" from user's recent viewing.

【Preference Dynamics】
1. Clicking a 1995 film shows continued exploration of mid-1990s nostalgia period.
2. Selection demonstrates genre flexibility within family-friendly content preferences."
151,176935,0,"[ANS] no
[REASON]
【Long-term Misalignment】
1. Film is disaster genre, not action-adventure or suspense-focused as preferred.
2. Released in 2017, not matching interest in 1990s animated/family content.
3. Lacks sports theme present in user's consistent preferences.

【Short-term Misalignment】
1. Not a 1996 release, conflicting with current nostalgia focus.
2. Missing comedy elements present in user's recent 1996 film interests.
3. No mystery component seen in recent preferences like ""The Frighteners.""

【Preference Dynamics】
1. Non-click reflects stable preference for 1990s content over modern films.
2. Shows limited interest in disaster genre despite openness to new themes."
267,29,1,"[ANS] yes
[REASON]
【Long-term Alignment】
1. Fantasy genre elements match user's established interest in science fiction and fantasy films.
2. Dark adventure atmosphere aligns with user's consistent preference for action-adventure storytelling.
3. Mysterious narrative premise supports user's appreciation for character development and immersive worlds.

【Short-term Alignment】
1. Strong science fiction elements directly match current interest in sci-fi exploration.
2. Adventure theme aligns with recent focus on action-adventure content.
3. Imaginative world-building fits recent pattern of watching innovative sci-fi concepts.

【Preference Dynamics】
1. Represents exploration of darker, more surreal fantasy themes beyond mainstream sci-fi.
2. Shows willingness to engage with international cinema while maintaining core genre interests."
267,112290,0,"[ANS] no
[REASON]
【Long-term Misalignment】
1. Lacks science fiction/fantasy elements present in user's preferred films.
2. Missing action/adventure components central to user's viewing history.
3. No apparent genre overlap with ""Westworld"" or ""Star Trek"" narratives.

【Short-term Misalignment】
1. Absent sci-fi and adventure themes currently being explored.
2. No technological or extraterrestrial elements seen in recent watches.
3. Contrasts with fast-paced storytelling of ""Back to the Future"".

【Preference Dynamics】
1. Reinforces stable preference for genre films over coming-of-age drama.
2. Shows consistent avoidance of non-speculative fiction content."
528,150,1,"[ANS] yes
[REASON]
【Long-term Alignment】
1. Film features intense suspense sequences during the space mission crisis.
2. Character-driven narrative focusing on astronauts' complex emotional responses.
3. Blends dramatic human elements with high-stakes action sequences.

【Short-term Alignment】
1. Released in 1995, fitting the user's 1990s film interest period.
2. Features striking visual design of space suits and spacecraft interiors.
3. Considered both critically acclaimed and a modern classic.

【Preference Dynamics】
1. Explores historical drama genre while maintaining thriller-like tension.
2. Maintains focus on character complexity within a new thematic context."
528,3452,0,"[ANS] no
[REASON]
【Long-term Misalignment】
1. The film's martial arts focus differs from complex plot-driven action thrillers.
2. Character development appears secondary to action sequences in promotional material.
3. Lacks the sophisticated narrative blending of drama and suspense the user prefers.

【Short-term Misalignment】
1. Released in 2000, missing the user's current 1990s film focus.
2. Visual style emphasizes martial arts action over striking character designs.
3. Not positioned as a critically acclaimed or cult classic film.

【Preference Dynamics】
1. User maintains stable preference boundaries despite exploratory tendencies.
2. New genre elements (martial arts) don't override core narrative requirements."
540,48516,1,"[ANS] yes
[REASON]
【Long-term Alignment】
1. Features intense, thought-provoking crime narrative similar to Seven and American History X.
2. Visually striking cover with dramatic red/black color palette matches poster preferences.

【Short-term Alignment】
1. Gritty, realistic crime drama about police/informants aligns with recent interest.
2. Complex moral ambiguity between undercover agents fits dark theme preference.

【Preference Dynamics】
1. Selection demonstrates shift toward intense character-driven stories in crime genre.
2. Reinforces movement toward realistic, morally complex narratives."
540,85438,0,"[ANS] no
[REASON]
【Long-term Misalignment】
1. Jane Eyre is a romantic period drama, lacking the intense crime elements of Seven and American History X.
2. The cover's dreamy aesthetic contrasts with the dramatic, visually striking posters preferred by the user.

【Short-term Misalignment】
1. The content lacks the gritty realism and crime focus of the user's recent interests.
2. It does not feature the complex moral ambiguity present in Seven and American History X.

【Preference Dynamics】
1. The non-click demonstrates the user's stable preference for dark, intense themes over romantic period pieces.
2. It confirms their lack of interest in character stories outside the crime drama genre."
39,1967,1,"[ANS] yes
[REASON]
【Long-term Alignment】
1. Fantasy genre film aligns with user's strong science fiction/fantasy interest.
2. 1986 release date matches user's classic film preference from various eras.
3. Surreal maze narrative connects to psychological thriller elements in preferences.

【Short-term Alignment】
1. Recent action-adventure film watches align with Labyrinth's fantasy adventure elements.
2. Temporary fantasy genre focus matches the film's prominent fantasy themes.

【Preference Dynamics】
1. Click shows exploration within stable fantasy genre through 1980s classic film.
2. Selection demonstrates branching from modern to earlier fantasy film eras."
39,1282,0,"[ANS] no
[REASON]
【Long-term Misalignment】
1. Fantasia is an animated musical anthology, not fitting science fiction, horror, or thriller genres.
2. The 1940 release date falls outside the user's preferred 1970s-1990s film eras.
3. Mickey Mouse's whimsical fantasy differs from psychological thrillers and mystery films.

【Short-term Misalignment】
1. Recent action-adventure interest involves live-action films, not animated musicals.
2. Fantasia lacks the adventure film elements seen in user's temporary preferences.

【Preference Dynamics】
1. Non-click confirms user's stable genre preferences despite exploring new themes.
2. Shows limited interest in animation outside Japanese anime or modern fantasy."
440,3471,1,"[ANS] yes
[REASON]
【Long-term Alignment】
1. Features science fiction theme about alien encounters matching user's sci-fi interest.
2. Atmospheric visuals with dark, starry skies and moody color scheme.
3. Builds mystery and suspense around UFO phenomena and government cover-ups.

【Short-term Alignment】
1. Released in 1977 aligning with user's recent classic film exploration.
2. Shares 1970s aesthetic with other recently watched films like Alien.
3. Director Steven Spielberg connects to user's interest in iconic filmmakers.

【Preference Dynamics】
1. Shows continued exploration within preferred genres rather than major diversification.
2. Combines sci-fi with more grounded, mysterious approach than pure space operas."
440,58047,0,"[ANS] no
[REASON]
【Long-term Misalignment】
1. Lacks science fiction or futuristic themes present in user's core interests.
2. Missing atmospheric, moody visuals characteristic of user's preferred films.
3. No mystery or suspense elements that user consistently favors.

【Short-term Misalignment】
1. Not from the 1970s-1980s era user recently explored.
2. Absent of music-related content user has shown recent interest in.
3. Romantic comedy genre differs from recent thriller/sci-fi viewing.

【Preference Dynamics】
1. Shows user maintains stable genre preferences despite novelty seeking.
2. Indicates limited interest in diversifying beyond established thematic areas."
308,1028,1,"[ANS] yes
[REASON]
【Long-term Alignment】
1. Matches classic film preference as 1964 Disney musical with enduring cultural significance.
2. Aligns with animation interest through live-action/animation hybrid with animated penguin characters.
3. Fits fantasy fondness with magical nanny who performs supernatural feats.

【Short-term Alignment】
1. Continues recent classic movie streak following ""Dead Poets Society"" and ""Say Anything...""
2. Maintains fantasy engagement parallel to Harry Potter series viewing pattern.
3. Supports genre exploration through musical fantasy format different from recent watches.

【Preference Dynamics】
1. Demonstrates genre exploration by selecting musical fantasy rather than pure adventure fantasy.
2. Shows classic film interest expanding to include family-oriented musical classics."
308,4350,0,"[ANS] no
[REASON]
【Long-term Misalignment】
1. Not a fantasy/adventure film like Lord of the Rings or Spirited Away.
2. Lacks animated elements present in user's preferred Monsters, Inc. and Finding Nemo.
3. Documentary style differs from user's established classic narrative films.

【Short-term Misalignment】
1. Documentary format contrasts with recent fantasy series like Harry Potter.
2. Historical mockumentary diverges from recent classic dramas like Dead Poets Society.
3. No connection to current exploration of animated or adventure genres.

【Preference Dynamics】
1. Non-click confirms user's stable preference for fictional narratives over documentaries.
2. Shows limited interest in historical mockumentaries despite genre exploration phase."
199,3160,1,"[ANS] yes
[REASON]
【Long-term Alignment】
1. Crime thriller elements with morally ambiguous characters and interconnected storylines.
2. Character-driven narrative exploring complex human relationships and emotional depth.
3. Moody aesthetic with dramatic cinematography and atmospheric storytelling approach.

【Short-term Alignment】
1. Ensemble cast structure similar to recently viewed ""Mystic River"" and ""City of God"".
2. Strong atmospheric quality matching temporary interest in mood-driven films.
3. Complex character studies aligning with recent attention to character-focused dramas.

【Preference Dynamics】
1. Represents exploratory shift toward ensemble-driven narratives within crime drama framework.
2. Shows willingness to engage with unconventional storytelling while maintaining core genre interests."
199,140715,0,"[ANS] no
[REASON]
【Long-term Misalignment】
1. Content is a music video about hip-hop culture, not crime dramas/thrillers or historical dramas.
2. Lacks the character-driven narratives and emotional depth present in user's preferred genres.
3. Modern urban setting contrasts with user's interest in historical periods and classic film aesthetics.

【Short-term Misalignment】
1. Contemporary music subject differs from user's recent classic film interests like ""The Maltese Falcon.""
2. Does not match the atmospheric historical dramas like ""The Station Agent"" currently engaging user.
3. Absent the strong period atmosphere found in user's recent watches like ""City of God.""

【Preference Dynamics】
1. Non-click reflects user's stable preference for narrative films over music content.
2. Shows user's exploratory interests remain within character-driven stories, not expanding to music genres."
475,784,1,"[ANS] yes
[REASON]
【Long-term Alignment】
1. The intense lightning background and dramatic cover style align with action-packed and thrilling movie preferences.
2. The serious character presentation matches the interest in iconic films with nostalgic value from the 1990s.
3. Dark atmospheric visuals correspond to the established preference for explosive and intense cinematic experiences.

【Short-term Alignment】
1. Stormy visual elements directly match the emerging short-term interest in explosive and intense movies.
2. The dramatic cover composition appeals to the current focus on fast-paced action and thrilling plot elements.
3. Intense character portrayal aligns with recent exploration of engaging and visually striking content.

【Preference Dynamics】
1. This click demonstrates the user's evolving preference toward darker, more intense dramatic content beyond pure fantasy.
2. Shows exploratory behavior toward character-driven thrillers while maintaining core action and intensity requirements."
475,54190,0,"[ANS] no
[REASON]
【Long-term Misalignment】
1. The romantic drama focus contrasts with action-packed adventure and science fiction preferences.
2. Lacks superhero elements and explosive visual spectacle characteristic of user's interests.
3. Emotional character-driven narrative differs from thrilling, intense movie preferences.

【Short-term Misalignment】
1. Absence of fast-paced action and thrilling plot twists contradicts recent explosive movie interests.
2. Not an animated film with vibrant visuals, missing current fantasy adventure exploration.
3. Romantic emphasis contrasts with superhero and action-focused recent viewing patterns.

【Preference Dynamics】
1. Non-click demonstrates stable avoidance of non-action genres despite evolving preferences.
2. Reinforces consistent pattern of prioritizing visual spectacle over emotional drama."
362,90345,1,"[ANS] yes
[REASON]
【Long-term Alignment】
1. Dark, moody aesthetic with cold blue color palette matches classic film preferences.
2. Horror premise explores human nature under extreme circumstances.
3. Suspenseful mystery aligns with complex thriller interests.

【Short-term Alignment】
1. Recent horror genre interest directly matches this film's classification.
2. Intense survival horror provides fast-paced content sought recently.
3. Modern horror film (2011) continues exploration of different eras.

【Preference Dynamics】
1. Clicking a modern horror film demonstrates moderate novelty seeking.
2. Exploring same franchise across different time periods shows genre diversification."
362,165639,0,"[ANS] no  
[REASON]  
【Long-term Misalignment】  
- The video is a modern Marvel mockumentary, not a classic crime drama or thriller from the 1950s–60s.  
- It lacks the dark, moody aesthetic and complex moral themes the user prefers.  
- Focuses on comedic, lighthearted superhero content instead of intense human nature exploration.  

【Short-term Misalignment】  
- It is a parody format, not an action or horror movie from the 1970s–80s.  
- The vibrant, colorful tone contrasts with the user's recent interest in fast-paced, intense genres.  
- Fantasy elements here are humorous, not serious adventure or horror explorations.  

【Preference Dynamics】  
- The non-click reflects the user's stable core interest in serious, classic films over novelty.  
- Indicates limited interest in comedic or modern superhero content despite genre exploration."
147,552,1,"[ANS] yes
[REASON]
【Long-term Alignment】
1. Features classic adventure narrative from Alexandre Dumas' historical novel.
2. Contains dramatic themes and intense action sequences.
3. Represents 1990s period film aligning with nostalgic interests.

【Short-term Alignment】
1. Released in 1993 matching user's recent 1990s film focus.
2. Strong character-driven ensemble cast similar to recent watches.
3. Adventure-action blend consistent with recent ""Sneakers"" and ""Star Trek"" selections.

【Preference Dynamics】
1. Maintains thriller-action foundation while exploring historical adventure genre.
2. Continues pattern of balancing classic stories with 1990s cinematic style."
147,3153,0,"[ANS] no
[REASON]
【Long-term Misalignment】
1. Fantasy adventure genre differs from user's consistent thriller/action movie preference.
2. Lacks intense dramatic themes present in user's core interests.
3. Family-oriented fantasy contrasts with mature thriller/action content user favors.

【Short-term Misalignment】
1. 1958 release date is older than user's recent 1990s film focus.
2. Fantasy elements diverge from user's recent character-driven drama preference.
3. Adventure tone differs from recent intense thriller/action themes.

【Preference Dynamics】
1. Non-click confirms user's stable preference for thriller/action over fantasy.
2. Shows limited interest in exploring older classic films beyond specific genres."
481,1608,1,"[ANS] yes
[REASON]
【Long-term Alignment】
1. Features intense storyline involving presidential crisis aboard hijacked aircraft.
2. Contains dramatic imagery with serious protagonist against aviation backdrop.
3. Blends political thriller elements with high-stakes suspense narrative.

【Short-term Alignment】
1. Released in 1997 matching user's recent focus on films from that year.
2. Crime/thriller genre aligns with recent watches like ""L.A. Confidential"" and ""Jackie Brown"".
3. Complex character portrayal evident in the determined presidential protagonist.

【Preference Dynamics】
1. Expands 1997 film exploration while maintaining preferred thriller elements.
2. Combines political drama with action, showing genre blending acceptance."
481,679,0,"[ANS] no
[REASON]
【Long-term Misalignment】
1. Lacks period drama elements seen in user's historical/vintage preferences.
2. Missing complex suspenseful storyline typical of user's crime/thriller interests.
3. Romantic imagery appears simpler than user's preferred dramatic romantic themes.

【Short-term Misalignment】
1. Released in 1995, not matching user's recent focus on 1997 films.
2. Absence of crime/thriller elements prominent in user's recent selections.
3. Visual style lacks intense/suspenseful atmosphere of recent watched content.

【Preference Dynamics】
1. Shows user's consistent preference for specific release years (1997 focus).
2. Indicates user maintains strong genre preferences despite varied watch history."
542,4344,1,"[ANS] yes
[REASON]
【Long-term Alignment】
1. Crime/thriller genre matches user's established preference for complex plots and suspenseful storytelling.
2. Professional criminal elements align with user's enjoyment of crime movie tropes and character dynamics.

【Short-term Alignment】
1. 2001 release date fits user's current fascination with early 2000s era movies and nostalgia.
2. Complex hacking plot satisfies user's recent interest in intellectually stimulating storylines and twists.

【Preference Dynamics】
1. Click shows user exploring crime genre beyond traditional formats while maintaining core interest.
2. Selection demonstrates openness to different visual styles beyond user's usual vibrant color preferences."
542,37384,0,"[ANS] no
[REASON]
【Long-term Misalignment】
1. Lacks classic Disney nostalgia or timeless themes present in user's core interests.
2. Missing fantasy/adventure elements and imaginative storytelling the user consistently prefers.
3. No crime/thriller components or complex plot structures that align with user's stable tastes.

【Short-term Misalignment】
1. Not from 1990s/early 2000s era that currently fascinates the user.
2. Absent complex storyline and plot twists the user recently seeks.
3. No focus on relationship dynamics or character development seen in recent preferences.

【Preference Dynamics】
1. Non-click demonstrates user's stable adherence to core genres despite visual style appeal.
2. Shows user's current era-specific interest outweighs general visual attractiveness."
148,44191,1,"[ANS] yes
[REASON]
【Long-term Alignment】
1. Film is visually striking with artistic cover design matching user's appreciation for aesthetic visuals.
2. Released in 2006, maintaining user's interest in iconic films from specific eras.
3. Contains adventure and fantasy elements through its dystopian narrative and masked protagonist.

【Short-term Alignment】
1. Dark fantasy elements align with user's recent Harry Potter franchise engagement.
2. Strong visual component continues user's pattern of selecting visually-driven content.
3. Adventure theme persists from recent viewings of exploration-focused films.

【Preference Dynamics】
1. Represents slight genre expansion while maintaining core fantasy/adventure foundation.
2. Shows willingness to explore darker thematic material within preferred categories."
148,38159,0,"[ANS] no
[REASON]
【Long-term Misalignment】
1. Lacks fantasy/adventure elements central to user's long-term interests.
2. Cover lacks visual artistry compared to ""Moulin Rouge"" and ""Forrest Gump"".
3. Intimate drama contrasts with user's preference for epic, iconic films.

【Short-term Misalignment】
1. No connection to Harry Potter franchise currently engaging user.
2. Realistic contemporary setting differs from magical/adventure themes.
3. Minimal visual spectacle compared to recent fantasy film choices.

【Preference Dynamics】
1. User maintains stable preference for fantasy over experimental drama.
2. Shows no interest in exploring unconventional or non-franchise content."
429,381,1,"[ANS] yes
[REASON]
【Long-term Alignment】
- The cover suggests dramatic character relationships through intimate physical positioning.
- The muted urban setting implies emotional complexity and potential character development.
- The title's serious tone aligns with appreciation for character-driven narratives.

【Short-term Alignment】
- This is a 1990s romantic drama matching the user's recent temporal interest.
- The intimate cover imagery directly reflects current focus on romantic relationships.
- The visual emotional depth corresponds with interest in sentimental content.

【Preference Dynamics】
- The click demonstrates active exploration of romantic themes beyond action genres.
- Selection shows temporary shift toward character-driven emotional stories over visual intensity."
429,26819,0,"[ANS] no
[REASON]
【Long-term Misalignment】
1. Cover lacks intense action visuals, featuring only a static portrait against abstract background.
2. No visible adventure or thriller elements in the composition or title design.
3. Character presentation appears one-dimensional without suggesting complex development.

【Short-term Misalignment】
1. Visual aesthetic completely lacks romantic or sentimental elements from 1990s romantic dramas.
2. Serious masculine focus contradicts current interest in relationship-driven emotional narratives.
3. Cold color palette and fortress imagery oppose warm, intimate romantic themes.

【Preference Dynamics】
1. Non-click demonstrates user's selective exploration, rejecting content outside specific romantic parameters.
2. Shows maintained preference boundaries despite temporary theme exploration."
349,145,1,"[ANS] yes
[REASON]
【Long-term Alignment】
1. Features action and suspense elements consistent with user's long-term film preferences.
2. Centers on character relationships and dynamics between the three main protagonists.
3. Contains intense confrontational scenes matching user's interest in action films.

【Short-term Alignment】
1. Recent preference for adventure/excitement aligns with the desert road confrontation scene.
2. Current interest in emotional impact matches the tense, high-stakes visual narrative.
3. Immediate action focus reflected in the armed readiness of characters.

【Preference Dynamics】
1. Demonstrates stable preference reinforcement through familiar action-suspense genre selection.
2. Shows continued exploration within established genre boundaries rather than genre switching."
349,132153,0,"[ANS] no
[REASON]
【Long-term Misalignment】
1. Cover suggests psychological thriller/horror, not action-adventure like ""Bad Boys"".
2. Lacks the character-driven relationship focus seen in romantic comedies/dramas.
3. Eerie tone differs from mainstream action-suspense films in user's history.

【Short-term Misalignment】
1. No evidence of adventure/excitement elements present in recent ""Bad Boys"" interest.
2. Psychological intensity differs from the emotional impact of action-suspense films.
3. Dark thematic elements contrast with recent preference for thrilling entertainment.

【Preference Dynamics】
1. Non-click confirms stable preference for mainstream action over experimental/indie films.
2. Shows consistent avoidance of horror-adjacent content despite genre exploration openness."
326,8665,1,"[ANS] yes
[REASON]
【Long-term Alignment】
1. Features complex protagonist with psychological depth from amnesia and identity crisis.
2. Urban/industrial environments prominent throughout European city settings.
3. Character-driven narrative focusing on Jason Bourne's personal journey and relationships.

【Short-term Alignment】
1. Psychological thriller elements mixed with action, featuring plot twists and conspiracies.
2. Explores isolation through protagonist's solitary quest for truth amid betrayal.
3. Continues retro aesthetic established in ""The Bourne Identity"" from user's preferences.

【Preference Dynamics】
1. Demonstrates user exploring familiar franchise while seeking new psychological thriller elements.
2. Shows willingness to engage with action genre when combined with complex character study."
326,25746,0,"[ANS] no
[REASON]
【Long-term Misalignment】
1. The 1923 silent film lacks modern psychological depth and complex character exploration.
2. Visual style emphasizes historical spectacle over contemporary urban/industrial atmospheres.
3. Narrative focuses on melodramatic romance rather than intense psychological themes.

【Short-term Misalignment】
1. Absence of psychological thriller elements and plot twists in classic adaptation.
2. Period setting doesn't align with recent interests in modern isolation narratives.
3. Vintage aesthetic serves historical recreation rather than nostalgic retro appeal.

【Preference Dynamics】
1. Silent film format falls outside user's current exploration boundaries.
2. Historical melodrama doesn't meet threshold for challenging, substantive content."
400,4878,1,"[ANS] yes
[REASON]
【Long-term Alignment】
1. Directly matches user's strong science fiction interest, as Donnie Darko is a cult sci-fi film.
2. Contains dark mystery elements aligning with user's persistent drama/mystery preference.
3. Features psychological intensity consistent with user's action-adventure taste in films like Heat.

【Short-term Alignment】
1. Released in 2001, fitting user's recent focus on pre-2000s classic films.
2. Dark, intense themes align with recent watches like Requiem for a Dream.
3. Visually striking aesthetic matches user's growing interest in atmospheric films.

【Preference Dynamics】
1. Clicking a previously watched film shows stable preference reinforcement.
2. Combines multiple preferred genres (sci-fi, mystery, drama) in one selection."
400,27491,0,"[ANS] no
[REASON]
【Long-term Misalignment】
1. Pulse is Japanese horror while user prefers American/European science fiction and fantasy.
2. Lacks action-adventure focus present in Heat and Trainspotting.
3. Missing the dramatic character depth found in Goodfellas and One Flew Over the Cuckoo's Nest.

【Short-term Misalignment】
1. Released in 2001, contrasting with user's recent focus on pre-2000 classics.
2. Horror genre differs from recent atmospheric dramas like Léon: The Professional.
3. Technological horror theme doesn't match the cinematic storytelling of recent watches.

【Preference Dynamics】
1. Non-click confirms user's stable preference for character-driven narratives over pure horror.
2. Shows limited interest in exploring Asian cinema despite genre flexibility."
124,1884,1,"[ANS] yes
[REASON]
【Long-term Alignment】
1. American film from the 1990s, matching the user's strong interest in that era.
2. Features dramatic and intense narrative with complex, psychologically troubled characters.
3. Blends multiple genres including comedy, drama, and surreal action elements.

【Short-term Alignment】
1. Released in 1998, providing nostalgic 1990s aesthetic and retro appeal.
2. Deeply explores themes of identity, morality, and altered states of consciousness.
3. Focuses heavily on character development and extreme emotional states.

【Preference Dynamics】
1. Shows willingness to explore surreal, psychedelic themes beyond conventional drama.
2. Engages with experimental narrative structure while maintaining core interest in complex storytelling."
124,2348,0,"[ANS] no  
[REASON]  
【Long-term Misalignment】  
- The film is British, not American, conflicting with the user's focus on American cinema.  
- Its punk rock biographical theme lacks the mixed genres (comedy/drama/action) the user prefers.  
- The chaotic punk narrative may not emphasize the complex, dramatic storytelling the user values.  

【Short-term Misalignment】  
- The 1986 setting and punk aesthetic do not align with the user's recent interest in 1990s nostalgia.  
- Its focus on destructive relationships diverges from themes of identity or redemption the user explores.  
- The cover's intense punk imagery suggests less emphasis on nuanced character development.  

【Preference Dynamics】  
- The non-click reflects stability in preferring American films over British or niche biographical topics.  
- It shows limited interest in punk subcultures, despite openness to new themes with retro appeal."
514,162,1,"[ANS] yes
[REASON]
【Long-term Alignment】
1. Matches established interest in psychological thrillers through its dark, tense visual presentation.
2. Aligns with classic American film interest as a notable 1994 documentary.
3. Complements horror interest through disturbing thematic content and imagery.

【Short-term Alignment】
1. Directly corresponds to temporary avant-garde interest indicated by ""Crumb"" in preferences.
2. Fits crime drama exploration through its examination of troubled artist's life.

【Preference Dynamics】
1. Demonstrates active exploration of independent films mentioned in short-term interests.
2. Shows willingness to engage with challenging content beyond mainstream genres."
514,179817,0,"[ANS] no
[REASON]
【Long-term Misalignment】
1. The historical drama genre differs from user's preferred sci-fi/fantasy and action/adventure films.
2. Lacks iconic fictional characters present in user's classic film preferences.
3. Absence of horror or psychological thriller elements present in user's long-term interests.

【Short-term Misalignment】
1. Missing romantic comedy elements that recently interest the user.
2. Not a coming-of-age story or period drama like user's current explorations.
3. Lacks crime drama components present in user's recent viewing patterns.

【Preference Dynamics】
1. Shows user's moderate novelty seeking doesn't extend to serious historical dramas.
2. Reinforces stability in preferring character-driven narratives over political biopics."
97,377,1,"[ANS] yes
[REASON]
【Long-term Alignment】
1. Features complex plot involving a bomb-rigged bus that cannot slow down.
2. Contains dramatic intensity through sustained life-or-death suspense situations.
3. Delivers high-stakes action sequences consistent with action-adventure preferences.

【Short-term Alignment】
1. Matches current interest in suspenseful action films as seen in recent selections.
2. Provides adrenaline-fueled adventure similar to Jurassic Park III's thrilling scenarios.

【Preference Dynamics】
1. Maintains consistent preference for action-adventure while exploring different execution styles.
2. Shows continued engagement with 1990s films, indicating nostalgic appeal exploration."
97,3054,0,"[ANS] no
[REASON]
【Long-term Misalignment】
1. Pokémon features child-oriented fantasy adventure, contrasting with mature action-adventure films like Tomb Raider.
2. Lacks dramatic intensity and complex plots seen in The Matrix and Snatch.
3. Bright, playful aesthetic differs from gritty sci-fi realism in Red Planet.

【Short-term Misalignment】
1. Animated children's movie format doesn't match current action-suspense focus like Ocean's Eleven.
2. No nostalgic connection evident compared to Jurassic Park III's established franchise.
3. Playful tone contrasts with sophisticated heist/sci-fi suspense preferences.

【Preference Dynamics】
1. Consistent avoidance of child-oriented content reinforces stable action-drama preferences.
2. Shows limited interest in animated films outside established franchises like Shrek."
144,552,1,"[ANS] yes
[REASON]
【Long-term Alignment】
1. Features complex character dynamics among the Musketeers and their allies.
2. Historical adventure provides character-driven narrative with emotional depth.
3. Period setting offers unique storytelling through swashbuckling adventure themes.

【Short-term Alignment】
1. Directly matches the user's recent interest in ""Three Musketeers"" fantasy adventures.
2. Action-oriented historical adventure provides immediate excitement and escapism.
3. Period costumes and dramatic styling signal fantasy adventure genre preference.

【Preference Dynamics】
1. Click demonstrates temporary shift toward action-focused fantasy while maintaining character-driven elements.
2. Selection explores how historical adventure can blend excitement with character complexity."
144,7177,0,"[ANS] no
[REASON]
【Long-term Misalignment】
- The film appears to be a political drama rather than an independent character-driven narrative.
- The cover suggests serious themes lacking the emotional escapism the user prefers.
- Visual tone indicates documentary-style realism instead of complex fictional storytelling.

【Short-term Misalignment】
- Title and imagery suggest historical/political content rather than fantasy adventure.
- Missing action and excitement elements prominent in user's recent preferences.
- No indication of the animated or adventurous style seen in their current examples.

【Preference Dynamics】
- Non-click demonstrates user's consistent avoidance of serious political themes.
- Shows maintained preference for fictional escapism over realistic drama."
240,1359,1,"[ANS] yes
[REASON]
【Long-term Alignment】
1. Features iconic 1990s film cover with bold text and colorful holiday imagery.
2. Contains comedic action-adventure elements fitting action-suspense preferences.
3. Presents family fantasy theme through toy-focused Christmas narrative.

【Short-term Alignment】
1. Released in 1996, directly matching the user's new 1990s film interest.
2. Combines comedic and family adventure themes seen in recent preferences.
3. Features dramatic holiday shopping intensity similar to disaster movie tension.

【Preference Dynamics】
1. Represents exploration into 1990s holiday comedies beyond pure action films.
2. Shows willingness to try family-themed content within adventure framework."
240,37545,0,"[ANS] no
[REASON]
【Long-term Misalignment】
1. Film is a 1979 drama, not matching 1990s action-adventure preference.
2. Cover features muted portrait style, not bold eye-catching movie designs.
3. Lacks fantasy/sci-fi elements present in user's core interests.

【Short-term Misalignment】
1. 1979 release date conflicts with current 1990s film exploration trend.
2. Serious dramatic tone differs from recent comedy and thriller interests.
3. No action, adventure or suspense elements present in recent clicks.

【Preference Dynamics】
1. Non-click shows user maintains era specificity (1990s focus over 1970s).
2. Indicates continued preference for genre films over character dramas."
384,1036,1,"[ANS] yes
[REASON]
【Long-term Alignment】
1. Film contains intense action-adventure sequences with thriller elements throughout.
2. Features exploration and discovery themes within confined high-rise setting.
3. Combines dramatic character development with high-stakes survival scenarios.

【Short-term Alignment】
1. Released in late 1980s, adjacent to user's current 1990s film fascination.
2. Blends drama and thriller elements similar to ""Pulp Fiction"" and ""Snatch"".
3. Represents the intense, dramatic film shift noted in recent preferences.

【Preference Dynamics】
1. Click demonstrates movement toward more intense action-drama films.
2. Shows exploration of iconic films from transitional cinematic period."
384,2044,0,"[ANS] no
[REASON]
【Long-term Misalignment】
1. Lacks action-adventure elements present in user's preferred films like Die Hard.
2. Missing drama/thriller components central to user's long-term interests.
3. No exploration or discovery themes seen in Out of Africa.

【Short-term Misalignment】
1. Released in 1981, not aligning with user's recent 1990s film fascination.
2. Comedy genre differs from user's current drama/thriller/mystery preferences.
3. Absence of intense dramatic elements present in recent watches.

【Preference Dynamics】
1. Non-click reflects user's stable avoidance of comedy-focused content.
2. Shows consistent preference for intense films over lighthearted themes."
98,152077,1,"[ANS] yes
[REASON]
【Long-term Alignment】
1. Film belongs to thriller genre matching user's drama/mystery/thriller preference.
2. Dark atmospheric visual style aligns with user's interest in striking imagery.
3. Narrative features moral complexity and survival themes characteristic of preferred films.

【Short-term Alignment】
1. Psychological thriller elements connect to recent Hitchcockian film interest.
2. Critically acclaimed 2016 release matches temporary focus on award-winning films.
3. Suspense-driven plot parallels recent engagement with tension-based narratives.

【Preference Dynamics】
1. Selection of 2016 film demonstrates shift toward recent releases.
2. Sci-fi thriller hybrid shows continued genre exploration beyond pure classics."
98,41627,0,"[ANS] no  
[REASON]  
【Long-term Misalignment】  
- Genre is historical samurai drama, not aligned with user's preference for mystery/thriller films.  
- Poster lacks bold colors or striking imagery typical of preferred atmospheric movie posters.  
- Focus on feudal conflict differs from user's interest in moral themes in contemporary settings.  

【Short-term Misalignment】  
- Film is a 1967 Japanese production, not matching recent interest in Hitchcockian thrillers like ""Psycho.""  
- Absence of critical Western awards contrasts with recent watches like ""Fargo"" and ""To Kill a Mockingbird.""  

【Preference Dynamics】  
- User's shift toward recent releases makes this older film less appealing despite novelty.  
- Samurai theme does not align with current exploration of diverse but Western-centric narratives."
372,1270,1,"[ANS] yes
[REASON]
【Long-term Alignment】
1. Combines science fiction with character-driven time travel story about family relationships.
2. Features complex plot involving historical periods through 1950s time travel premise.
3. Blends existential themes with adventure through altering personal history consequences.

【Short-term Alignment】
1. Contains action sequences like flaming car chase shown in cover image.
2. Offers adventure and suspense through race against time premise.
3. Includes thriller elements with high-stakes temporal consequences.

【Preference Dynamics】
1. Represents genre exploration by selecting sci-fi action-adventure over traditional dramas.
2. Shows willingness to try iconic films blending multiple preferred elements together."
372,1257,0,"[ANS] no
[REASON]
【Long-term Misalignment】
1. The cover suggests a teen comedy rather than complex character-driven stories.
2. Absence of historical or period elements contrasts with stable interest in historical dramas.
3. Graphic design lacks classic film aesthetic the user consistently prefers.

【Short-term Misalignment】
1. No action/adventure elements visible compared to recent interests like ""True Lies"".
2. Missing thriller/crime drama components unlike ""Schindler's List"" and ""Raiders of the Lost Ark"".
3. Teen-focused premise diverges from mature action/suspense films gaining popularity.

【Preference Dynamics】
1. Non-click shows user's genre exploration remains selective within action/thriller categories.
2. Indicates maintained preference foundation excludes certain comedy/teen genres despite openness to new content."
325,1248,1,"[ANS] yes
[REASON]
【Long-term Alignment】
1. Classic 1958 film noir with dramatic themes and suspenseful elements.
2. Strong atmospheric direction and character-driven crime narrative.
3. Exploration of darker themes through corruption and moral ambiguity.

【Short-term Alignment】
1. Complex plot structure involving murder investigation and border town corruption.
2. Psychological thriller elements through character motivations and deception.
3. Intricate narrative development maintaining tension and mystery.

【Preference Dynamics】
1. Exploring classic film noir while maintaining interest in psychological complexity.
2. Balancing nostalgic appreciation with darker thematic intensity from recent interests."
325,2698,0,"[ANS] no  
[REASON]  
【Long-term Misalignment】  
- Cover's explosion-driven action lacks complex plot focus typical of user's classic film interests.  
- Absence of character-driven or atmospheric emphasis contrasts with preference for dramatic, mood-heavy stories.  
- ""True story"" label does not align with user's interest in darker, fictional themes like psychological thrillers.  

【Short-term Misalignment】  
- Visual emphasis on explosions conflicts with recent curiosity for intricate fantasy or adventure narratives.  
- No indication of psychological depth, diverging from growing interest in thrillers like ""Memento"".  

【Preference Dynamics】  
- Non-click reflects user's stable core preference for nuanced storytelling over generic action.  
- Suggests limited appeal of disaster/action themes despite openness to new genres."
280,94959,1,"[ANS] yes
[REASON]
【Long-term Alignment】
1. Coming-of-age story about young love aligns with romantic drama interests.
2. Retro 1960s aesthetic matches nostalgic vintage preferences.
3. Focus on character development and emotional growth suits coming-of-age interests.

【Short-term Alignment】
1. Adventure elements of young campers exploring wilderness fit recent genre exploration.
2. Romantic storyline between young protagonists maintains focus on relationship depth.

【Preference Dynamics】
1. Click shows exploration of director's distinctive style while maintaining core genre interests.
2. Balances familiar romance themes with slightly unconventional storytelling approach."
280,134326,0,"[ANS] no  
[REASON]  
【Long-term Misalignment】  
1. The cartoonish, exaggerated cover lacks the nostalgic or vintage aesthetic seen in ""Oliver!"" or classic movie posters.  
2. Its whimsical tone contrasts with the emotional depth and character development in coming-of-age stories like ""Dazed and Confused"".  
3. Focus on slapstick comedy diverges from romantic dramas' emphasis on nuanced relationships and love.  

【Short-term Misalignment】  
1. No adventure or fantasy elements, unlike recent interests in ""Finding Nemo"" or ""Friday Night Lights"".  
2. Absence of emotional depth or relationship focus seen in short-term preferences like ""Before Sunset"".  

【Preference Dynamics】  
1. Non-click reflects stability, as the user avoids genres outside their core interests despite slight exploration shifts.  
2. Indicates limited interest in older, non-nostalgic foreign films compared to recent releases."
294,1587,1,"[ANS] yes
[REASON]
【Long-term Alignment】
1. Classic 1982 film aligns with user's preference for 1970s-1990s movies.
2. Fantasy adventure genre matches user's established action/adventure interests.
3. Nostalgic value from familiar 1980s fantasy film provides comfort viewing.

【Short-term Alignment】
1. Direct match to recent interest in Conan the Barbarian specifically mentioned in preferences.
2. Fantasy genre exploration continues from recent Star Wars and Highlander viewing.
3. Memorable characters and quotes align with current focus on iconic film elements.

【Preference Dynamics】
1. Click demonstrates active pursuit of recently discovered fantasy interests.
2. Shows exploration within established classic movie framework rather than genre shifting."
294,54503,0,"[ANS] no
[REASON]
【Long-term Misalignment】
1. Superbad is a 2007 comedy, not from the preferred 1970s-1990s classic movie era.
2. The film is a modern teen comedy, lacking the nostalgic value of familiar classic action/sci-fi.
3. Genre is contemporary comedy, not matching the user's staple interest in action, adventure, or sci-fi.

【Short-term Misalignment】
1. User recently explored sci-fi/fantasy like Star Wars, not modern comedies.
2. Superbad lacks the memorable, iconic characters or quotes seen in recent watches like Conan.
3. The film's teen humor does not align with the epic or adventurous themes recently viewed.

【Preference Dynamics】
1. The non-click reflects stable preference for classic genres over modern, unrelated comedies.
2. It shows a lack of interest in exploring outside the established sci-fi/fantasy and nostalgic themes."
488,2918,1,"[ANS] yes
[REASON]
【Long-term Alignment】
1. Classic 1986 film aligns with consistent nostalgia interest in classic films.
2. Coming-of-age narrative with memorable protagonist matches adventure and character-focused preferences.
3. Film contains humor and moral dilemmas fitting strong storytelling interests.

【Short-term Alignment】
1. Retro-style movie poster design directly matches emerging vintage aesthetic interest.
2. Clean poster design with striking color contrast appeals to stylized illustration preference.

【Preference Dynamics】
1. Click demonstrates growing trend toward nostalgia through selection of 1980s classic film.
2. Choice reflects comfort-seeking behavior through familiar retro-era content."
488,96121,0,"[ANS] no
[REASON]
【Long-term Misalignment】
1. Features live-action photography instead of animation styles the user consistently prefers.
2. Lacks narrative elements like adventure, coming-of-age themes, or moral dilemmas.
3. Absence of whimsical characters, humor, and action-drama blend central to user's interests.

【Short-term Misalignment】
1. Cover uses realistic photo collage rather than retro-style illustrations or vintage aesthetics.
2. Missing whimsical stylization and creative lighting that appeals to user's current preferences.

【Preference Dynamics】
1. Non-click demonstrates user's stable avoidance of non-animated, non-nostalgic content.
2. Reinforces user's consistent pattern of preferring stylized animation over realistic photography."
123,69306,1,"[ANS] yes
[REASON]
【Long-term Alignment】
1. Film features intense hostage crisis with dark, serious urban setting.
2. Complex moral dynamics between criminal and transit dispatcher protagonists.
3. Explores psychological tension and human relationships under extreme duress.

【Short-term Alignment】
1. Crime thriller genre aligns with recent interest in psychological crime dramas.
2. Features complex plot involving subway hijacking and ransom negotiation.
3. Represents 2000s-era thriller with critical recognition and audience following.

【Preference Dynamics】
1. Maintains dramatic intensity while exploring crime thriller subgenre.
2. Balances familiar narrative focus with contemporary urban thriller elements."
123,56152,0,"[ANS] no
[REASON]
【Long-term Misalignment】
1. The cover's vibrant fantasy aesthetic contrasts with user's preference for dark, serious tones.
2. Fairy tale narrative lacks the moral ambiguity and psychological depth user prefers.
3. Characters appear archetypal rather than complex, differing from user's interest in nuanced character studies.

【Short-term Misalignment】
1. 2007 release date doesn't align with user's current interest in 1990s cult films.
2. Family-friendly fantasy genre differs from user's recent focus on psychological thrillers.
3. Animated/live-action hybrid doesn't match user's exploration of traditional animated films.

【Preference Dynamics】
1. Non-click reflects user's stability in preferring intense narratives over lighthearted fantasy.
2. Shows user's selective exploration, avoiding content that diverges too far from core dramatic interests."
184,189333,1,"[ANS] yes
[REASON]
【Long-term Alignment】
1. Film features complex character dynamics and international espionage themes.
2. Dynamic visual composition aligns with appreciation for unique cinematography.
3. Genre-blending action thriller maintains international film interest.

【Short-term Alignment】
1. Cover's dramatic intensity matches current preference for atmospheric content.
2. Character-focused poster design appeals to interest in psychological complexity.
3. Action-drama fusion corresponds to recent genre-blending interests.

【Preference Dynamics】
1. Click demonstrates exploration beyond psychological thrillers into action territory.
2. Selection shows continued interest in high-production cinematic experiences."
184,3483,0,"[ANS] no
[REASON]
【Long-term Misalignment】
1. Lacks psychological thriller/mystery elements present in user's preferred films
2. Absence of complex character themes and psychological depth
3. Does not feature international/foreign film characteristics

【Short-term Misalignment】
1. Cover art is vibrant and adventurous rather than dark and dramatic
2. Focuses on adventure rather than psychological character development
3. Genre appears purely animated adventure without genre blending

【Preference Dynamics】
1. Shows user maintains preference for dark, complex narratives over lighthearted adventures
2. Indicates stable disinterest in conventional animated/family-oriented content"
203,296,1,"[ANS] yes
[REASON]
【Long-term Alignment】
1. Features complex characters and moral ambiguity central to the film's narrative structure.
2. Contains intense action sequences and crime plot elements matching user's action film preference.
3. Maintains strong narrative focus through nonlinear storytelling technique.

【Short-term Alignment】
1. Delivers dramatic tension through its crime thriller storyline and character interactions.
2. Provides narrative complexity aligning with user's recent preference for strong story focus.
3. Offers intense scenes matching user's current interest in dramatic, high-stakes content.

【Preference Dynamics】
1. Represents exploration within established crime genre rather than dramatic genre shift.
2. Maintains core action-drama elements while introducing unconventional narrative structure."
203,80615,0,"[ANS] no
[REASON]
【Long-term Misalignment】
1. Animated animal fantasy lacks historical/period settings user consistently prefers.
2. Cartoonish owl characters don't align with complex human moral ambiguity preference.
3. Missing intense action plots characteristic of user's core action film interests.

【Short-term Misalignment】
1. Fantasy animal adventure differs from recent human-centric action/adventure focus.
2. Visual style contrasts with gritty realism of recent Bourne Identity/Ransom selections.
3. Animated format diverges from live-action narrative focus in current preferences.

【Preference Dynamics】
1. Non-click demonstrates user's stable preference boundaries despite novelty-seeking trend.
2. Shows animation/fantasy interest doesn't extend beyond specific subgenres like Monsters, Inc."
324,3864,1,"[ANS] yes
[REASON]
【Long-term Alignment】
1. Features iconic Godzilla creature fitting fascination with memorable characters.
2. Represents late 1990s cinema aligning with interest in that era.
3. Contains action elements matching appreciation for mixed genre films.

【Short-term Alignment】
1. Directly matches current interest in iconic creatures from Godzilla 2000.
2. Features powerful creature protagonist similar to strong female character preference.
3. Continues exploration of creature-focused narratives from recent selections.

【Preference Dynamics】
1. Demonstrates willingness to explore different cultural interpretations of iconic characters.
2. Shows evolution toward appreciating genre films with social commentary elements."
324,999,0,"[ANS] no  
[REASON]  
【Long-term Misalignment】  
- The film lacks a unique visual style, using a dark, moody aesthetic instead of bold colors or stylized artwork.  
- It focuses on crime and ensemble drama, not complex themes like identity or morality central to the user's interests.  
- The 1996 release falls outside the user's preferred 1990s–early 2000s critically acclaimed or cult classic film range.  

【Short-term Misalignment】  
- No strong female protagonist is highlighted, contrasting with the user's recent focus on films like ""Girlfight.""  
- Themes center on crime and suspense, not family dynamics or relationships the user currently explores.  
- It does not blend genres in a way that mixes drama and comedy, as seen in ""Almost Famous.""  

【Preference Dynamics】  
- The user avoids this film, showing selective exploration of new topics that lack social or cultural commentary.  
- Non-click reflects stability in preferring character-driven narratives over crime-focused ensemble plots."
247,3114,1,"[ANS] yes
[REASON]
【Long-term Alignment】
1. Features adventure genre elements through the toys' rescue mission narrative.
2. Contains underdog themes as toys overcome challenges against stronger opponents.
3. Woody's character arc explores redemption after being separated from his owner.

【Short-term Alignment】
1. Animated film format directly matches emerging interest in animated films.
2. Strong protagonist Woody faces moral dilemmas about loyalty and purpose.
3. Fantasy elements present through toys coming to life and their world.

【Preference Dynamics】
1. Represents oscillation from classic films to animated feature films.
2. Shows exploration of emerging musical/animated interest while maintaining adventure themes."
247,475,0,"[ANS] no
[REASON]
【Long-term Misalignment】
1. The film is a legal drama/biopic rather than adventure, action, or period drama genres.
2. It lacks the fantasy, mythical creatures, or epic battles the user prefers.
3. The real-life legal case differs from fictional underdog/redemption stories.

【Short-term Misalignment】
1. No elements of fantasy, science fiction, or animated content present.
2. The serious legal drama contrasts with emerging musical/animated film interests.
3. Lacks epic battles, mythical creatures, or alternate world settings.

【Preference Dynamics】
1. The user's current oscillation favors fantasy/sci-fi over serious dramas.
2. Temporary musical/animated interest outweighs historical legal dramas."
427,2329,1,"[ANS] yes
[REASON]
【Long-term Alignment】
1. Film is a dramatic thriller exploring complex racial prejudice and redemption themes.
2. Black and white cover creates visually striking, dramatic imagery.
3. Story examines American cultural history through personal transformation narrative.

【Short-term Alignment】
1. Film features intense, atmospheric setting exploring fractured human relationships.
2. Story maintains suspense through protagonist's dangerous ideology and consequences.
3. Focuses on deeply complex character development and moral dilemmas.

【Preference Dynamics】
1. Click shows movement toward more intense, socially charged atmospheric themes.
2. Selection explores darker character complexity within contemporary historical context."
427,4849,0,"[ANS] no
[REASON]
【Long-term Misalignment】
1. Cover lacks dramatic or visually striking imagery, presenting a simple realistic scene.
2. No indication of historical or cultural themes in the contemporary setting.
3. Characters appear ordinary without immediate suggestion of complex thriller elements.

【Short-term Misalignment】
1. Missing atmospheric intensity or suspense cues in the calm park setting.
2. No clear mystery elements suggested by the cover's straightforward composition.
3. Relationship appears quiet rather than intensely dramatic as currently preferred.

【Preference Dynamics】
1. Non-click reflects user's shift toward more intense, suspenseful content.
2. Demonstrates maintained disinterest in straightforward relationship stories."
415,1198,1,"[ANS] yes
[REASON]
【Long-term Alignment】
1. Film from 1981 aligns with user's appreciation for 1970s-2000s cinematic craftsmanship and iconic actors.
2. Adventure-thriller genre matches user's interest in action and intensity from 1990s-2000s films.
3. Features moral dilemmas and complex protagonist fitting user's preference for thought-provoking themes.

【Short-term Alignment】
1. Direct match to user's recent viewing of ""Raiders of the Lost Ark"" indicating continued interest.
2. Cover design resembles iconic movie posters which user currently appreciates.
3. Adventure genre directly corresponds to user's temporary emphasis on classic adventure films.

【Preference Dynamics】
1. Click demonstrates user expanding from pure film viewing to related video game content.
2. Shows active exploration within their temporary classic adventure film interest phase."
415,876,0,"[ANS] no
[REASON]
【Long-term Misalignment】
1. Lacks complex character development and thought-provoking themes central to user's classic film preferences.
2. Missing moral dilemmas and psychological intensity characteristic of user's preferred dramas and thrillers.
3. Action style differs from cinematic craftsmanship and iconic performances user values in classic cinema.

【Short-term Misalignment】
1. Visual style diverges from classic adventure aesthetic recently exemplified by ""Raiders of the Lost Ark.""
2. Cover design lacks the iconic poster artistry user currently appreciates in film marketing.

【Preference Dynamics】
1. Non-click demonstrates user's stable preference for character-driven narratives over pure action spectacle.
2. Reinforces user's selective engagement with contemporary themes only when matching quality standards."
489,2529,1,"[ANS] yes
[REASON]
【Long-term Alignment】
- Film from 1968 aligns with user's interest in 1960s cinema and iconic cinematography.
- Features dramatic themes and atmospheric setting matching fantasy/adventure preferences.
- Historical sci-fi premise provides complex storyline fitting classic film interests.

【Short-term Alignment】
- No direct alignment with romantic comedy or relationship-focused recent interests.

【Preference Dynamics】
- Click demonstrates exploration beyond current romance focus into classic sci-fi.
- Shows openness to iconic 1960s films despite recent romantic comedy interest."
489,60756,0,"[ANS] no
[REASON]
【Long-term Misalignment】
- Film is modern comedy (2008) while user prefers classic films from 1960s/1980s.
- Lacks historical, fantasy, or dramatic themes central to user's core interests.
- Cover shows contemporary casual comedy, not visually striking cinematography user appreciates.

【Short-term Misalignment】
- Belongs to slapstick comedy genre rather than romantic comedy focus.
- No indication of relationship-focused storyline from cover elements.
- Different from recent releases with strong romantic elements user currently explores.

【Preference Dynamics】
- Non-click demonstrates user's selective exploration within preferred genres.
- Shows maintained preference boundaries despite general open-mindedness."
530,592,1,"[ANS] yes
[REASON]
【Long-term Alignment】
1. Matches strong interest in action-adventure movies featuring Batman character.
2. Aligns with drama/thriller preferences through Batman's dark narrative themes.
3. Fits established interest in Batman franchise from previous viewing history.

【Short-term Alignment】
1. Released in 1989, fitting the 1990s movie era focus.
2. Represents American cultural themes through iconic superhero narrative.
3. Strong visual appeal matches recent interest in visually striking content.

【Preference Dynamics】
1. Explores earlier film in a previously enjoyed franchise series.
2. Maintains genre consistency while expanding within established interest boundaries."
530,58306,0,"[ANS] no
[REASON]
【Long-term Misalignment】
1. Historical epic genre differs from user's preferred action-adventure and romance films.
2. Central Asian setting contrasts with American cultural themes in user's preferences.
3. Lacks romantic comedy elements present in user's frequently watched titles.

【Short-term Misalignment】
1. 2007 release date falls outside user's recent focus on 1990s movies.
2. Mongolian historical context differs from contemporary American themes user prefers.
3. Period costume drama lacks modern visual appeal seen in user's recent choices.

【Preference Dynamics】
1. Non-click reflects user's stable preference for familiar American cultural contexts.
2. Shows limited interest in exploring non-Western historical narratives outside comfort zone."
539,59784,1,"[ANS] yes
[REASON]
【Long-term Alignment】
1. Animated film format matches user's consistent enjoyment of animation.
2. Comedy elements align with user's established taste for humorous content.
3. Adventure theme connects to user's strong interest in fantasy adventures.

【Short-term Alignment】
1. Recent interest in animated films demonstrated by ""The Incredibles"" and ""Monsters, Inc.""
2. Family-friendly content matches current exploration of accessible viewing options.
3. Modern classic animated film fits recent pattern of quality animation consumption.

【Preference Dynamics】
1. Combines familiar animation preference with martial arts theme, showing genre exploration.
2. Balances known animated format with new character dynamics and setting."
539,157699,0,"[ANS] no
[REASON]
【Long-term Misalignment】
1. Political thriller genre differs from user's preferred adventure/fantasy films.
2. Serious tone contrasts with user's established comedy preferences.
3. Live-action drama lacks animation elements present in user's interests.

【Short-term Misalignment】
1. Modern political subject matter diverges from user's current classic movie interest.
2. Intense drama conflicts with user's recent family-friendly content exploration.
3. Contemporary real-world topic differs from animated/fantasy focus in recent views.

【Preference Dynamics】
1. Non-click reflects user's stable preference for entertainment over serious political content.
2. Shows limited interest in exploring non-fictional, contemporary drama genres."
397,8645,1,"[ANS] yes
[REASON]
【Long-term Alignment】
1. Film from 2004 falls within user's preferred 1950s-1990s+ classic film range.
2. Strong narrative focus on complex character development and dramatic storyline.
3. Contains elements of drama and human struggle with emotional depth.

【Short-term Alignment】
1. Bold artistic visual style with striking close-up composition and color palette.
2. Explores themes of human relationships and personal transformation.
3. Strong sense of place through Colombian urban/rural setting exploration.

【Preference Dynamics】
1. Represents shift toward contemporary artistic films while maintaining narrative depth.
2. Explores different cultural context (Colombian experience) within dramatic storytelling tradition."
397,89678,0,"[ANS] no
[REASON]
【Long-term Misalignment】
1. Film adaptation from 2007 falls outside user's preferred 1950s-1990s classic film era.
2. Period costume drama lacks the complex narrative and mystery elements user typically prefers.
3. Visual presentation suggests lighter romantic tone rather than dramatic intrigue user favors.

【Short-term Misalignment】
1. Rural castle setting contrasts with user's current interest in urban environments and cityscapes.
2. Traditional costume drama aesthetic doesn't match user's recent preference for bold visual styles.
3. Period romance focus may not align with contemporary relationship exploration user currently seeks.

【Preference Dynamics】
1. Non-click shows user maintaining preference for mid-20th century classics over newer period adaptations.
2. Demonstrates user's consistent avoidance of straightforward romantic narratives in favor of complex dramas."
126,500,1,"[ANS] yes
[REASON]
【Long-term Alignment】
1. The user appreciates dramatic films, and Mrs. Doubtfire features significant dramatic family conflict.
2. The film's comedic disguise premise offers the complex character exploration the user favors.
3. The user's inclusion of varied tones is matched by the film's blend of comedy and heartfelt drama.

【Short-term Alignment】
1. The 1993 release date aligns perfectly with the user's recent focus on mid-1990s films.
2. The film provides a character-driven storyline, fitting the user's recent interest in complex narratives.

【Preference Dynamics】
1. This click shows the user actively exploring outside their primary action/sci-fi genres.
2. It demonstrates their willingness to select a comedy-drama, confirming their exploratory nature."
126,6628,0,"[ANS] no
[REASON]
【Long-term Misalignment】
1. Absence of action-adventure elements present in user's preferred films like Die Hard and Speed.
2. Lacks science fiction/fantasy themes found in Star Trek and The Mask.
3. Missing dramatic intensity characteristic of films like Seven and The Fugitive.

【Short-term Misalignment】
1. Not from mid-1990s period user has recently been watching (1994-1996).
2. No complex character-driven storytelling seen in recent views like Forrest Gump.
3. Winter sports comedy differs from recent action-focused films like True Lies.

【Preference Dynamics】
1. User maintains stable genre preferences despite occasional genre exploration.
2. Animated winter sports comedy falls outside even their exploratory viewing patterns."
435,4011,1,"[ANS] yes
[REASON]
【Long-term Alignment】
1. Film features complex criminal underworld storytelling with intersecting character arcs and moral ambiguity.
2. Dark comedic tone and intense criminal violence align with preference for darker themes.
3. Memorable iconic characters like Turkish and Brick Top maintain nostalgic appeal with complexity.

【Short-term Alignment】
1. Stylized visual presentation with bold color grading matches interest in striking imagery.
2. Strong protagonist development and complex villain dynamics fulfill character depth preference.
3. Criminal redemption arcs and survival struggles align with interest in character growth narratives.

【Preference Dynamics】
1. Selection balances classic film nostalgia with Guy Ritchie's innovative nonlinear storytelling approach.
2. Dark comedic crime genre represents exploration beyond traditional drama-action boundaries."
435,7131,0,"[ANS] no
[REASON]
【Long-term Misalignment】
1. The romantic summer setting lacks the intense, darker themes the user prefers.
2. Simple romantic plot contrasts with user's interest in complex moral storytelling.
3. Lighthearted tone differs from user's preference for character-driven dramatic narratives.

【Short-term Misalignment】
1. Soft color palette and gentle imagery contrast with user's preference for bold visual storytelling.
2. Romantic focus lacks the action-adventure elements user currently seeks.
3. The embrace suggests simple romance rather than redemption or struggle narratives.

【Preference Dynamics】
1. The 1959 classic aligns with nostalgia but lacks the intensity user now prefers.
2. Romantic genre falls outside user's current drama/action genre exploration focus."
422,2070,1,"[ANS] yes
[REASON]
【Long-term Alignment】
1. Film from 1983 maintains interest in classic cinema era adjacent to preferred 1950s-1970s period.
2. Contemplative cowboy imagery provides striking visual focus consistent with iconic character preferences.
3. Serious mood and rural setting suggest dramatic narrative matching user's consistent taste for drama.

【Short-term Alignment】
1. Western genre elements connect to action-adventure interests through frontier survival themes.
2. Dark color palette and serious tone align with recent exploration of more intense themes.

【Preference Dynamics】
1. Clicking a character-driven drama shows continued exploratory behavior beyond strict nautical/fantasy interests.
2. Selecting a film outside explicit preference decades demonstrates comfort zone expansion."
422,112334,0,"[ANS] no
[REASON]
【Long-term Misalignment】
1. Video is a documentary, not a classic drama/suspense film from 1950s-1970s.
2. Lacks nautical, fantasy themes or iconic cinematic imagery.
3. Focuses on real-life biography rather than fictional memorable characters.

【Short-term Misalignment】
1. No action-adventure elements or nostalgic naval battle sequences.
2. Documentary format differs from recent interest in narrative films.
3. Real-world activism theme contrasts with fantasy/darker thematic exploration.

【Preference Dynamics】
1. Non-click reflects user's stable preference for fictional narratives over documentaries.
2. Shows limited interest in real-world topics despite exploratory tendencies."
224,3948,1,"[ANS] yes
[REASON]
【Long-term Alignment】
1. Film is a classic romantic comedy from 2000, aligning with user's interest in iconic films from recent decades.
2. Humorous premise and character expressions match user's preference for light-hearted, entertaining content.
3. Bold red title font against plain background provides nostalgic aesthetic appeal.

【Short-term Alignment】
1. Central theme explores romantic relationships and family dynamics through comedic lens.
2. Focus on character development during protagonist's attempts to impress his girlfriend's parents.
3. Blends romantic comedy elements with emotional connection narrative currently interesting to user.

【Preference Dynamics】
1. Represents slight shift toward relationship-focused comedies while maintaining classic film foundation.
2. Explores romantic themes through humorous lens, bridging stable and emerging interests."
224,90243,0,"[ANS] no
[REASON]
【Long-term Misalignment】
1. Black and white illustration contrasts with user's preference for vibrant nostalgic aesthetics.
2. Samurai action genre differs from user's interest in romantic comedies and coming-of-age stories.
3. Dramatic warrior narrative lacks the light-hearted, humorous tone the user consistently prefers.

【Short-term Misalignment】
1. Samurai action film does not align with user's current focus on romantic dramas and relationships.
2. Warrior-centered plot lacks the character development and personal growth themes the user currently seeks.

【Preference Dynamics】
1. Non-click reflects user's stable disinterest in action genres outside their romantic/comedic preferences.
2. Confirms user's consistent avoidance of non-Western cinema and historical warrior narratives."
343,527,1,"[ANS] yes
[REASON]
【Long-term Alignment】
1. Film explores complex themes of morality and survival during the Holocaust.
2. Deep character development follows Oskar Schindler's transformation from profiteer to savior.
3. Black-and-white cinematography creates an atmospheric, moody, and emotionally intense setting.

【Short-term Alignment】
1. Released in 1993, fitting the user's interest in 1990s films.
2. Historical drama contains crime elements and moral suspense throughout the narrative.
3. Complex character arcs and plot developments provide intellectual stimulation.

【Preference Dynamics】
1. User explores historical drama while maintaining preference for intense, character-driven stories.
2. Click demonstrates interest in serious thematic content beyond typical crime/thriller genres."
343,8772,0,"[ANS] no  
[REASON]  
【Long-term Misalignment】  
- The black-and-white, minimalist cover lacks atmospheric darkness or visual suspense typical of the user’s preferred moody settings.  
- Focus on a lone spy suggests political intrigue over deep character relationships or emotional complexity.  
- Stark, static imagery does not convey dramatic intensity or layered storytelling central to the user’s interests.  

【Short-term Misalignment】  
- Film’s 1965 release falls outside the user’s recent interest in 1990s–2000s era movies.  
- Espionage theme may prioritize plot over the crime/mystery genres the user currently seeks for excitement.  
- Cover’s serious tone hints at slow-burn tension rather than immediate thrills or intellectual plot twists.  

【Preference Dynamics】  
- User’s stable preference for modern-era films overrides temporary curiosity about older classics.  
- Non-click reflects selective exploration, avoiding genres (cold-war spy) misaligned with core dramatic tastes."
54,356,1,"[ANS] yes
[REASON]
【Long-term Alignment】
1. Forrest Gump is a critically acclaimed film that won six Academy Awards.
2. The film features complex themes about American history and personal destiny.
3. Dramatic visuals are present throughout the film's epic storytelling approach.

【Short-term Alignment】
1. This 1994 film fits the user's current interest in 1990s classics.
2. Strong narrative structure follows Forrest's extraordinary life journey.
3. Comedy-drama genre aligns with the user's genre exploration pattern.

【Preference Dynamics】
1. Click demonstrates continued exploration of different genres within classic films.
2. Selection shows sustained interest in character-driven 1990s narratives."
54,5478,0,"[ANS] no
[REASON]
【Long-term Misalignment】
1. Film lacks critical acclaim compared to user's preference for award-winning cinema.
2. Absence of complex themes contrasts with user's interest in thought-provoking storylines.
3. B-movie visual aesthetic differs from user's preference for dramatic, intense cinematography.

【Short-term Misalignment】
1. 2002 release date conflicts with user's current focus on 1990s classics.
2. Creature feature genre diverges from user's exploration of drama/thriller genres.
3. Simple narrative structure contrasts with user's interest in strong character development.

【Preference Dynamics】
1. Non-click demonstrates user's stable preference for serious, critically acclaimed films.
2. Shows limited interest in novelty when it involves lower-quality B-movie content."
220,8961,1,"[ANS] yes
[REASON]
【Long-term Alignment】
1. Superhero action-adventure aligns with sci-fi and adventure movie interests.
2. Dynamic visual style with intense fiery background matches preference for striking visuals.
3. Family superhero team premise maintains classic action-adventure theme appreciation.

【Short-term Alignment】
1. 2004 release date bridges interest between 1990s films and newer cult classics.
2. Modern animated cult classic status fits recent focus on acclaimed films.

【Preference Dynamics】
1. Moderate novelty seeking shown through exploring animated format within preferred action genre.
2. Maintains darker visual tones while expanding beyond traditional live-action films."
220,5609,0,"[ANS] no
[REASON]
【Long-term Misalignment】
- Film is from 2002, outside user's preferred 1960s-1990s cult classic era.
- Modern action-thriller lacks classic film themes and stylistic elements.
- Visual style is sleek/modern rather than distinctive cult classic aesthetics.

【Short-term Misalignment】
- Release year (2002) doesn't match current 1990s film focus.
- Not a critically acclaimed film from any preferred decade.
- Missing 1990s cult classic characteristics user recently engaged with.

【Preference Dynamics】
- User maintains stable preference boundaries despite novelty seeking tendency.
- Modern action films outside established decade preferences generate no interest."
130,410,1,"[ANS] yes
[REASON]
【Long-term Alignment】
1. Gothic aesthetic and dark atmosphere align with user's preference for moody visual themes.
2. Complex family dynamics and character relationships match interest in narrative depth.
3. Stylized presentation creates intense emotional tone matching user's dramatic preferences.

【Short-term Alignment】
1. Release year (1993) directly matches current 1990s period interest.
2. Family portrait composition reflects recent focus on relationship dynamics.
3. Combines dark comedy with romantic elements seen in recent selections.

【Preference Dynamics】
1. Blends dark atmosphere with comedic elements showing genre exploration.
2. Maintains character complexity while shifting toward lighter tone than typical thrillers."
130,4030,0,"[ANS] no
[REASON]
【Long-term Misalignment】
1. Horror genre focus conflicts with user's preference for action-adventure and thriller narratives.
2. Supernatural horror elements differ from user's interest in complex character-driven dramas.
3. Cover's dark horror atmosphere lacks the emotional depth user typically seeks.

【Short-term Misalignment】
1. 2000 release year mismatches user's current interest in 1993-1995 films.
2. Horror theme contrasts with user's recent preference for romance/comedy films.
3. Supernatural setting differs from user's current historical/period film interest.

【Preference Dynamics】
1. Non-click reflects user's stability in preferring character-driven narratives over supernatural horror.
2. Shows user's consistent avoidance of pure horror despite genre exploration in other areas."
553,3949,1,"[ANS] yes
[REASON]
【Long-term Alignment】
1. Direct match to user's crime drama interest as listed in their preferences.
2. Features complex character-driven stories about addiction's psychological impact.
3. Provides gritty, realistic portrayal of urban life and its harsh consequences.

【Short-term Alignment】
1. Contains intense psychological suspense throughout the narrative structure.
2. Blends dramatic character study with suspenseful, escalating tension.

【Preference Dynamics】
1. User is exploring darker, more intense psychological themes within their established interests.
2. Click demonstrates willingness to engage with challenging, non-traditional narrative structures."
553,2759,0,"[ANS] no  
[REASON]  
【Long-term Misalignment】  
1. Cover shows comedic, patriotic tone unlike user's gritty crime dramas.  
2. Bright, cheerful visuals contrast realistic urban life portrayals.  
3. Simple character presentation lacks complex character-driven storytelling depth.  

【Short-term Misalignment】  
1. No visible action/suspense elements present in cover or title.  
2. Absence of dramatic tension contrasts preferred action-drama blend.  

【Preference Dynamics】  
1. Non-click reflects stable disinterest in comedy/lighthearted genres.  
2. Confirms user's exploration remains within serious thematic boundaries."
549,4226,1,"[ANS] yes
[REASON]
【Long-term Alignment】
1. Film is a critically acclaimed drama with intense emotions and complex character psychology.
2. Cover features striking visual distortion and bold typography matching dramatic poster preferences.
3. Narrative explores profound themes of memory and identity through emotionally charged situations.

【Short-term Alignment】
1. Released in 2000, it bridges 1990s classics interest with newer complex storytelling.
2. Features revolutionary non-linear narrative structure that challenges conventional storytelling.
3. Maintains dark, gritty atmosphere throughout with psychological thriller elements.

【Preference Dynamics】
1. Represents exploration beyond 1990s while maintaining classic film appreciation standards.
2. Shows active seeking of boundary-pushing narratives that challenge viewer expectations."
549,100553,0,"[ANS] no
[REASON]
【Long-term Misalignment】
1. Documentary nature contrasts with user's strong preference for action/adventure/drama films.
2. Natural landscape imagery lacks dramatic character-focused storytelling the user prefers.
3. Realistic visual style differs from user's interest in striking, bold movie posters.

【Short-term Misalignment】
1. 2011 release date doesn't align with user's current focus on 1990s films.
2. Educational documentary format contrasts with user's interest in complex fictional narratives.
3. Natural setting lacks the dark, gritty, dystopian atmosphere user currently seeks.

【Preference Dynamics】
1. Non-click reflects user's stable preference for character-driven fiction over documentaries.
2. Shows user maintains consistent interest in dramatic storytelling despite exploring newer films."
458,2,1,"[ANS] yes
[REASON]
【Long-term Alignment】
1. Adventure-driven plot with strong male protagonist facing jungle dangers aligns with action-thriller preferences.
2. 1995 setting matches user's consistent interest in 1990s-era films.
3. Board game controlling real-world events features authority figures mastering extraordinary circumstances.

【Short-term Alignment】
1. Supernatural board game premise connects to emerging sci-fi/technology interest.
2. Family adventure contains relationship dynamics that match recent romance focus.

【Preference Dynamics】
1. Clicking a family-friendly adventure shows genre exploration beyond typical action thrillers.
2. Fantasy board game concept demonstrates risk-taking with supernatural themes."
458,999,0,"[ANS] no  
[REASON]  
【Long-term Misalignment】  
1. Ensemble cast lacks a clear strong male protagonist central to user's action-thriller preference.  
2. 1990s setting is present but dark comedic tone differs from preferred adventure-drama-romance blend.  
3. Focus on interconnected criminal stories does not emphasize historical leadership or authority figures.  

【Short-term Misalignment】  
1. No sci-fi or technology themes visible, missing user's recent interest in tech-driven suspense.  
2. Romantic elements are not highlighted, contrasting with user's current focus on strong relationship narratives.  

【Preference Dynamics】  
1. Avoiding this video shows user's new genre exploration is selective, not extending to dark comedy-crime hybrids.  
2. Non-click indicates core preference for clear protagonist-driven stories over ensemble casts remains stable."
555,3671,1,"[ANS] yes
[REASON]
【Long-term Alignment】
1. Film from the 1970s aligns with user's classic film interest spanning 1960s-1990s.
2. Western genre falls within user's established action/adventure preferences.
3. Comedy genre matches user's continued appreciation for genre diversity.

【Short-term Alignment】
1. Humorous approach to Western tropes provides dramatic/complex character exploration.
2. Ensemble cast dynamics explore human relationships through exaggerated interactions.
3. Satirical elements create moral ambiguity around traditional Western character archetypes.

【Preference Dynamics】
1. Click demonstrates exploratory behavior toward comedic Westerns beyond recent dramatic/sci-fi focus.
2. Selection shows genre diversity interest extending to parody formats within familiar genres."
555,3386,0,"[ANS] no  
[REASON]  
【Long-term Misalignment】  
- JFK is a historical political thriller, not an action, adventure, or classic genre film from the user's preferred decades.  
- The film focuses on conspiracy theories, lacking strong female leads or complex female characters central to the user's interests.  
- Its dense political narrative differs from the user's preference for character-driven stories in comedy, sci-fi, or fantasy.  

【Short-term Misalignment】  
- The video centers on historical political drama, not the intense human relationships or moral ambiguity seen in recent watches.  
- It lacks the dramatic or fantastical themes, like those in ""Communion,"" that currently engage the user.  

【Preference Dynamics】  
- The non-click shows the user's exploratory interests remain bounded by genres like sci-fi, fantasy, and relationship-focused dramas.  
- It reflects stability in avoiding politically dense historical topics outside their core dramatic or genre interests."
404,527,1,"[ANS] yes
[REASON]
【Long-term Alignment】
1. Matches strong drama interest through historical Holocaust narrative.
2. Aligns with action/drama range preference via wartime survival themes.
3. Supports emotional storytelling preference with profound human story.

【Short-term Alignment】
1. Fits emotional depth focus through intense Holocaust drama.
2. Matches character-driven preference via Oskar Schindler's transformation arc.
3. Aligns with relationship focus through interwoven character narratives.

【Preference Dynamics】
1. Confirms shift toward emotionally intense cinematic experiences.
2. Expands drama interest into historically grounded serious storytelling."
404,27002,0,"[ANS] no
[REASON]
【Long-term Misalignment】
1. The space exploration theme lacks the emotional storytelling central to user's drama/romance interests.
2. Absence of character-driven narrative contrasts with user's preference for relationship-focused films.
3. Scientific subject matter diverges from user's established action-drama spectrum.

【Short-term Misalignment】
1. No evidence of emotional depth or character development in the space-themed content.
2. Technical/scientific focus contrasts with current preference for emotionally intense storytelling.
3. Missing interpersonal relationships central to user's recent engagement patterns.

【Preference Dynamics】
1. Non-click demonstrates stability in avoiding non-character-driven content.
2. Reinforces consistent disinterest in scientific/technical themes outside emotional narratives."
495,5957,1,"[ANS] yes
[REASON]
【Long-term Alignment】
1. Features human relationship dynamics and emotional depth between the two main characters.
2. Cover presents muted color scheme with contemplative city backdrop matching atmospheric preferences.
3. Explores professional/personal struggles of ordinary people through character-driven narrative.

【Short-term Alignment】
1. Released in 2002, directly aligning with 2000s decade focus.
2. Romantic comedy genre matches emerging interest in relationship-focused films.
3. Blends professional drama with comedic elements as indicated in new preferences.

【Preference Dynamics】
1. Represents genre exploration from pure drama/thriller toward romantic comedy.
2. Shows willingness to try balanced drama-comedy mix despite historical preference for serious themes."
495,5499,0,"[ANS] no  
[REASON]  
【Long-term Misalignment】  
- The 1976 release date contrasts with the user's consistent interest in 2000s-era films.  
- The cover's vintage illustration style lacks the dark, moody, atmospheric visuals the user prefers.  
- The focus on legendary characters (Robin Hood) diverges from the user's interest in ordinary people's struggles.  

【Short-term Misalignment】  
- The film's 1970s setting does not align with the user's current focus on 2000s decade content.  
- No indication of comedic or ironic elements contrasts with the user's interest in drama-comedy balance.  

【Preference Dynamics】  
- The non-click reflects the user's stable avoidance of content outside their defined era preferences.  
- It shows limited exploration of pre-2000s films despite openness to new genres."
426,597,1,"[ANS] yes
[REASON]
【Long-term Alignment】
1. Film blends romance with dramatic transformation narrative and humorous moments.
2. Features whimsical fantasy elements through the Cinderella-style premise.
3. Contains character-driven drama with emotional development arcs.

【Short-term Alignment】
1. Offers complex character dynamics between contrasting social classes.
2. Presents moral ambiguity through unconventional relationship development.
3. Includes unexpected narrative twists in the romantic storyline.

【Preference Dynamics】
1. Shows exploration beyond animated films toward live-action character studies.
2. Demonstrates interest in realistic moral complexity alongside fantasy elements."
426,5338,0,"[ANS] no  
[REASON]  
【Long-term Misalignment】  
- The cover depicts a realistic, conversational drama lacking magical worlds or mythical creatures.  
- No visible fantasy elements or whimsical tone, focusing instead on ordinary human interactions.  

【Short-term Misalignment】  
- Absence of animated style, humor, or pop culture references typical of the user's current interests.  
- The realistic setting and character-driven plot lack moral ambiguity or unexpected twists.  

【Preference Dynamics】  
- The user consistently avoids non-fantasy, straightforward narratives despite exposure to varied genres.  
- This reflects a stable disinterest in realistic dramas without complex, thought-provoking layers."
387,44555,1,"[ANS] yes
[REASON]
【Long-term Alignment】
1. Explores existential themes of morality and human condition under surveillance state
2. Classic suspense narrative structure with psychological tension and dramatic intensity
3. Striking visual composition using shadows and intimate framing to convey emotion

【Short-term Alignment】
1. Dark, moody atmosphere created through shadowy cinematography and tense surveillance premise
2. Psychological thriller elements with layered storytelling about intertwined lives
3. Intense narrative exploring the suspense of hidden monitoring and personal betrayal

【Preference Dynamics】
1. Demonstrates shift toward darker political thrillers while maintaining philosophical depth
2. Combines emerging interest in suspense with stable preference for human condition themes"
387,106441,0,"[ANS] no
[REASON]
【Long-term Misalignment】
1. Lacks art-house visual style and complex existential themes typical of user's core interests.
2. Historical drama setting differs from preferred film noir and psychological thriller genres.
3. Conventional narrative structure contrasts with user's preference for layered, complex storytelling.

【Short-term Misalignment】
1. Historical drama genre doesn't align with emerging horror/thriller focus.
2. Lacks the intense psychological horror elements currently gaining user interest.
3. Single storyline approach contrasts with preference for multiple narrative layers.

【Preference Dynamics】
1. Reinforces user's consistent avoidance of conventional historical dramas.
2. Confirms preference stability toward darker psychological content over period pieces."
591,368,1,"[ANS] yes
[REASON]
【Long-term Alignment】
1. The film contains adventure elements matching the user's long-term interest in adventure content.
2. The Western genre setting provides dramatic storytelling aligned with user's drama preference.
3. The poster's vintage aesthetic suggests period storytelling fitting user's drama interests.

【Short-term Alignment】
1. The 1994 release date directly matches user's current interest in 1990s movies.
2. The film represents another genre exploration consistent with user's recent diverse viewing.
3. It continues the pattern of early-1990s to mid-2000s films in user's recent selections.

【Preference Dynamics】
1. The click shows user expanding from sci-fi/action to include Western-adventure within their genre exploration.
2. Selecting a period Western demonstrates continued openness to different historical settings beyond contemporary films."
591,289,0,"[ANS] no
[REASON]
【Long-term Misalignment】
1. Lacks science fiction/fantasy elements present in X-Men and Toy Story 2.
2. Missing action and suspense components seen in The Thomas Crown Affair.
3. Romance focus appears more prominent than adventure elements in user's preferences.

【Short-term Misalignment】
1. Released in 1994, outside user's current 1990s-early 2000s movie interest period.
2. Pure romance genre contrasts with user's current genre exploration mix.
3. No action or sci-fi elements present in recent watched movies.

【Preference Dynamics】
1. Shows user maintains stable preference boundaries despite genre exploration.
2. Indicates romance-only content insufficient to attract without other preferred elements."
295,2329,1,"[ANS] yes
[REASON]
【Long-term Alignment】
1. Features complex character transformation exploring moral ambiguity through neo-Nazi protagonist.
2. Intense storytelling examining human condition through racial violence and redemption.
3. Crime drama elements addressing societal morality and personal consequences.

【Short-term Alignment】
1. Directly matches current interest in dark crime films as explicitly mentioned preference.
2. Focuses on crime and morality themes consistent with recent viewing patterns.
3. Dark suspenseful narrative aligns with shifted preference toward intense themes.

【Preference Dynamics】
1. Click confirms stable pattern while exploring darker thematic intensity.
2. Selection demonstrates consistent crime thriller focus with deepening moral complexity."
295,48319,0,"[ANS] no
[REASON]
【Long-term Misalignment】
1. Film is a historical war drama, not a crime thriller genre.
2. Focuses on aviation combat rather than complex criminal characters.
3. Lacks moral ambiguity typical in user's preferred narratives.

【Short-term Misalignment】
1. Absent are dark crime elements seen in ""Goodfellas"" and ""American History X"".
2. Missing psychological suspense structure of ""Memento"".
3. World War I setting contrasts with modern crime morality themes.

【Preference Dynamics】
1. Non-click reflects stable preference for crime over historical genres.
2. Confirms consistent disinterest in non-crime centered narratives."
580,6502,1,"[ANS] yes
[REASON]
【Long-term Alignment】
1. Features dark themes and moral ambiguity in a post-apocalyptic survival scenario.
2. Contains atmospheric settings and dramatic visuals with intense narrative pacing.
3. Blends action, suspense, and emotional depth through character-driven storytelling.

【Short-term Alignment】
1. Directly matches the user's specific interest in post-apocalyptic themes like 28 Days Later.
2. Aligns with recent crime drama interest through survival-themed moral conflicts.
3. Combines dystopian settings with complex character development.

【Preference Dynamics】
1. Demonstrates active exploration of dystopian genres mentioned in emerging interests.
2. Shows temporary focus shift toward survival narratives within dark thematic preferences."
580,1473,0,"[ANS] no
[REASON]
【Long-term Misalignment】
1. Cover shows casual comedy aesthetics, lacking action/dark themes the user prefers.
2. Group portrait suggests lighthearted narrative, missing complex moral ambiguity.
3. Visual style lacks dramatic intensity and atmospheric settings user consistently enjoys.

【Short-term Misalignment】
1. No indication of crime drama elements or complex criminal plots.
2. Absence of martial arts/wuxia themes user recently explores.
3. Does not feature sci-fi, fantasy, or dystopian settings of current interest.

【Preference Dynamics】
1. Non-click reflects user's stable avoidance of lighthearted content outside core preferences.
2. Shows limited interest in comedy genres despite exploring new thematic areas."
472,95510,1,"[ANS] yes
[REASON]
【Long-term Alignment】
1. Features complex character development exploring morality and human struggle through Peter Parker's journey.
2. Dark urban setting with moody nighttime visuals aligns with gritty atmospheric preferences.
3. Central themes of responsibility and redemption match interest in moral narratives.

【Short-term Alignment】
1. Superhero genre provides action-packed sequences similar to epic fantasy adventure interests.
2. Memorable protagonist character aligns with current focus on compelling character-driven stories.
3. Contemporary blockbuster format represents genre exploration beyond classic films.

【Preference Dynamics】
1. Clicking a 2012 film shows shifting interest from classic to contemporary storytelling.
2. Superhero selection demonstrates novelty seeking beyond traditional drama/thriller genres."
472,4327,0,"[ANS] no
[REASON]
【Long-term Misalignment】
1. Western genre differs from user's preferred 1970s/1990s dramas and thrillers.
2. Action-oriented plot lacks complex character studies and moral themes user prefers.
3. Bright color palette contrasts with user's preference for dark, moody atmospheres.

【Short-term Misalignment】
1. Western setting doesn't align with current epic fantasy interest (Lord of the Rings).
2. 1960s film era differs from user's recent contemporary genre exploration.
3. Ensemble action focus lacks character-driven depth user currently seeks.

【Preference Dynamics】
1. Non-click shows user's stable preference for character-driven narratives over action ensembles.
2. Demonstrates user's consistent avoidance of older classic films outside their preferred decades."
424,115713,1,"[ANS] yes
[REASON]
【Long-term Alignment】
1. Psychological thriller exploring human-AI relationships with dark thematic complexity.
2. Atmospheric suspense through isolated high-tech setting creates mystery and intrigue.
3. Character-driven story examining consciousness and human psychology through AI interactions.

【Short-term Alignment】
1. Modern psychological thriller (2015) aligns with recent interest in newer releases.
2. Explores identity and morality themes through human-machine relationship dynamics.

【Preference Dynamics】
1. Expands from traditional thrillers to science fiction while maintaining psychological depth.
2. Explores new technological themes while preserving character-driven narrative focus."
424,1475,0,"[ANS] no
[REASON]
【Long-term Misalignment】
1. Focuses on romance rather than psychological thrillers or crime dramas with dark themes.
2. Lacks the atmospheric suspense and mystery characteristic of user's preferred settings.
3. Centers on romantic narrative rather than complex character-driven psychological exploration.

【Short-term Misalignment】
1. Released in 1996, outside user's current focus on 1990-1992 recent releases.
2. Explores romantic love rather than themes of identity, morality, or human condition.
3. Historical romance setting contrasts with user's preference for contemporary psychological dramas.

【Preference Dynamics】
1. Demonstrates user's stable avoidance of romance-focused content despite interest in new themes.
2. Shows limited exploration beyond psychological thrillers and character-driven dramas remains consistent."
113,2583,1,"[ANS] yes
[REASON]
【Long-term Alignment】
1. The 1999 release falls within the user's classic film interest range (1950s-1980s).
2. Dramatic character expressions and bold red color scheme match the user's poster preference.
3. Diverse cast arrangement suggests character-driven relationships and emotional connections.

【Short-term Alignment】
1. The ensemble cast composition strongly indicates character development and relationship exploration.
2. The Southern Gothic setting provides period atmosphere similar to European period interests.
3. Character-focused narrative aligns with current romantic drama preferences.

【Preference Dynamics】
1. Clicking a 1999 film shows slight temporal exploration beyond the preferred 1950s-1980s range.
2. Selecting a comic-styled cover demonstrates visual style exploration while maintaining character focus."
113,79073,0,"[ANS] no
[REASON]
【Long-term Misalignment】
1. Content is a music video/documentary about The Doors, not a classic narrative film from 1950s-1980s.
2. Focus is on musicians/performance rather than character-driven dramatic stories with emotional relationships.
3. Sepia-toned documentary aesthetic lacks striking dramatic movie poster visuals with bold color schemes.

【Short-term Misalignment】
1. Subject is 1960s rock music rather than romantic dramas with character development from 1960s-1970s.
2. American music scene setting contrasts with current interest in European period settings exploring relationships.

【Preference Dynamics】
1. Non-click reflects stable preference for narrative fiction films over documentary/music content.
2. Shows consistent disinterest in content lacking complex character relationships and emotional connections."
180,4993,1,"[ANS] yes
[REASON]
【Long-term Alignment】
1. Epic fantasy adventure aligns with user's established preference for adventure/fantasy films.
2. Classic 2001 film fits user's consistent interest in nostalgic cinema.
3. Strong ensemble cast matches user's appreciation for character-driven narratives.

【Short-term Alignment】
1. Darker fantasy elements resonate with user's recent interest in intense themes.
2. Complex character development aligns with user's current focus on strong characters.
3. Action-adventure elements connect to recent exploration of genre hybrids.

【Preference Dynamics】
1. Click demonstrates user expanding fantasy interest while maintaining core preferences.
2. Selection shows user exploring darker tones within familiar adventure framework."
180,4243,0,"[ANS] no
[REASON]
【Long-term Misalignment】
1. Film lacks classic status (2001) compared to user's preference for 1970s-1980s films.
2. Religious theme contrasts with user's adventure/fantasy interests like Star Wars and Lord of the Rings.
3. Modern setting differs from nostalgic period pieces in user's preferred classics.

【Short-term Misalignment】
1. Religious drama genre contrasts with recent horror/dark themes like Evil Dead II.
2. Cover suggests crime procedural rather than strong character-driven narratives like Goodfellas.
3. Lacks the intense, edgy quality present in recent interests like Fight Club.

【Preference Dynamics】
1. Non-click shows user maintains preference boundaries despite exploration interest.
2. Religious themes fall outside user's established genre exploration patterns."
430,60684,1,"[ANS] yes
[REASON]
【Long-term Alignment】
1. Watchmen is a classic DC Comics franchise with strong nostalgic value.
2. The cover's bold yellow typography and dynamic character poses create visually striking imagery.
3. Science fiction elements in the dystopian setting align with fantasy/adventure interests.

【Short-term Alignment】
1. Released in 2009, it falls within the early 2000s period of current interest.
2. The film features complex themes about morality and identity exploration.
3. The gritty, stylized aesthetic provides retro visual appeal from that era.

【Preference Dynamics】
1. Clicking a darker, morally complex superhero film shows novelty-seeking beyond traditional hero narratives.
2. Choosing character-driven material over pure action demonstrates evolving interest in human experiences."
430,2908,0,"[ANS] no
[REASON]
【Long-term Misalignment】
1. Content is music video, not science fiction/fantasy adventure or exploration.
2. Missing classic film/franchise nostalgic value from established series.
3. Visual style lacks dynamic fantasy/sci-fi imagery despite bold colors.

【Short-term Misalignment】
1. Not from early 2000s era (1999 music video vs film).
2. Lacks complex character-driven narrative typical of current interest.
3. No coming-of-age or identity exploration themes apparent.

【Preference Dynamics】
1. Non-click reflects preference for familiar narrative formats over music content.
2. Shows limited interest in genres outside film/video storytelling focus."
471,68157,1,"[ANS] yes
[REASON]
【Long-term Alignment】
1. Film features intense themes of revenge and war violence matching user's drama preference.
2. Visually striking poster with bold red/white color scheme and dramatic composition.
3. Complex nonlinear storytelling structure aligns with user's interest in narrative complexity.

【Short-term Alignment】
1. 2009 release fits user's recent focus on classic films from 1990s-2000s era.
2. Strong visual elements in poster design match current aesthetic interests.
3. War drama genre expands user's recent genre exploration beyond animation.

【Preference Dynamics】
1. Click demonstrates openness to historical/war genre beyond previous animation focus.
2. Selection shows continued importance of visually striking covers in decision-making."
471,2194,0,"[ANS] no  
[REASON]  
【Long-term Misalignment】  
1. Cover lacks vibrant artistic visuals, using monochrome tones instead of striking colors.  
2. Central figure's contemplative tone contrasts with intense drama or complex character-driven narratives.  
3. Law enforcement theme diverges from the user's focus on unconventional storytelling like ""Fight Club"".  

【Short-term Misalignment】  
1. 1987 release date falls outside recent interest in 1990s–2000s classics and animations.  
2. Realistic urban setting differs from visually imaginative worlds like ""Big Fish"" or ""Amélie"".  
3. Crime genre does not align with current mix of animation, drama, and foreign films.  

【Preference Dynamics】  
1. Non-click reflects stable preference for aesthetically bold covers over this poster's subdued style.  
2. Indicates limited interest in exploring crime themes despite openness to new genres."
600,6874,1,"[ANS] yes
[REASON]
【Long-term Alignment】
1. Matches classic film preference with its 2003 release and serious dramatic tone.
2. Foreign film interest aligns with Tarantino's distinctive international filmmaking style.
3. Character-driven narrative explores complex protagonist relationships and motivations.

【Short-term Alignment】
1. Visually striking yellow jumpsuit and graphic style match emerging cartoonish aesthetic interest.
2. Action-packed content with strong female protagonist directly matches recent preference shift.
3. Sword-wielding imagery satisfies new interest in visually dynamic action sequences.

【Preference Dynamics】
1. Click demonstrates active exploration of action-packed films with female leads.
2. Selection shows growing preference for stylized violence over traditional dramatic formats."
600,3770,0,"[ANS] no  
[REASON]  
【Long-term Misalignment】  
- Cover centers a male protagonist, lacking strong female leads seen in recent interests like Kill Bill.  
- Fiery action focus contrasts with whimsical or fantastical elements present in preferred films.  
- No indication of foreign film origins or unconventional storytelling from title/cover.  

【Short-term Misalignment】  
- Visual style emphasizes realistic fire/drama over cartoonish or stylized aesthetics recently favored.  
- Male-led dynamic contradicts new interest in action films with strong female protagonists.  

【Preference Dynamics】  
- Non-click reinforces selective exploration, prioritizing female-driven narratives over male-centric stories.  
- Consistent avoidance of non-visually striking covers aligns with evolving style preferences."
374,1350,1,"[ANS] yes
[REASON]
【Long-term Alignment】
1. Classic 1970s horror film aligns with user's strong affinity for nostalgic cinema.
2. Intense suspense plot matches user's preference for thriller genres.
3. Ominous visual style with dark settings appeals to dramatic visual preferences.

【Short-term Alignment】
1. 1970s horror film directly matches recent focus on suspense films from that decade.
2. Iconic antagonist (Damien) parallels recent interest in memorable horror characters.
3. Psychological horror elements align with current suspense film exploration.

【Preference Dynamics】
1. Maintains classic film interest while exploring earlier decade (1970s vs preferred 1990s).
2. Reinforces horror genre focus while incorporating supernatural elements beyond recent selections."
374,2741,0,"[ANS] no
[REASON]
【Long-term Misalignment】
1. Film released in 1986, outside user's strong 1990s classic film preference.
2. Cover lacks dramatic/ominous visuals, featuring neutral character expressions instead.
3. Genre appears to be crime/drama rather than preferred action/adventure/thriller categories.

【Short-term Misalignment】
1. No connection to current horror/suspense focus from 1970s-1990s.
2. Missing iconic characters comparable to Jack Torrance or Carrie White.
3. Does not align with emerging sci-fi/fantasy interest seen in recent selections.

【Preference Dynamics】
1. Non-click maintains user's stable preference for 1990s films over other decades.
2. Shows user's genre evolution excludes crime/drama in favor of horror/sci-fi expansion."
315,1276,1,"[ANS] yes
[REASON]
【Long-term Alignment】
1. Film released in 1967 aligns with user's classic film fascination from 1960s era.
2. Bold yellow-red color scheme matches user's preference for artistic, striking cover designs.
3. Serious character portrait creates dramatic tension fitting user's taste for stylized imagery.

【Short-term Alignment】
1. Prison drama theme connects to user's recent interest in action/suspense films.
2. Central character's intense gaze provides dramatic engagement similar to Bonnie and Clyde.
3. Story of rebellion against authority aligns with user's current action-drama preferences.

【Preference Dynamics】
1. User explores another 1960s classic while expanding beyond romantic themes to prison drama.
2. Maintains aesthetic standards while testing new narrative territory within classic film era."
315,8600,0,"[ANS] no
[REASON]
【Long-term Misalignment】
1. Lacks romantic/sensual themes present in user's preferred films like Belle de Jour.
2. Cover features gritty realism rather than artistic stylization with bold colors.
3. Gangster crime theme diverges from user's established classic film romance preferences.

【Short-term Misalignment】
1. Urban crime setting contrasts with user's recent Western/cowboy movie interest.
2. Dark color palette differs from vibrant covers that attracted user recently.
3. Gang violence focus doesn't align with user's current romance/relationship exploration.

【Preference Dynamics】
1. Non-click demonstrates user's stable preference for aesthetically pleasing covers over gritty realism.
2. Shows limited interest in expanding beyond romance/action-drama to pure crime genres."
152,77455,1,"[ANS] yes
[REASON]
【Long-term Alignment】
1. Documentary explores complex themes about art authenticity and commercialization.
2. Film examines human nature through eccentric artist characters and their motivations.
3. Released in 2010, it falls within the user's preferred pre-contemporary era.

【Short-term Alignment】
1. Film investigates the mysterious world of underground street art culture.
2. Documentary creates atmospheric tension through its exploration of art world deception.
3. Features gritty urban settings and morally ambiguous character-driven narrative.

【Preference Dynamics】
1. Click represents exploration of documentary format within crime/mystery themes.
2. Selection shows temporary genre expansion while maintaining dark thematic interests."
152,33826,0,"[ANS] no
[REASON]
【Long-term Misalignment】
1. Film released in 2004, conflicting with user's preference for pre-2000s classic cinema.
2. Sports drama genre lacks complex themes about human nature and morality user prefers.

【Short-term Misalignment】
1. Athletic competition theme contrasts with user's current interest in crime and mystery narratives.
2. Bright, inspirational tone differs from user's preference for dark, gritty settings and atmospheric tension.

【Preference Dynamics】
1. Non-click demonstrates user's stable preference for character-driven crime stories over sports dramas.
2. Shows user's temporary genre exploration remains limited to crime/suspense rather than branching to inspirational sports."
502,520,1,"[ANS] yes
[REASON]
【Long-term Alignment】
1. Comedy aligns with user's established animated film preference (Wallace & Gromit, Little Shop of Horrors).
2. Fantasy elements in the Robin Hood theme match user's sci-fi/fantasy interest.
3. 1993 release fits within user's classic film range (1940s-1990s).

【Short-term Alignment】
1. Directly matches recent comedy interest shown in Robin Hood: Men in Tights (1993) from preferences.
2. Historical fantasy visuals align with user's current strong visual preference.
3. Comedic drama elements connect to recent drama exploration trend.

【Preference Dynamics】
1. Shows user actively selecting content within their expanding comedy genre interest.
2. Indicates preference for revisiting familiar themes (previously clicked Robin Hood title)."
502,2739,0,"[ANS] no  
[REASON]  
【Long-term Misalignment】  
- The Color Purple is a historical drama, not fitting the user's classic sci-fi/fantasy focus.  
- It lacks animation or fantasy elements seen in the user's long-term animated favorites.  
- The film is a 1985 period piece, outside the user's classic film era interest (mainly pre-1980).  

【Short-term Misalignment】  
- The cover's minimalist drama contrasts with the user's recent preference for visually striking comedies.  
- It is a serious literary adaptation, differing from the user's recent lighthearted comedy selections.  
- The silhouette-focused art style lacks the bold visuals seen in the user's recent comedy/drama picks.  

【Preference Dynamics】  
- The non-click reflects the user's stable avoidance of non-fantasy historical dramas.  
- It shows limited interest in exploring serious literary adaptations outside familiar genres."
234,2052,1,"[ANS] yes
[REASON]
【Long-term Alignment】
- Features iconic witch characters with striking appearances and dramatic poses.
- Combines fantasy elements with visually striking nighttime imagery.
- Represents classic family-friendly Disney content from the 1990s era.

【Short-term Alignment】
- Directly matches their current exploration of nostalgic family content.
- Features the exact memorable witch characters mentioned in preferences.
- Blends fantasy, comedy and adventure elements they're currently seeking.

【Preference Dynamics】
- Shows active pursuit of previously mentioned ""Hocus Pocus"" interest.
- Demonstrates consistent engagement with fantasy-comedy adventure blend."
234,102445,0,"[ANS] no  
[REASON]  
【Long-term Misalignment】  
- The dystopian ruins and dark palette lack the visually striking fantasy seen in ""The Dark Crystal"" or ""Mary Poppins"".  
- It emphasizes destruction over the high-energy adventure and thrilling suspense typical in ""The Santa Clause"".  
- The bleak setting and lone figure do not align with iconic, memorable character designs like those in ""Benji"" or ""Hocus Pocus"".  

【Short-term Misalignment】  
- The grim, chaotic imagery contrasts with the nostalgic, family-friendly tone of recent interests like ""Benji"".  
- It lacks the blend of adventure, comedy, and fantasy seen in ""The Santa Clause"" or ""Hocus Pocus"".  

【Preference Dynamics】  
- The user consistently prefers uplifting or fantastical themes over dark, dystopian settings.  
- This reflects their stable avoidance of content that diverges from classic or character-driven narratives."
307,68952,1,"[ANS] yes
[REASON]
【Long-term Alignment】
1. The intense visual style aligns with user's appreciation for visually striking movies.
2. The supernatural horror theme connects to user's established fantasy genre interest.

【Short-term Alignment】
1. The dramatic tone matches user's recent interest in intense thrillers like ""Donnie Darko"".
2. The 2009 release fits user's growing focus on late 90s/2000s era content exploration.

【Preference Dynamics】
1. This click shows user expanding from adventure fantasy to include horror-fantasy hybrids.
2. Represents continued exploration of intense themes beyond traditional action/adventure boundaries."
307,1600,0,"[ANS] no
[REASON]
【Long-term Misalignment】
1. Lacks comedy, adventure, and fantasy elements central to user's long-term preferences.
2. Romantic drama genre differs from user's established action/adventure focus.
3. Visual style doesn't match user's preference for 80s/90s adventure aesthetics.

【Short-term Misalignment】
1. Missing action/fantasy elements present in recent interests like ""The Goonies"".
2. Romantic focus contrasts with user's current thriller/crime drama interests.
3. 1997 release falls outside user's growing 80s/early 90s movie focus.

【Preference Dynamics】
1. Non-click confirms user's consistent avoidance of romance-centered content.
2. Reflects stable preference for adventure/fantasy over character-driven dramas."
609,1161,1,"[ANS] yes
[REASON]
【Long-term Alignment】
1. Film is a classic from 1979 matching user's strong affinity for older titles.
2. Complex themes of German history align with user's preference for layered storytelling.
3. Artistic narrative style suits user's interest in character-driven dramatic films.

【Short-term Alignment】
1. Experimental artistic nature directly matches user's recent exploration of different genres.
2. Film's dramatic crime elements align with user's current fascination with crime dramas.

【Preference Dynamics】
1. Click demonstrates user actively exploring experimental films beyond their usual preferences.
2. Selection shows willingness to engage with artistic, non-mainstream cinema styles."
609,8336,0,"[ANS] no
[REASON]
【Long-term Misalignment】
1. Film is a romantic comedy, lacking the dramatic intensity of user's preferred films.
2. Lighthearted premise contrasts with user's preference for complex character studies.
3. 1942 release predates user's typical classic film range (1979-1996).

【Short-term Misalignment】
1. Romantic comedy genre diverges from recent action/crime drama focus.
2. Absence of crime elements contrasts with current crime drama interest.
3. No action sequences unlike recent watches like GoldenEye and The Fugitive.

【Preference Dynamics】
1. Non-click demonstrates user's stable preference against light romantic content.
2. Shows limited interest in exploring comedy genres despite openness to experimentation."
165,2353,1,"[ANS] yes
[REASON]
【Long-term Alignment】
1. Features action/thriller elements consistent with user's long-standing action film preference.
2. Includes crime narrative elements seen in user's historical drama interests like The Untouchables.
3. Stars Will Smith in action role aligning with user's adventure film preferences.

【Short-term Alignment】
1. Combines crime drama elements with action, matching recent watches like Patriot Games.
2. Contains surveillance/technology themes adjacent to user's emerging sci-fi interest.
3. Political thriller aspects connect to user's recent crime drama exploration.

【Preference Dynamics】
1. Represents bridge between established action preference and newer crime drama interest.
2. Shows exploration of technology-themed thrillers beyond pure sci-fi or action genres."
165,3555,0,"[ANS] no
[REASON]
【Long-term Misalignment】
- Lacks fantasy/superhero elements present in Batman and The Matrix.
- Missing historical drama context found in The Untouchables.
- No adventure or fantasy themes consistent with Jurassic Park.

【Short-term Misalignment】
- Absent sci-fi elements unlike recent watches Speed and The Abyss.
- Missing crime drama focus present in Patriot Games.
- No contemporary action thriller elements from recent preferences.

【Preference Dynamics】
- Shows user's evolving preferences don't include traditional war genres.
- Indicates stability in preferring character-driven narratives over military operations."
318,26713,1,"[ANS] yes
[REASON]
【Long-term Alignment】
1. Dark, moody aesthetic matches user's recurring interest in somber visual styles.
2. Complex character-driven narrative aligns with user's preference for intricate storylines.
3. 1990 release date fits user's established appreciation for classic cinema.

【Short-term Alignment】
1. Hong Kong art film represents experimental storytelling similar to user's recent interests.
2. Wong Kar-wai's stylized direction matches user's emerging preference for distinctive visual styles.

【Preference Dynamics】
1. Click demonstrates user expanding from Western to Asian art cinema exploration.
2. Selection shows continued branching into moody character studies beyond mainstream films."
318,489,0,"[ANS] no
[REASON]
【Long-term Misalignment】
1. The cover's commercial aesthetic lacks the dark, moody visual style the user consistently prefers.
2. No indication of sci-fi/fantasy elements or complex character-driven narratives like in their preferred films.
3. Appears to be a straightforward comedy/drama rather than the complex storylines seen in Memento or Adaptation.

【Short-term Misalignment】
1. No connection to Japanese animation or experimental storytelling techniques the user recently explored.
2. The conventional cover design contrasts with stylized films like Waking Life and Mulholland Drive.

【Preference Dynamics】
1. The non-click demonstrates the user's stable preference for specific genres over mainstream commercial films.
2. Shows their continued focus on curated content rather than broadening to general American comedies/dramas."
137,1293,1,"[ANS] yes
[REASON]
【Long-term Alignment】
1. Historical drama genre matches user's long-term interest in biographical storytelling.
2. Film's realistic visual aesthetic aligns with user's preference for distinctive visual styles.
3. Complex historical narrative corresponds to user's interest in thematic depth.

【Short-term Alignment】
1. Direct match to user's current interest in ""Gandhi"" from their short-term preferences.
2. Film's cultural significance aligns with user's recent focus on historically important works.
3. Dramatic portrait imagery connects to user's interest in intense visual storytelling.

【Preference Dynamics】
1. Click demonstrates active exploration of culturally significant films from preference list.
2. Shows consistent engagement with historical/biographical content across time periods."
137,39400,0,"[ANS] no  
[REASON]  
【Long-term Misalignment】  
1. The 2005 horror remake lacks complex storytelling typical of the user's historical dramas or sci-fi/fantasy interests.  
2. Its generic horror aesthetic does not align with the user's preference for unique visual styles in horror/mystery genres.  
3. The film is not a classic from the 1970s–1980s, which are the user's focus in long-term classic film preferences.  

【Short-term Misalignment】  
1. The 2005 release date contrasts with the user's current focus on classic films from the 1940s–1960s like ""Gilda.""  
2. Its horror imagery differs from the dramatic, culturally significant themes in short-term interests like ""Gandhi"" or ""Network.""  

【Preference Dynamics】  
1. The non-click reflects stable avoidance of modern horror remakes lacking historical or narrative depth.  
2. It shows consistent prioritization of iconic classics and complex themes over generic thriller/horror content."
411,448,1,"[ANS] yes
[REASON]
【Long-term Alignment】
1. Features adventure and escapism elements through the protagonist's high-altitude stance overlooking expansive cityscape.
2. Contains dramatic plot potential through the contemplative yet triumphant pose suggesting intense character development.
3. Strong narrative focus implied by the evocative imagery of personal challenge against urban landscape.

【Short-term Alignment】
1. Directly matches recent interest in ""Fearless"" films featuring adventure and exploration themes.
2. Provides escapism through the visual depiction of elevated perspective and freedom symbolism.

【Preference Dynamics】
1. Demonstrates exploratory behavior by selecting a 1993 film rather than contemporary releases.
2. Shows consistent pursuit of adventure-themed content across different cinematic eras."
411,2694,0,"[ANS] no
[REASON]
【Long-term Misalignment】
1. The cover suggests a comedic family drama, lacking action or suspense elements.
2. No indication of historical/futuristic settings or complex narrative focus.
3. Absence of adventure/escapism elements seen in user's preferred genres.

【Short-term Misalignment】
1. No thriller, technology, or cybersecurity themes present in title/imagery.
2. Contrasts with current interest in high-stakes adventure films.
3. Domestic setting differs from exploration-focused preferences.

【Preference Dynamics】
1. Non-click reflects user's stable avoidance of non-thriller/comedy genres.
2. Consistent disinterest in family-oriented content across preference periods."
198,4235,1,"[ANS] yes
[REASON]
【Long-term Alignment】
1. Aligns with character-driven stories through interconnected narratives of three protagonists.
2. Matches psychological thriller elements with intense, morally complex human relationships.
3. Fits dramatic genre preference through its exploration of love, violence and social class.

【Short-term Alignment】
1. Directly matches the user's recent interest in foreign films from the 2000s.
2. Corresponds to ""Amores Perros"" specifically mentioned in the user's short-term preferences.

【Preference Dynamics】
1. Demonstrates active exploration of foreign cinema beyond traditional American film interests.
2. Shows engagement with non-linear narrative structures and experimental storytelling techniques."
198,128360,0,"[ANS] no
[REASON]
【Long-term Misalignment】
1. Western genre differs from user's preferred 1940s-50s classics and 1980s-90s neo-noir films.
2. Lacks psychological depth and character complexity central to user's drama/thriller preferences.
3. Missing sci-fi/futuristic themes and experimental approaches to identity/technology.

【Short-term Misalignment】
1. Not a period drama like recent interests ""Of Mice and Men"" or ""The Lion King.""
2. American production contrasts with user's current focus on foreign films from 2000s.

【Preference Dynamics】
1. User explores new themes selectively, not randomly across all genres.
2. Western genre falls outside user's established exploration patterns."
572,2724,1,"[ANS] yes
[REASON]
【Long-term Alignment】
1. Film falls within 1950s-1990s classic era (1999 release).
2. Contains romantic and dramatic themes central to user's long-term interests.
3. Represents classic romantic drama genre with culturally significant status.

【Short-term Alignment】
1. Directly matches emerging interest in ""Runaway Bride"" specifically mentioned in short-term preferences.
2. Features complex characters and dramatic plot highlighted in recent interests.

【Preference Dynamics】
1. Click demonstrates active pursuit of newly mentioned specific film titles.
2. Shows exploration within romantic drama genre while maintaining classic film foundation."
572,4976,0,"[ANS] no  
[REASON]  
【Long-term Misalignment】  
- The cover's modern, abstract style contrasts with the user's preference for classic 1950s–1990s film aesthetics.  
- No indication of adventurous, romantic, or dramatic themes like iconic characters or quotes in the title/cover.  
- Absence of thriller/crime drama elements (e.g., suspense, action) seen in favorites like ""Dial M for Murder"".  

【Short-term Misalignment】  
- The cover lacks emphasis on memorable scores or soundtracks, a key short-term interest.  
- No clear complex characters or dramatic plots suggested by the split-screen, smiling portraits.  

【Preference Dynamics】  
- Non-click reflects stability in preferring classic genres over modern, abstract storytelling.  
- Indicates lack of interest in non-action-oriented content despite growing thriller/crime focus."
259,7149,1,"[ANS] yes
[REASON]
【Long-term Alignment】
1. Film is a romantic comedy matching user's established preference for romance-comedy hybrids.
2. Features lighthearted tone consistent with user's enjoyment of family-friendly content.
3. Stars recognizable actors in familiar romantic comedy format providing comfort viewing.

【Short-term Alignment】
1. Explores complex age-gap relationship dynamics aligning with current interest in human relationships.
2. Features mature romantic complications matching recent preference for thought-provoking content.
3. Contains sophisticated character development appealing to user's evolved storytelling interests.

【Preference Dynamics】
1. Represents bridge between familiar romantic comedy format and more complex relationship themes.
2. Shows user maintaining genre loyalty while exploring more mature narrative depth."
259,2271,0,"[ANS] no
[REASON]
【Long-term Misalignment】
1. Lacks comedy elements present in user's preferred films like Austin Powers and Shrek.
2. Missing light-hearted, family-friendly tone characteristic of user's animated favorites.
3. No romantic comedy elements seen in titles like What Women Want.

【Short-term Misalignment】
1. Does not explore complex human relationships like Lost in Translation or Eternal Sunshine.
2. Absence of unique storytelling approaches found in 12 Monkeys and Dancer in the Dark.
3. Not focused on identity exploration themes present in About Schmidt.

【Preference Dynamics】
1. Reflects user's preference for established franchises over unfamiliar standalone films.
2. Shows user's tendency toward familiar comedic styles rather than dramatic departures."
233,5418,1,"[ANS] yes
[REASON]
【Long-term Alignment】
1. Film is critically acclaimed thriller with complex amnesia storyline and moral ambiguity.
2. Features memorable protagonist with strong performance by Matt Damon.
3. Atmospheric European settings and intense action sequences create gripping narrative.

【Short-term Alignment】
1. Central character development through identity exploration and emotional depth.
2. Blends drama, thriller, and mystery elements in sophisticated way.
3. Introspective journey of self-discovery drives the plot forward.

【Preference Dynamics】
1. Maintains core interest in acclaimed dramas while incorporating action-thriller elements.
2. Expands beyond pure drama into intelligent genre filmmaking with substance."
233,144620,0,"[ANS] no
[REASON]
【Long-term Misalignment】
1. Film lacks critical acclaim typical of user's preferred dramas and thrillers.
2. Visual style appears more comedic than morally ambiguous or atmospheric.
3. Character depictions suggest simpler storytelling than user's complex narrative preference.

【Short-term Misalignment】
1. Tone appears lighthearted rather than focused on emotional depth.
2. Content seems more adventure-focused than character-driven introspection.
3. Genre blend leans toward family comedy rather than drama-thriller mix.

【Preference Dynamics】
1. Non-click shows user's genre exploration has boundaries excluding family-oriented content.
2. Consistent preference for mature themes overrides occasional interest in animation novelty."
116,8360,1,"[ANS] yes
[REASON]
【Long-term Alignment】
1. Features iconic fairy tale characters with emotional depth and development.
2. Contains adventure elements with quests and action sequences.
3. Blends romantic comedy elements within its fantasy narrative.

【Short-term Alignment】
1. Includes memorable character performances like Donkey and Puss in Boots.
2. Provides nostalgia through fairy tale references and early 2000s animation.
3. Offers adventure in a pseudo-historical fairy tale setting.

【Preference Dynamics】
1. Shows exploration of animated films while maintaining classic storytelling preferences.
2. Demonstrates willingness to try different formats within their established genre interests."
116,3545,0,"[ANS] no  
[REASON]  
【Long-term Misalignment】  
- The film is a musical drama, lacking the adventure or action elements the user consistently prefers.  
- Its 1970s setting and cabaret theme do not align with the user's interest in 80s/90s classic movies.  
- The focus on theatrical performance contrasts with the user's preference for emotional, character-driven storytelling.  

【Short-term Misalignment】  
- It does not feature iconic characters or performances like those in recently viewed films (e.g., ""Rain Man"").  
- The cabaret aesthetic lacks the nostalgia appeal of musicals the user engaged with, such as ""Grease"".  
- No historical or period adventure elements, which are part of the user's current interest.  

【Preference Dynamics】  
- The non-click reflects the user's stable avoidance of genres outside their core interests (e.g., pre-80s musicals).  
- It shows the user's short-term explorations remain bounded by their established preferences for specific eras and themes."
121,163,1,"[ANS] yes
[REASON]
【Long-term Alignment】
1. Dark, moody setting matches user's solidified preference for atmospheric environments.
2. Intense character focus aligns with user's interest in complex character-driven stories.
3. Dramatic tone corresponds with user's strong preference for dramatic narratives.

【Short-term Alignment】
1. 1995 release date directly matches user's intensified interest in mid-1990s American films.
2. Film represents iconic 1990s action-drama genre fitting user's nostalgia-driven focus.

【Preference Dynamics】
1. Click shows user exploring action elements while maintaining core drama preferences.
2. Selection indicates expansion within 1990s film interest beyond pure romance genres."
121,160400,0,"[ANS] no
[REASON]
【Long-term Misalignment】
1. Film focuses on male professional relationship rather than romance or character-driven emotional stories.
2. Historical literary setting doesn't align with user's preference for atmospheric drama.
3. Professional collaboration narrative lacks the emotional depth user consistently prefers.

【Short-term Misalignment】
1. 2016 release date contradicts user's intensified interest in 1990s American films.
2. Early 20th century setting provides no 1990s nostalgia or cultural references.
3. Historical literary drama lacks iconic 1990s settings user currently seeks.

【Preference Dynamics】
1. Non-click demonstrates user's stable avoidance of non-romance/non-1990s content.
2. Consistent preference pattern shows no interest in historical literary adaptations."
485,356,1,"[ANS] yes
[REASON]
【Long-term Alignment】
1. Features dramatic settings and high-stakes scenarios spanning decades of American history.
2. Contains memorable character development through extraordinary life adventures.
3. Explores human condition themes through emotionally impactful storytelling.

【Short-term Alignment】
1. Released in 1994, fitting the user's recent 1991-1995 movie fascination.
2. Strong focus on character development and emotional depth throughout narrative.
3. Explores themes of risk and human resilience across challenging circumstances.

【Preference Dynamics】
1. Represents genre exploration beyond pure action toward character-driven drama.
2. Maintains thriller elements through life-threatening scenarios while expanding emotional range."
485,3917,0,"[ANS] no
[REASON]
【Long-term Misalignment】
1. Horror genre differs from user's preferred action, sci-fi, and thriller genres.
2. Lacks the high-stakes adventure and excitement characteristic of user's favored content.
3. Focuses on supernatural horror rather than action-packed plots and memorable heroic characters.

【Short-term Misalignment】
1. 1987 release year falls outside user's recent 1991-1995 movie interest period.
2. Horror themes contrast with user's recent focus on character-driven storytelling and emotional depth.
3. Supernatural elements don't align with user's interest in human condition and realistic danger themes.

【Preference Dynamics】
1. Non-click shows user's stable genre preferences despite availability of different content types.
2. Demonstrates user's consistent avoidance of horror genre despite evolving interests within preferred genres."
377,2384,1,"[ANS] yes
[REASON]
【Long-term Alignment】
- Bold yellow typography and vibrant color palette align with preference for striking visual design.
- Anthropomorphic animal protagonist suggests psychological storytelling elements.
- Dynamic composition with pig balancing on suitcase creates visual drama.

【Short-term Alignment】
- 1998 release falls outside current 1950s-60s focus, representing genre exploration.
- Family adventure genre differs from recent sci-fi/horror preferences.
- Urban setting contrasts with typical historical drama locations.

【Preference Dynamics】
- Click demonstrates active novelty seeking beyond stated era preferences.
- Selection shows willingness to explore contemporary films despite classic film interest."
377,4500,0,"[ANS] no
[REASON]
【Long-term Misalignment】
- Film from 1988 conflicts with user's preference for 1970s-80s classic sci-fi franchises.
- Lacks futuristic themes and dramatic visual style characteristic of user's long-term interests.
- Absence of psychological thriller or suspense elements evident in cover imagery.

【Short-term Misalignment】
- 1988 release date falls outside user's current 1950s-60s film exploration period.
- Cover shows contemporary setting rather than historical drama or film noir aesthetics.
- Missing genre markers for sci-fi, action, horror, or mystery from recent interests.

【Preference Dynamics】
- User maintains era-specific focus by skipping content outside 1950s-60s exploration phase.
- Moderate novelty seeking doesn't extend to films outside targeted historical periods."
385,750,1,"[ANS] yes
[REASON]
【Long-term Alignment】
1. Film is a classic Hollywood production from 1964 matching the user's established preference.
2. Features intense Cold War thriller themes aligning with dramatic narrative interests.
3. Cover uses bold red/white/blue color scheme consistent with preferred classic poster aesthetics.

【Short-term Alignment】
1. Science fiction elements in nuclear doomsday scenario connect to emerging futuristic interests.
2. Political satire's musical score and comedic rhythm align with recent music-content exploration.

【Preference Dynamics】
1. Click demonstrates continued engagement with classic films while exploring satirical subgenres.
2. Selection shows expansion from pure drama/thriller into politically-charged dark comedy."
385,173,0,"[ANS] no
[REASON]
【Long-term Misalignment】
1. Lacks classic Hollywood film characteristics present in user's established preferences.
2. Comic book aesthetic differs from user's preference for classic film poster styles.
3. 1995 release falls outside user's demonstrated interest in earlier cinematic eras.

【Short-term Misalignment】
1. Absence of musical elements contrasts with recent music video interest.
2. Futuristic setting lacks the artistic depth shown in user's sci-fi explorations.
3. Character anonymity conflicts with user's focus on memorable character narratives.

【Preference Dynamics】
1. Non-click shows user maintains preference boundaries despite exploratory pattern.
2. Indicates selective engagement with new genres rather than broad acceptance."
225,2454,1,"[ANS] yes
[REASON]
【Long-term Alignment】
1. Classic horror film from the 1950s adjacent to user's 80s-90s classic movie interest period.
2. Horror genre with iconic monstrous character aligns with user's horror genre preference.
3. Memorable creature feature premise fits user's interest in memorable horror characters.

【Short-term Alignment】
1. Horror movie with supernatural transformation storyline matches recent supernatural interest.
2. Dark atmospheric tone created by monstrous imagery aligns with current dark setting preference.
3. Scientific experiment gone wrong provides unique storyline with unexpected body horror twists.

【Preference Dynamics】
1. Clicking older classic horror shows exploration beyond stated 80s-90s timeframe into darker cinematic roots.
2. Selecting creature feature demonstrates growing comfort with diverse horror subgenres and atmospheric dread."
225,91571,0,"[ANS] no
[REASON]
【Long-term Misalignment】
1. Film is a 2011 Shakespeare adaptation, not from the preferred 1980s-1990s classic movie era.
2. Content is a political drama/tragedy, not horror or suspense with memorable nostalgic characters.
3. Lacks the horror genre's specific character-driven suspense that the user consistently prefers.

【Short-term Misalignment】
1. Lacks supernatural elements, unique horror storylines, or unexpected twists in its political narrative.
2. Setting appears modern-political, not the dark, atmospheric, or ominous settings the user currently explores.

【Preference Dynamics】
1. Non-click demonstrates user's stable commitment to horror/suspense genres over other dramatic forms.
2. Reflects lack of interest in exploring non-horror topics, even those with a serious or dark aesthetic."
578,8533,1,"[ANS] yes
[REASON]
【Long-term Alignment】
1. Features strong romantic drama elements matching user's fondness for romance genres.
2. Contains classic film qualities despite 2004 release, appealing to classic film appreciation.
3. Centers around compelling female lead character, aligning with preference for strong female protagonists.

【Short-term Alignment】
1. Released in 2004, fitting recent interest in late 1990s-early 2000s films.
2. Blends romance with dramatic themes, matching preference for mixed genre content.
3. Explores relationship dynamics, aligning with recent fascination with social relationships.

【Preference Dynamics】
1. Represents continued evolution toward incorporating more dramatic elements alongside romance.
2. Shows user exploring more contemporary films while maintaining core romantic genre preferences."
578,6660,0,"[ANS] no
[REASON]
【Long-term Misalignment】
1. The film is a 1948 ballet drama, not matching user's preference for romantic comedies.
2. It lacks the strong female comedy leads seen in ""The First Wives Club"" and similar films.
3. The ballet theme differs from user's interest in relationship and family dynamics.

【Short-term Misalignment】
1. The 1948 release date contrasts with user's recent interest in late 1990s-2000s films.
2. Ballet-focused drama lacks the romance-comedy blend seen in recent watches.
3. No evidence of user interest in performing arts or dance-themed content.

【Preference Dynamics】
1. Non-click shows user maintains stable preference for romantic comedies over dramatic genres.
2. Indicates limited interest in expanding beyond established comfort zone of relationship-focused stories."
467,389,1,"[ANS] yes
[REASON]
【Long-term Alignment】
1. Film is a historical drama set in post-Napoleonic France, matching user's period piece interest.
2. Cover's dramatic intensity aligns with user's preference for serious, emotional films.
3. Story contains romantic elements fitting user's fondness for romantic narratives.

【Short-term Alignment】
1. User recently watched 1990s films like ""Little Voice"" - this is from 1994.
2. Recent war/historical drama interest (""Schindler's List"") extends to this Napoleonic-era story.
3. Complex character study matches recent watches of psychologically rich films.

【Preference Dynamics】
1. Click shows continued exploration of historical dramas beyond World War II settings.
2. Selection indicates deepening interest in character-driven period pieces with dramatic weight."
467,320,0,"[ANS] no
[REASON]
【Long-term Misalignment】
1. Lacks historical/period drama elements central to user's long-term interests
2. Missing romantic themes present in user's preferred films
3. Visual aesthetic differs from traditional dramatic film covers user favors

【Short-term Misalignment】
1. Not part of 1990s film trend user recently explored
2. Absent war/historical context seen in recent watches
3. Character complexity appears more abstract than user's recent choices

【Preference Dynamics】
1. Shows user maintains stable preference boundaries despite exploration
2. Indicates limited interest in experimental/abstract film styles"
348,590,1,"[ANS] yes
[REASON]
【Long-term Alignment】
1. Complex storytelling through a Union soldier's transformation in Lakota Sioux culture.
2. Dramatic narrative exploring cultural conflict and personal identity intensely.
3. Memorable visuals of expansive American frontier landscapes and authentic period details.

【Short-term Alignment】
1. Historical period setting during American Civil War and westward expansion era.
2. Contains suspense elements through frontier survival and cultural clashes.
3. Western genre exploration building on recent historical film interests.

【Preference Dynamics】
1. Expands historical interest from war films to frontier settlement narratives.
2. Combines classic film appreciation with accessible epic storytelling approach."
348,6299,0,"[ANS] no
[REASON]
【Long-term Misalignment】
1. Documentary lacks complex storytelling found in user's preferred classic films.
2. Absence of dramatic human narratives central to user's intense film preferences.
3. Visual focus on natural realism differs from user's preference for cinematic visual artistry.

【Short-term Misalignment】
1. No historical or period setting elements present in the documentary format.
2. Missing suspense/thriller elements central to user's recent viewing patterns.

【Preference Dynamics】
1. User maintains consistent preference for narrative-driven content over documentary.
2. Non-click reflects stable disinterest in nature/animal-focused subject matter."
128,1284,1,"[ANS] yes
[REASON]
【Long-term Alignment】
1. Film from 1946 aligns with user's classic film preference (1930s-1950s era).
2. Features romantic tension between complex characters in dramatic embrace.
3. Represents period-set narrative with detective adventure elements.

【Short-term Alignment】
1. Film noir genre directly matches emerging mystery/thriller interest.
2. Dark atmospheric poster creates suspenseful, eerie visual tone.
3. Vintage poster aesthetic satisfies nostalgic, retro visual preferences.

【Preference Dynamics】
1. Click demonstrates genre exploration from romantic dramas to mystery-thrillers.
2. Maintains classic film foundation while expanding into new suspense genres."
128,86295,0,"[ANS] no
[REASON]
【Long-term Misalignment】
1. Modern horror film from 2011 conflicts with classic 1930s-1950s film preference.
2. Slasher horror genre differs from romantic dramas and historical action-adventure interests.
3. Contemporary setting lacks period/historical elements present in preferred action films.

【Short-term Misalignment】
1. Slasher horror's graphic nature contrasts with preferred mystery/thriller's suspenseful atmospheres.
2. Modern horror aesthetic lacks nostalgic/retro visual elements user seeks.
3. Franchise slasher format typically prioritizes scares over complex character development.

【Preference Dynamics】
1. Non-click shows user's new genre exploration excludes horror despite mystery interest.
2. Consistent avoidance of modern horror reinforces stable classic film preferences."
601,47,1,"[ANS] yes
[REASON]
【Long-term Alignment】
1. Critically acclaimed thriller with complex storytelling about moral ambiguity and thought-provoking themes.
2. Visually striking cover features character portraits against dark atmospheric background.
3. Features critically acclaimed performances from Morgan Freeman and Brad Pitt.

【Short-term Alignment】
1. Film released in 1995 falls within user's recent interest in 1990s classics.
2. Combines drama and thriller genres with strong character-driven narrative.
3. Represents a cult favorite with memorable characters and iconic performances.

【Preference Dynamics】
1. Demonstrates exploration within thriller genre while maintaining focus on critically acclaimed films.
2. Shows willingness to engage with intense themes while building on classic film interest."
601,69805,0,"[ANS] no
[REASON]
【Long-term Misalignment】
1. Film lacks critical acclaim, being a direct-to-video adventure movie.
2. Cover features generic character poses, not visually striking or atmospheric.
3. Content is a light adventure, lacking complex storytelling or moral ambiguity.

【Short-term Misalignment】
1. Release year (2008) does not align with interest in 1940s/1970s/1990s films.
2. Genre is modern adventure, not classic drama, comedy, or fantasy.
3. Premise appears plot-driven, not focused on character-driven storytelling.

【Preference Dynamics】
1. User's stable interests prioritize quality over exploring any new content.
2. Non-click shows selective exploration, avoiding genres outside core preferences."
286,7438,1,"[ANS] yes
[REASON]
【Long-term Alignment】
1. Features complex revenge storytelling fitting drama/thriller genre preference.
2. Uses stylized visuals with bold color contrasts including dark elements.
3. Centers on strong female protagonist with significant character development.

【Short-term Alignment】
1. Matches recent interest in visually striking films like ""Kill Bill"".
2. Contains action-packed sequences while maintaining complex plot elements.
3. Explores themes of identity and morality through protagonist's journey.

【Preference Dynamics】
1. Demonstrates shift toward action-oriented content while maintaining narrative depth.
2. Shows exploration of visually driven storytelling within familiar genre framework."
286,3964,0,"[ANS] no
[REASON]
【Long-term Misalignment】
1. Disney animation lacks the dark, muted color palette preferred in user's visual aesthetic.
2. Fantasy theme contrasts with user's preference for realistic, complex storytelling in drama/thriller genres.
3. Character designs appear whimsical rather than the strong character development user consistently prefers.

【Short-term Misalignment】
1. Visual style is traditional animation rather than the visually striking action films like ""Kill Bill"" recently favored.
2. Content lacks the action-packed sequences and complex plot twists user currently explores.
3. Does not address themes of identity, morality or human condition in user's recent viewing.

【Preference Dynamics】
1. Non-click demonstrates user's stable avoidance of content outside core genre preferences.
2. Reinforces user's consistent preference for mature themes over family-friendly animation."
563,81591,1,"[ANS] yes
[REASON]
【Long-term Alignment】
1. Features Natalie Portman, who starred in romantic comedies the user enjoys.
2. Maintains connection to cinematic artistry consistent with classic film appreciation.
3. Contains dramatic character transformation elements present in beloved Disney narratives.

【Short-term Alignment】
1. Explores intense performance artistry similar to musical/whimsical theme interests.
2. Features striking visual aesthetics aligning with animated film appreciation.
3. Contains dark fairy tale elements that connect to animated fantasy preferences.

【Preference Dynamics】
1. Represents genre expansion from light romantic comedies to psychological thriller.
2. Shows willingness to explore darker, mature themes beyond typical Disney fare."
563,95690,0,"[ANS] no
[REASON]
【Long-term Misalignment】
1. User prefers classic/Disney films; this is a 2011 modern thriller.
2. User enjoys romantic comedies; this features violent themes and dark tone.
3. User favors family-friendly content; this suggests mature thriller/horror elements.

【Short-term Misalignment】
1. User currently watches animated films; this is live-action with dark aesthetic.
2. User explores whimsical/musical themes; this presents dark, stormy, violent imagery.
3. User recently viewed international animation; this appears to be standard American thriller.

【Preference Dynamics】
1. Non-click confirms user's stable preference for lighthearted over dark content.
2. Shows user's exploration remains within family-friendly/animated genres, not thrillers."
44,1639,1,"[ANS] yes
[REASON]
【Long-term Alignment】
1. Strong character-driven narrative focusing on emotional connections between characters.
2. Contains significant plot twists in romantic relationships and personal dynamics.
3. Blends realistic character development with unconventional relationship storytelling.

【Short-term Alignment】
1. Direct match to user's recent strong interest in romantic comedies like Chasing Amy.
2. Combines relationship drama with comedic elements from Kevin Smith's signature style.
3. Released in 1997, fitting user's bias toward recent 1995-1997 releases.

【Preference Dynamics】
1. Shows user exploring emotionally driven films while maintaining interest in character development.
2. Demonstrates willingness to engage with unconventional relationship themes within familiar genres."
44,6334,0,"[ANS] no
[REASON]
【Long-term Misalignment】
1. Lacks action, adventure, or sci-fi/fantasy elements central to user's core interests.
2. No apparent supernatural elements, futuristic settings, or plot twists indicated.
3. Character focus appears lighthearted rather than emotionally deep or suspenseful.

【Short-term Misalignment】
1. Missing romantic comedy or action-comedy blend from recent preferences.
2. No crime/social issue themes with humorous takes as seen in recent choices.
3. Absence of comedic elements present in Austin Powers and 1-900.

【Preference Dynamics】
1. User maintains preference balance by skipping this emotionally straightforward drama.
2. Despite openness to new content, 2002 release falls outside preferred 1995-1997 range."
108,5011,1,"[ANS] yes
[REASON]
【Long-term Alignment】
1. Features complex character relationships within a dramatic war narrative.
2. Focuses on character development through intense personal journey.
3. Atmospheric setting combines historical drama with emotional tension.

【Short-term Alignment】
1. War setting provides dynamic visual style with conflict scenes.
2. Explores identity transformation through espionage and relationships.
3. Blends human relationships with high-stakes narrative elements.

【Preference Dynamics】
1. Represents genre exploration from pure romance to war drama.
2. Maintains character focus while expanding into historical action themes."
108,5528,0,"[ANS] no
[REASON]
【Long-term Misalignment】
1. Film is a psychological thriller, not drama/romance or art-house with complex relationships.
2. Focuses on disturbing obsession rather than character development in atmospheric settings.

【Short-term Misalignment】
1. Lacks sci-fi/fantasy elements the user currently seeks.
2. Visual style is clinical and unsettling, not vibrant and dynamic.

【Preference Dynamics】
1. Shows user's genre exploration excludes thrillers lacking relationship depth.
2. Indicates temporary sci-fi interest overrides other new genres."
516,4429,1,"[ANS] yes
[REASON]
【Long-term Alignment】
1. Classic 1956 film adaptation aligns with user's strong interest in pre-1980s cinema.
2. Based on iconic literary narrative matching user's appreciation for strong storytelling.
3. Features memorable protagonist Captain Ahab fitting user's interest in iconic characters.

【Short-term Alignment】
1. Adventure-driven sea narrative complements recent ""Raiders of the Lost Ark"" viewing.
2. Classic film aesthetic provides nostalgic charm similar to ""Close Encounters of the Third Kind"".
3. Epic struggle theme resonates with user's recent adventure film preferences.

【Preference Dynamics】
1. Represents exploration within classic film era rather than strict genre experimentation.
2. Maintains nostalgic appeal while venturing into literary adaptation territory."
516,157172,0,"[ANS] no
[REASON]
【Long-term Misalignment】
1. The video game format differs from user's consistent interest in classic films.
2. Fantasy game lacks the strong narrative focus present in preferred 1970s-80s films.
3. Cover art shows generic fantasy elements missing iconic imagery from classic cinema.

【Short-term Misalignment】
1. Video game medium contrasts with recent film viewing pattern.
2. Fantasy setting lacks nostalgic value found in recent sci-fi/fantasy film choices.
3. Unknown title doesn't match recognizable classics like Jurassic Park or Star Wars.

【Preference Dynamics】
1. Non-click shows user maintains preference for established classics over obscure titles.
2. Indicates limited interest in expanding beyond film medium despite genre flexibility."
455,272,1,"[ANS] yes
[REASON]
【Long-term Alignment】
1. Historical period setting featuring complex royal characters and political themes.
2. Character-driven drama exploring mental health and emotional turmoil.
3. Theatrical visual style creates strong atmospheric mood and setting.

【Short-term Alignment】
1. 1994 release date fits current interest in 1990s American films.
2. Explores complex family dynamics within royal relationships.
3. Drama genre with emotional depth matches recent viewing preferences.

【Preference Dynamics】
1. Maintains core drama focus while exploring historical political themes.
2. Expands beyond pure romance into character-driven psychological drama."
455,112421,0,"[ANS] no
[REASON]
【Long-term Misalignment】
1. Stylized cartoon aesthetic conflicts with user's preference for historical/period visual authenticity.
2. Exaggerated character design lacks the complex emotional realism typical in user's drama preferences.
3. Comic book presentation diverges from user's consistent focus on atmospheric, mood-driven settings.

【Short-term Misalignment】
1. 2014 release date doesn't match current interest in 1990s American films.
2. Surreal character portrayal contrasts with preference for realistic relationship/family dynamics.
3. Stylized comedy elements differ from sought romantic/dramatic 1990s tone.

【Preference Dynamics】
1. Non-click shows user's exploration boundaries exclude surreal/abstract character presentations.
2. Maintains consistent preference for emotionally grounded narratives over experimental aesthetics."
134,442,1,"[ANS] yes
[REASON]
【Long-term Alignment】
1. Film belongs to action genre matching user's established preference for action films.
2. Features intense character dynamics similar to user's drama/thriller interests.
3. Dark, serious visual tone aligns with user's preference for dramatic themes.

【Short-term Alignment】
1. High-tension premise satisfies user's current interest in suspenseful content.
2. Complex character conflict matches recent focus on intricate character studies.
3. Visually striking futuristic aesthetic appeals to user's appreciation for atmospheric covers.

【Preference Dynamics】
1. Represents genre exploration while maintaining core action/thriller elements.
2. Futuristic sci-fi angle shows branching from typical historical drama preferences."
134,3397,0,"[ANS] no
[REASON]
【Long-term Misalignment】
1. The Muppet comedy genre contrasts with user's preference for action, drama, and thriller films.
2. Lighthearted puppet characters differ from user's interest in intense, dramatic themes.
3. Family-friendly content misaligns with user's historical preference for mature, complex narratives.

【Short-term Misalignment】
1. Comedic tone conflicts with user's current focus on suspense, tension, and mystery.
2. Simple character archetypes differ from user's recent interest in complex character studies.
3. Bright, playful visual style contrasts with user's preference for atmospheric, visually striking covers.

【Preference Dynamics】
1. Non-click demonstrates user's stable preference for mature genres over family entertainment.
2. Shows limited interest in exploring comedic or children's content despite occasional genre deviations."
441,8917,1,"[ANS] yes
[REASON]
【Long-term Alignment】
1. Features bold graphic visuals matching user's appreciation for visually striking films like Kill Bill.
2. Contains action-adventure elements aligning with user's stable genre preferences.
3. Title suggests satirical/complex themes fitting user's interest in layered narratives.

【Short-term Alignment】
1. Action-packed premise aligns with current interest in high-energy films like Die Hard.
2. Police/military theme provides suspense-thriller elements matching recent viewing patterns.

【Preference Dynamics】
1. Represents genre mixing (action satire) showing openness to blended genre experiences.
2. Continues exploration of bold visual styles while maintaining core genre foundations."
441,8526,0,"[ANS] no
[REASON]
【Long-term Misalignment】
1. Lacks suspense, thriller, or horror elements central to user's core preferences.
2. Absence of complex characters and dark themes seen in Fight Club or Silence of the Lambs.
3. Visual style is bright/whimsical rather than graphic/bold like Kill Bill.

【Short-term Misalignment】
1. No horror or zombie elements currently engaging the user.
2. Missing action-packed suspense/thriller components present in Terminator 2 or Die Hard.

【Preference Dynamics】
1. Non-click confirms user's stable avoidance of non-dark/adventure genres.
2. Shows limited interest in exploring lighthearted period adventure sub-genres."
574,225,1,"[ANS] yes
[REASON]
【Long-term Alignment】
1. Thriller genre with intense corporate suspense aligns with action-thriller preferences.
2. Complex character dynamics involving power and ethics match dramatic plot interests.
3. Modern professional setting provides realistic tension, fitting realism preference.

【Short-term Alignment】
1. 1994 release date directly matches current 1990s (1991-1995) movie interest.
2. Corporate morality conflicts explore identity and human condition themes.
3. Psychological tension provides dramatic storytelling intensity sought recently.

【Preference Dynamics】
1. Click shows exploration of corporate thriller subgenre within preferred thriller framework.
2. Selection indicates shift toward psychologically intense narratives over pure action."
574,3598,0,"[ANS] no
[REASON]
【Long-term Misalignment】
1. Film is Shakespearean tragedy rather than action/thriller genre.
2. Lacks historical realism, featuring modern technological aesthetic.
3. Character study focuses on psychological drama over intense action sequences.

【Short-term Misalignment】
1. Released in 2000, outside user's current 1991-1995 focus period.
2. Philosophical tragedy lacks adventure and action-packed sequences.
3. Introspective themes overshadow heroic character archetypes user prefers.

【Preference Dynamics】
1. Non-click demonstrates user's stable genre preferences rejecting dramatic tragedy.
2. Shows limited novelty seeking when content diverges significantly from core interests."
45,51080,1,"[ANS] yes
[REASON]
【Long-term Alignment】
1. Thriller/suspense genre matches recently added long-term interest in dramatic, intense covers.
2. Dark, cinematic visual style aligns with preference for visually striking storytelling.
3. Mysterious atmosphere corresponds to established interest in dramatic themes and suspense.

【Short-term Alignment】
1. 2007 release date fits emerging interest in 2000s movies.
2. Suspenseful tone matches current focus on action-adventure intensity.

【Preference Dynamics】
1. Click demonstrates exploration within newly added thriller/suspense genre interest.
2. Selection shows continued expansion into different dramatic styles within established preferences."
45,116668,0,"[ANS] no  
[REASON]  
【Long-term Misalignment】  
- The cover's horror/zombie theme lacks comedy, action-adventure, or fantasy elements central to user's long-term interests.  
- Absence of romantic, period drama, or thriller-suspense cues contrasts with user's broad genre preferences.  
- Visual style focuses on gore/darkness, not the striking or unique storytelling seen in favored titles like ""Pirates of the Caribbean"".  

【Short-term Misalignment】  
- 2014 release year mismatches user's current focus on 2000s films like ""U-571"" or ""Dodgeball"".  
- No blend of action-comedy-drama seen in recent interests (e.g., ""Maverick""); instead emphasizes horror violence.  

【Preference Dynamics】  
- Non-click reflects stable disinterest in horror/gore genres absent from preference history.  
- Consistent avoidance of niche topics (e.g., Nazi zombies) underscores focus on mainstream action, comedy, or drama."
170,48,1,"[ANS] yes
[REASON]
【Long-term Alignment】
1. Historical drama genre matches user's consistent interest in historical films.
2. Animated adventure format aligns with user's enjoyment of action-packed storytelling.
3. Strong central character resonates with user's preference for character-driven narratives.

【Short-term Alignment】
1. Unique historical setting directly matches user's current exploration of distinctive world-building.
2. Adventure narrative aligns with user's recent interest in exciting, journey-focused stories.
3. Character-focused storytelling fits user's current preference for strong narrative development.

【Preference Dynamics】
1. Represents user's exploration of animated historical films beyond traditional live-action formats.
2. Shows willingness to engage with culturally specific historical narratives as new thematic territory."
170,128099,0,"[ANS] no
[REASON]
【Long-term Misalignment】
1. Stand-up comedy special differs from user's historical drama preference.
2. Modern comedy format contrasts with user's romantic comedy film interests.
3. Solo performance lacks action elements present in user's preferred movies.

【Short-term Misalignment】
1. Comedy special format doesn't match current character-driven storytelling focus.
2. Urban setting contrasts with user's exploration of unique world-building films.
3. Stand-up routine lacks the adventure elements user currently seeks.

【Preference Dynamics】
1. Non-click shows user maintains stable preference for narrative films over comedy.
2. Demonstrates limited interest in modern performance formats versus cinematic experiences."
66,51255,1,"[ANS] yes
[REASON]
【Long-term Alignment】
1. Visually striking cover with action elements matches preference for dramatic, visually compelling covers.
2. Features quirky characters and offbeat storyline typical of Edgar Wright's filmmaking style.
3. Contains mystery elements and complex character dynamics fitting historical interest in nuanced narratives.

【Short-term Alignment】
1. Action-packed content aligns with recent interest in adrenaline-fueled films like Bloodsport.
2. Gun-wielding characters and intense visuals match temporary focus on action-drama hybrids.
3. Period setting (2000s nostalgia) connects to ongoing interest in retro-themed entertainment.

【Preference Dynamics】
1. Represents moderate novelty seeking through comedic action subversion of traditional genres.
2. Explores British filmmaking while maintaining familiar action-mystery framework from preferences."
66,117877,0,"[ANS] no
[REASON]
【Long-term Misalignment】
1. Cartoonish visual style lacks the realistic retro/nostalgic aesthetic (1940s-1980s) the user consistently prefers.
2. Whimsical animal protagonist differs from human-centric historical dramas and complex character development interests.
3. Absence of historical, action-adventure, or mystery elements present in user's core preferences.

【Short-term Misalignment】
1. Playful tone contrasts with recent engagement in intense action films like ""Bloodsport"" and ""The Replacement Killers"".
2. No period drama elements unlike current interest demonstrated in ""The Untouchables"".
3. Lacks adrenaline-fueled action or dramatic tension seen in recently viewed content.

【Preference Dynamics】
1. Moderate novelty seeking doesn't extend to animated/whimsical genres outside established historical/action preferences.
2. Consistent pattern maintains focus on human dramas over animal-centric narratives."
284,637,1,"[ANS] yes
[REASON]
【Long-term Alignment】
- The military comedy theme aligns with action-adventure genre preferences.
- Bold red/white color scheme matches preference for visually striking covers.
- Central character focus with dynamic composition appeals to visual preferences.

【Short-term Alignment】
- 1996 release date directly matches current interest in 1990s movies.
- Steve Martin as iconic comedic character fits nostalgic value preference.
- Military comedy genre blends action with character-driven storytelling.

【Preference Dynamics】
- Click shows temporary exploration beyond pure action/thriller genres.
- Selection demonstrates willingness to try comedy within preferred 1990s era."
284,2503,0,"[ANS] no
[REASON]
【Long-term Misalignment】
1. Cover lacks action elements, bold colors, or dynamic composition typical of action/thriller preferences.
2. Content appears culturally focused rather than fitting sci-fi, fantasy, or historical genres.
3. Visual tone is warm/gentle rather than suspenseful or exciting like preferred action films.

【Short-term Misalignment】
1. 1998 release falls outside current 1990s movie interest timeframe (1990-1997 implied).
2. Cover suggests simple narrative rather than complex characters or intricate plots.
3. No indication of iconic characters or memorable quotes associated with 1990s classics.

【Preference Dynamics】
1. Non-click confirms stable preference for action-packed content over cultural dramas.
2. Shows user maintains genre boundaries despite temporary interest in 1990s films."
86,4901,1,"[ANS] yes
[REASON]
【Long-term Alignment】
1. Film features action and suspense matching user's established interest in these genres.
2. Serious tone and dramatic elements align with user's appreciation for drama.
3. Spy thriller narrative contains adventure elements consistent with long-term preferences.

【Short-term Alignment】
1. User recently watched this exact film, indicating active interest in spy thrillers.
2. Cover's visually striking explosion imagery matches user's noted attraction to compelling visuals.

【Preference Dynamics】
1. Click demonstrates user's ongoing exploration of thriller genre beyond previous preferences.
2. Selection shows user actively engaging with recently discovered content themes."
86,88812,0,"[ANS] no
[REASON]
【Long-term Misalignment】
1. The comedy genre is absent from the user's established science fiction, fantasy, and drama preferences.
2. The crude action-comedy tone differs from the user's sophisticated drama and suspense interests.
3. Character-driven comedy lacks the epic worldbuilding present in user's preferred fantasy franchises.

【Short-term Misalignment】
1. The comedic approach contrasts with the serious thriller tone of recent watch 'Spy Game'.
2. Visual style emphasizes crude comedy rather than the striking imagery that attracted user recently.

【Preference Dynamics】
1. Non-click demonstrates user's stable genre preferences despite exploring new themes.
2. Shows user's exploration remains selective, avoiding comedy genres outside their interest spectrum."
243,112,1,"[ANS] yes
[REASON]
【Long-term Alignment】
1. Features Jackie Chan as a strong male protagonist in an urban action setting.
2. Contains martial arts action sequences fitting action-packed film preferences.
3. Urban adventure narrative aligns with consistent interest in adventurous themes.

【Short-term Alignment】
1. Film's mix of martial arts action and comedic elements matches current humor-action interest.
2. Urban crime plot provides both action and suspense elements user currently explores.
3. Jackie Chan's performance style naturally blends physical action with lighthearted moments.

【Preference Dynamics】
1. Selection shows continued exploration of action films with comedic undertones.
2. Represents stable preference for 1990s action cinema with charismatic leads."
243,39446,0,"[ANS] no
[REASON]
【Long-term Misalignment】
1. Saw II is a horror film while user consistently prefers action/adventure genres.
2. Missing strong male protagonists which are a consistent draw for user.
3. Lacks the adventurous themes present in user's long-term interests.

【Short-term Misalignment】
1. User currently seeks humor mixed with action, but Saw II offers pure horror/suspense.
2. No lighthearted content present, contrasting with user's recent humorous preferences.
3. Focuses on psychological terror rather than action-adventure excitement.

【Preference Dynamics】
1. Non-click confirms user's stable avoidance of horror genre despite content exploration.
2. Reinforces user's consistent preference for action over darker thriller themes."
187,1196,1,"[ANS] yes
[REASON]
【Long-term Alignment】
1. Explores complex father-son relationship and identity crisis through Luke Skywalker's moral conflict.
2. Features deep character development as heroes face failure and personal transformation.
3. Challenges established norms through Empire's dominance and unconventional narrative structure.

【Short-term Alignment】
1. Delivers intense suspense through dark tone and dramatic confrontations like the Cloud City duel.
2. Presents moral ambiguity through Darth Vader's revelation and Han Solo's carbonite freezing.
3. Maintains dark atmosphere with ominous settings and the Empire's relentless pursuit.

【Preference Dynamics】
1. Shows exploration of mainstream franchise content while maintaining thematic complexity preferences.
2. Balances space opera elements with psychological depth and character-driven drama."
187,4840,0,"[ANS] no
[REASON]
【Long-term Misalignment】
1. The umbrella's surreal visual suggests whimsical elements, conflicting with serious human condition exploration.
2. Period romance setting lacks the challenging social norms focus from long-term preferences.
3. Theater backdrop prioritizes artistic performance over deep psychological character development.

【Short-term Misalignment】
1. Romantic drama genre lacks the dark intensity and suspense currently sought.
2. Absence of violence or moral ambiguity contrasts with emerging intense themes interest.
3. Conventional narrative structure differs from preferred unconventional storytelling approaches.

【Preference Dynamics】
1. Non-click demonstrates selective exploration, rejecting content diverging from intensified dramatic focus.
2. Maintains preference stability by avoiding romantic elements despite exploratory tendencies."
327,1288,1,"[ANS] yes
[REASON]
【Long-term Alignment】
1. Film features comedic mockumentary style with humorous band member interactions and exaggerated personalities.
2. Memorable characters with distinct quirks shown through their on-stage personas and off-stage dynamics.
3. Explores human relationships within band members' friendships and creative conflicts during their tour.

【Short-term Alignment】
1. Bold graphic design with stylized ""SpinTap"" typography and vintage album cover composition matches current visual preferences.
2. Blends comedy with music performance elements, similar to horror-comedy genre mixing they currently enjoy.
3. 1980s setting provides nostalgic period appeal adjacent to their 1990s-2000s film interest.

【Preference Dynamics】
1. Demonstrates genre exploration from horror-comedy to mockumentary comedy while maintaining core humor preference.
2. Shows willingness to adapt to different comedic styles within their established character-driven entertainment interests."
327,5590,0,"[ANS] no
[REASON]
【Long-term Misalignment】
1. The serious crime drama genre contrasts with user's preference for light-hearted comedy films.
2. Power dynamics theme differs from user's interest in friendships and coming-of-age stories.
3. Character presentation emphasizes authority rather than quirky, memorable personalities.

【Short-term Misalignment】
1. 1973 release date doesn't match current interest in 1990s-2000s horror-comedies.
2. Crime drama genre lacks horror-comedy-adventure mix user currently enjoys.
3. Visual style emphasizes power imagery rather than bold parody graphics.

【Preference Dynamics】
1. Shows user maintains stable genre boundaries despite openness to new themes.
2. Demonstrates user's current focus on specific era and genre combinations."
160,3616,1,"[ANS] yes
[REASON]
【Long-term Alignment】
- 2000 release year fits user's established interest in character-driven science fiction and fantasy films.
- The cover's dramatic character imagery suggests exploration of human relationships and emotional themes.
- Title ""Loser"" implies potential themes of identity and morality aligning with user's preference for complex narratives.

【Short-term Alignment】
- Directly matches user's growing interest in 2000s films with complex characters and themes.
- Falls within user's current exploration of drama and thriller genres from the early 2000s period.

【Preference Dynamics】
- Shows user actively exploring newer film eras while maintaining core interest in character-driven stories.
- Represents continued temporary genre exploration beyond their typical dramatic film preferences."
160,95193,0,"[ANS] no  
[REASON]  
【Long-term Misalignment】  
1. The vibrant, cartoonish aesthetic lacks the dark, moody tone the user prefers.  
2. It is a family-friendly animated sequel, not a complex, intense drama exploring human relationships.  
3. The simple narrative focus does not align with the user's interest in deep themes like morality or identity.  

【Short-term Misalignment】  
1. The 1998 release does not match the user's growing interest in 2000s films.  
2. It is a children's adventure, not a thriller, sci-fi, or action title like their recent temporary interests.  

【Preference Dynamics】  
1. The non-click reflects the user's stable avoidance of lighthearted, non-intense content.  
2. It shows their temporary genre exploration does not extend to family-oriented animation."
13,3863,1,"[ANS] yes
[REASON]
【Long-term Alignment】
1. Sci-fi thriller genre matches user's strong interest in science fiction and fantasy films.
2. Surreal collage cover with dramatic composition aligns with preference for visually striking covers.
3. Complex psychological plot involving character exploration fits interest in intricate narratives.

【Short-term Alignment】
1. 2000 release date directly matches recent interest in late 1990s/early 2000s films.
2. Stylized visual approach with surreal elements fits current preference for unique visual styles.
3. Features strong male lead character (Vincent D'Onofrio) matching recent heroic persona preference.

【Preference Dynamics】
1. Click demonstrates willingness to explore psychological thriller subgenre within preferred sci-fi framework.
2. Selection shows interest in darker, more surreal aesthetics while maintaining core genre preferences."
13,52694,0,"[ANS] no  
[REASON]  
【Long-term Misalignment】  
- Genre is comedy, not sci-fi/fantasy/action-adventure.  
- Cover lacks dramatic visuals, dynamic compositions, or bold contrasts.  
- Story focuses on lighthearted humor, not complex plots or suspense.  

【Short-term Misalignment】  
- Film released in 2007, outside the late 1990s–early 2000s focus.  
- Visual style is playful and bright, not stylized or rugged.  
- Lead character is bumbling and comedic, not heroic or strong.  

【Preference Dynamics】  
- Non-click reflects stable disinterest in non-action/comedy genres.  
- Indicates no current exploration of retro aesthetics outside preferred era."
36,318,1,"[ANS] yes
[REASON]
【Long-term Alignment】
1. Classic 1994 film aligns with user's preference for 1960s-1980s era movies and nostalgic content.
2. Strong character-driven drama matches user's interest in complex character development and storytelling.
3. Prison setting and redemption theme provide dramatic and suspenseful elements user consistently enjoys.

【Short-term Alignment】
1. 1994 release date fits user's recent interest in period settings including the 1990s.
2. Crime and prison themes directly match user's current exploration of crime/mystery stories.
3. Film's atmospheric prison setting aligns with user's preference for memorable locations.

【Preference Dynamics】
1. Click demonstrates user's oscillation between classic and modern films (1994 bridges both eras).
2. Selection shows user's current genre focus shift toward crime/drama while maintaining character-driven preference."
36,161131,0,"[ANS] no
[REASON]
【Long-term Misalignment】
1. Film is from 2016, not the preferred 1960s-1980s classic era.
2. Modern graphic design lacks vintage aesthetics and nostalgic feel.
3. Cover suggests contemporary crime story, not character-driven dramatic suspense.

【Short-term Misalignment】
1. Setting appears modern rather than preferred 1970s/1990s period settings.
2. Serious tone lacks the comedy-drama mix recently explored.
3. Graphic style doesn't emphasize atmospheric locations or unique settings.

【Preference Dynamics】
1. Non-click reflects user's consistent preference for nostalgic over contemporary films.
2. Shows limited interest in modern crime stories without period elements."
29,4223,1,"[ANS] yes
[REASON]
【Long-term Alignment】
1. Features dramatic sniper duel scenes with intense action and suspense.
2. Historical war setting aligns with user's interest in dramatic historical films.
3. Realistic military drama matches user's preference for intense, dramatic scenes.

【Short-term Alignment】
1. Directly matches recent interest in historical war films like ""Gladiator"".
2. Strong narrative focus on sniper duel aligns with recent preferences.
3. War action and adventure elements connect to ""Black Hawk Down"" interest.

【Preference Dynamics】
1. Expands historical interest from ancient to World War II settings.
2. Combines multiple recent interests: historical, narrative focus, and action."
29,2687,0,"[ANS] no
[REASON]
【Long-term Misalignment】
1. Animated Disney format contrasts with user's preference for live-action films from the 1990s.
2. Whimsical cartoon style lacks the dramatic intensity and suspense the user consistently favors.

【Short-term Misalignment】
1. Animation diverges from recent interests in historical period films like ""Gladiator"" and ""Stargate"".
2. Lighthearted adventure tone differs from strong narrative focus seen in ""Road to Perdition"".

【Preference Dynamics】
1. Non-click reflects stable preference for mature dramatic content over family-friendly animation.
2. Shows consistent disinterest in cartoon formats despite exploring new genres."
171,176,1,"[ANS] yes
[REASON]
【Long-term Alignment】
1. Classic 1995 film aligns with user's established interest in classic cinema.
2. Independent film's dramatic themes match user's preference for intense narratives.
3. Cinematic exploration of filmmaking resonates with user's appreciation for artistic depth.

【Short-term Alignment】
1. Film's comedic elements about chaotic film production align with emerging comedy interest.
2. Dynamic visual style and energetic pacing connect with current action-adventure focus.

【Preference Dynamics】
1. Click demonstrates genre exploration beyond mainstream action into independent comedy-drama.
2. Selection shows willingness to blend classic film appreciation with newer comedic interests."
171,1685,0,"[ANS] no
[REASON]
【Long-term Misalignment】
1. Lacks science fiction/fantasy elements present in user's core interests.
2. Absence of classic film characteristics unlike The Good, the Bad and the Ugly.
3. Missing dramatic intensity found in Reservoir Dogs and Apocalypse Now.

【Short-term Misalignment】
1. No action-adventure elements currently attracting user's attention.
2. Different from comedy exploration seen in Monty Python films.
3. Romantic focus contrasts with action/comedy short-term interests.

【Preference Dynamics】
1. Confirms user's stable preference for established genres over romance.
2. Shows limited interest in expanding beyond current genre explorations."
143,6332,1,"[ANS] yes
[REASON]
【Long-term Alignment】
1. Features a strong female lead character consistent with user's preference for female-centered narratives.
2. Combines humor, drama, and romance elements present in user's established romantic comedy interests.
3. Light-hearted, feel-good tone matches user's consistent preference for uplifting relationship stories.

【Short-term Alignment】
1. Recent interest in ""Lizzie McGuire Movie"" titles specifically noted in user's short-term preferences.
2. Strong female lead character aligns with current interest in movies like ""Legally Blonde"".
3. Mix of humor and drama matches recent viewing patterns of light-hearted comedic films.

【Preference Dynamics】
1. Represents engagement with current trends and popular culture as indicated in preference analysis.
2. Shows willingness to explore youth-oriented coming-of-age stories within romantic comedy framework."
143,81417,0,"[ANS] no
[REASON]
【Long-term Misalignment】
1. Horror genre conflicts with user's consistent preference for romantic comedies.
2. Dark, suspenseful atmosphere contrasts with light-hearted, feel-good movie preferences.
3. Supernatural thriller lacks relationship-focused personal growth narratives.

【Short-term Misalignment】
1. Recent interest in comedic tone directly opposes horror's frightening elements.
2. Strong female lead preference mismatches with impersonal supernatural threat focus.
3. Current relationship-centered viewing contrasts with paranormal plot's domestic terror theme.

【Preference Dynamics】
1. Non-click demonstrates stable avoidance of horror despite genre exploration willingness.
2. Consistent preference pattern shows limited interest in dark, suspenseful content."
237,1203,1,"[ANS] yes
[REASON]
【Long-term Alignment】
1. Film belongs to psychological thriller/crime drama genre matching user's strong interest.
2. Features complex moral dilemmas and character development central to user's preferences.
3. Dark atmospheric tension aligns with user's preference for moody storytelling.

【Short-term Alignment】
1. Continues user's exploration of identity and moral themes from recent viewing history.
2. Maintains focus on character-driven narratives evident in current preferences.
3. Complex plot structure with twists matches recent interest in intricate storytelling.

【Preference Dynamics】
1. Represents stable preference reinforcement rather than genre exploration.
2. Demonstrates continued appreciation for classic films with moral complexity."
237,1754,0,"[ANS] no
[REASON]
【Long-term Misalignment】
1. Lacks psychological thriller/crime drama elements evident in user's core preferences.
2. Missing sci-fi/futuristic themes present in user's established interests.
3. Character complexity and moral dilemmas not clearly conveyed in cover/title.

【Short-term Misalignment】
1. Does not align with current 1990s-2000s film exploration trend.
2. Fails to address recent interest in identity/memory themes.
3. No indication of complex plot twists user recently engaged with.

【Preference Dynamics】
1. Shows user's selective approach to new content within preferred genres.
2. Indicates preference stability despite willingness to explore new films."
474,1423,1,"[ANS] yes
[REASON]
【Long-term Alignment】
1. Features intense confrontation matching user's preference for dramatic and psychological thriller content.
2. The gun confrontation and tense atmosphere align with user's interest in dark, moody psychological thrillers.
3. Map background suggests geopolitical complexity fitting historical settings interest.

【Short-term Alignment】
1. The 1996 release date places it within user's recent interest in newer psychological thrillers.
2. Tense armed confrontation matches user's current focus on intense, dramatic content.

【Preference Dynamics】
1. Click demonstrates user exploring newer psychological thrillers beyond classic titles.
2. Selection shows continued shift toward more intense, confrontational content within psychological thriller genre."
474,5028,0,"[ANS] no  
[REASON]  
【Long-term Misalignment】  
- Cover lacks classic movie poster or vintage style, diverging from long-term visual preferences.  
- No historical, fantasy, or romantic comedy elements visible, contrasting with core genre interests.  
- Dark tones are present, but missing psychological thriller or intense dramatic cues like those in preferred titles.  

【Short-term Misalignment】  
- Title and cover suggest a contemplative or abstract narrative, not aligning with recent focus on psychological thrillers.  
- No documentary or intense, plot-driven themes, differing from current exploratory interests.  

【Preference Dynamics】  
- Non-click reflects user’s stable avoidance of non-historical, non-dramatic content outside their interest range.  
- Indicates limited engagement with ambiguous or mood-driven stories lacking clear genre ties to their preferences."
507,377,1,"[ANS] yes
[REASON]
【Long-term Alignment】
1. Film features strong action/suspense elements matching user's preference for this genre.
2. 1994 release date aligns with user's demonstrated interest in 1990s classic movies.
3. Visually striking cover with dramatic explosion scene appeals to user's preference for dynamic imagery.

【Short-term Alignment】
1. High-adrenaline adventure premise directly matches user's current interest in exciting films.
2. Intense action focus complements recent romantic comedy viewing as genre variation.
3. Memorable protagonist character aligns with user's appreciation for distinctive characters.

【Preference Dynamics】
1. Click demonstrates user's stable preference for 1990s action narratives despite recent romantic comedy exploration.
2. Selection shows continued trust in visually striking covers as decision factor across genres."
507,4487,0,"[ANS] no
[REASON]
【Long-term Misalignment】
1. Cover lacks dynamic action/adventure visuals present in user's preferred films like Jurassic Park and Speed.
2. Narrative focus appears centered on bartending rather than strong plot-driven storytelling the user favors.
3. 1988 release falls outside user's demonstrated preference for 1990s classic movies.

【Short-term Misalignment】
1. No romantic comedy elements visible compared to user's recent interest in While You Were Sleeping.
2. Missing adventure/excitement themes present in user's current Jurassic Park and Speed preferences.
3. Serious bartender imagery contrasts with family-friendly charm of recent interest Babe.

【Preference Dynamics】
1. Non-click confirms user's stable preference for 1990s films over earlier decades.
2. Shows limited interest in character-driven dramas without strong adventure or romantic elements."
222,6863,1,"[ANS] yes
[REASON]
【Long-term Alignment】
1. Features a strong male lead character as central protagonist.
2. Dynamic cover with visually striking mixed media style attracts attention.
3. Music-focused narrative maintains action-adventure entertainment appeal.

【Short-term Alignment】
1. Directly matches recent interest in character-driven stories like ""School of Rock.""
2. Complex protagonist who undergoes significant personal transformation.
3. Blends comedy with dramatic character development elements.

【Preference Dynamics】
1. Shows exploration of nuanced protagonists beyond traditional action heroes.
2. Indicates willingness to engage with character-focused narratives within familiar genres."
222,60950,0,"[ANS] no
[REASON]
【Long-term Misalignment】
1. Film is from 2008, outside user's preferred 1970s-1980s classic era.
2. Cover shows romantic drama, lacking action-adventure elements user consistently prefers.
3. No historical/period setting visible, contrasting with user's established interest.

【Short-term Misalignment】
1. Cover suggests romantic ensemble drama, not character-driven stories with complex protagonists.
2. Visual lacks action/suspense elements present in user's recent ""Ace Ventura"" interest.
3. Group dynamic differs from strong male lead focus in user's recent preferences.

【Preference Dynamics】
1. Non-click confirms user's stable preference for classic films over contemporary releases.
2. Shows limited interest in romance-focused narratives despite evolving character interests."
554,718,1,"[ANS] yes
[REASON]
【Long-term Alignment】
1. Film originates from 1993, fitting the user's established appreciation for classic cinema periods.
2. Movie poster features bold typography and dynamic character composition matching visual preference.
3. French comedy-musical elements align with enduring interest in musical themes.

【Short-term Alignment】
1. 1993 release date directly matches current interest in 1990s films.
2. Time-travel premise provides complex plot structure similar to recently viewed films.
3. Urban historical setting offers adventure elements fitting recent preference spectrum.

【Preference Dynamics】
1. Click demonstrates continued oscillation toward 1990s content within nostalgic framework.
2. French film selection shows exploratory behavior beyond typical Hollywood focus."
554,3421,0,"[ANS] no  
[REASON]  
【Long-term Misalignment】  
- The film is a 1970s comedy, not a classic 1950s–1960s romantic or musical movie.  
- Its chaotic, collage-style cover lacks the bold typography and dynamic composition of preferred vintage posters.  
- Absence of Disney or animated elements contrasts with the user's strong interest in family-friendly musicals.  

【Short-term Misalignment】  
- Focus on raucous comedy diverges from current interests in drama, romance, and adventure genres.  
- Lacks iconic, emotionally resonant characters or complex plot development seen in favored films like ""Witness"".  
- Soundtrack and tone prioritize humor over the memorable, nostalgic music typical of the user's recent choices.  

【Preference Dynamics】  
- Non-click reflects stable disinterest in non-nostalgic, purely comedic content outside preferred eras/themes.  
- Highlights consistent avoidance of films lacking emotional depth or character-driven narratives."
96,434,1,"[ANS] yes
[REASON]
【Long-term Alignment】
1. Features a strong male protagonist in an action-adventure genre, matching core preference.
2. Visual style is dramatic and action-oriented, aligning with interest in striking movie posters.
3. Themes of danger and suspense directly appeal to long-term thriller genre interest.

【Short-term Alignment】
1. The 1993 release date places it within the classic film era the user explores.
2. Mountain survival setting shares epic, high-stakes drama with new historical interest.

【Preference Dynamics】
1. Click demonstrates continued exploration of 1990s films within classic cinema interest.
2. Combines stable action preferences with wilderness survival, a slight thematic expansion."
96,97923,0,"[ANS] no  
[REASON]  
【Long-term Misalignment】  
- The film is a 2012 drama/thriller, not from the user's preferred 1970s–1980s classic era.  
- It centers on a pilot's personal crisis, lacking adventure, danger, or strong protagonist themes typical for the user.  
- The poster's tone suggests character introspection rather than action-adventure spectacle.  

【Short-term Misalignment】  
- The modern setting and real-world premise do not align with the user's new interest in historical dramas or epics.  
- It lacks science fiction or fantasy elements, which have recently attracted the user's attention.  

【Preference Dynamics】  
- The user maintains stable interest in classic films and avoids modern dramas outside preferred genres.  
- Non-click reflects selective exploration, ignoring content without historical, sci-fi, or adventure hooks."
52,39444,1,"[ANS] yes
[REASON]
【Long-term Alignment】
1. Character-driven story about a TV weatherman's personal struggles and career challenges.
2. Strong narrative exploring professional identity and family relationships.
3. Mix of drama and emotional suspense throughout the character's journey.

【Short-term Alignment】
1. Contains dramatic tension and suspense elements similar to recent thriller interests.
2. Focus on professional crisis and personal transformation creates psychological intensity.
3. Character's internal conflicts provide suspenseful emotional narrative.

【Preference Dynamics】
1. Explores character-driven drama without traditional action elements.
2. Maintains narrative intensity through psychological rather than physical conflict."
52,146688,0,"[ANS] no
[REASON]
【Long-term Misalignment】
1. Cover suggests psychological thriller rather than action-adventure genre
2. Visual tone implies cerebral conflict over physical action sequences
3. Character composition emphasizes tension rather than character-driven adventure

【Short-term Misalignment】
1. Lacks global/international themes present in recent preferences
2. Missing action-suspense blend seen in recently viewed films
3. Visual aesthetic differs from dynamic thriller covers previously engaged

【Preference Dynamics】
1. Consistent avoidance of psychological-focused narratives
2. Stable preference for physically active over cerebral character stories"
241,47,1,"[ANS] yes
[REASON]
【Long-term Alignment】
1. ""Seven"" is a critically acclaimed classic film from 1995, matching the user's interest in classic cinema.
2. The film features complex detective characters and layered narrative structure.
3. The cover's dramatic visual composition and aesthetic aligns with the user's preference for strong visual style.

【Short-term Alignment】
1. The film explores intense themes of morality and serial murder, matching recent dramatic interest.
2. ""Seven"" focuses heavily on character development and the evolving relationship between two detectives.
3. The cover's intense, serious tone reflects the user's current preference for emotionally resonant content.

【Preference Dynamics】
1. The click demonstrates the user's temporary exploration of darker, more intense thematic material.
2. This selection shows the user applying their stable preferences to more emotionally charged content."
241,98083,0,"[ANS] no
[REASON]
【Long-term Misalignment】
1. Jackass 3.5 lacks the artistic cinematography and visual aesthetic of classic/art-house films.
2. The content features crude humor rather than complex character development and storylines.
3. It prioritizes physical comedy over the sophisticated narrative structure the user prefers.

【Short-term Misalignment】
1. The video focuses on slapstick comedy instead of intense dramatic themes.
2. It emphasizes physical stunts over exploration of human relationships.
3. Content centers on group antics rather than individual character development.

【Preference Dynamics】
1. The non-click demonstrates user's stable preference for sophisticated cinema over mainstream comedy.
2. It confirms user's consistent avoidance of content lacking emotional depth."
518,6323,1,"[ANS] yes
[REASON]
【Long-term Alignment】
1. Matches fascination with dramatic and intense visuals through its dark, red color scheme and abstract handprint imagery.
2. Aligns with interest in darker themes evident in titles like Army of Darkness and Identity from their viewing history.
3. Fits action-adventure preference through its suspenseful visual storytelling elements.

【Short-term Alignment】
1. Directly corresponds to current interest in darker, intense themes as identified in recent preferences.
2. Aligns with exploration of psychological thrillers suggested by recent darker cover selections.
3. Represents 2003 release fitting their trend toward more recent content beyond 1990s films.

【Preference Dynamics】
1. Demonstrates continued shift toward psychologically intense narratives beyond pure sci-fi/fantasy.
2. Shows exploratory behavior in selecting stylized, abstract cover designs over conventional movie artwork."
518,92507,0,"[ANS] no
[REASON]
【Long-term Misalignment】
1. Lacks science fiction/fantasy elements present in user's core interests.
2. Missing imaginative worlds and futuristic themes central to user's preferences.
3. Grounded spy thriller differs from user's fantasy/action adventure focus.

【Short-term Misalignment】
1. Absence of sci-fi/fantasy elements contrasts with current genre exploration.
2. Real-world setting doesn't match user's recent dark fantasy interests.
3. Modern thriller lacks the visual intensity seen in recent preferences.

【Preference Dynamics】
1. Non-click shows user maintains strong genre boundaries despite novelty seeking.
2. Reinforces user's consistent preference for speculative fiction over realistic thrillers."
352,4011,1,"[ANS] yes
[REASON]
【Long-term Alignment】
1. Crime thriller genre exploring complex morality through interconnected criminal underworld stories.
2. Intense character dynamics and relationships drive the narrative's psychological depth.
3. Stylized visual aesthetic with gritty atmosphere and distinctive color palette.

【Short-term Alignment】
1. Complex layered storytelling with multiple intersecting plotlines and unexpected twists.
2. Character-driven narrative featuring nuanced performances from ensemble cast.
3. Explores criminal underworld morality and human condition under pressure.

【Preference Dynamics】
1. Shows exploratory shift toward crime thriller genre while maintaining focus on complex themes.
2. Indicates interest in ensemble character studies within high-stakes narratives."
352,893,0,"[ANS] no
[REASON]
【Long-term Misalignment】
- Cover suggests historical military drama rather than sci-fi/thriller genre exploration.
- Black/white aesthetic appears documentary-style rather than atmospheric dark mood.
- Military uniform focus implies historical narrative over identity/morality themes.

【Short-term Misalignment】
- Military setting suggests plot-driven narrative over character-driven storytelling.
- Historical context appears straightforward rather than layered with unexpected twists.
- Saluting imagery indicates political drama rather than existential crisis exploration.

【Preference Dynamics】
- User maintains consistent preference for speculative fiction over historical realism.
- Non-click reflects stable disinterest in military/political narratives despite exploratory phase."
526,128620,1,"[ANS] yes
[REASON]
【Long-term Alignment】
1. Film's dramatic narrative focuses on character relationships and development over one night.
2. Bold graphic design with split-face composition aligns with vintage aesthetic preferences.
3. Story explores moral ambiguity through a bank heist scenario with complex character decisions.

【Short-term Alignment】
1. Vibrant color grading and stylized visual contrast match recent atmosphere/mood interest.
2. Single-take filming technique demonstrates innovative narrative structure appreciation.
3. Modern artistic presentation fits growing contemporary storytelling interest.

【Preference Dynamics】
1. Click shows exploration beyond traditional romance into gritty urban drama.
2. Selection indicates willingness to try technically innovative filmmaking approaches."
526,73319,0,"[ANS] no
[REASON]
【Long-term Misalignment】
1. Cover suggests light romantic comedy, lacking complex character development and moral ambiguity.
2. Modern promotional aesthetic contrasts with user's preference for classic, vintage design styles.
3. Simple character presentation shows no indication of deep social commentary themes.

【Short-term Misalignment】
1. Muted green color palette lacks vibrant, stylized visuals user recently prefers.
2. No elements suggest strong atmospheric or mood-focused storytelling approach.
3. Contemporary romance setting differs from superhero/animated films gaining user interest.

【Preference Dynamics】
1. Non-click reflects user's stable preference for sophisticated narratives over conventional romances.
2. Shows user maintains selective interest in contemporary styles, rejecting generic examples."
179,52,1,"[ANS] yes
[REASON]
【Long-term Alignment】
1. Features complex character relationships exploring human nature and identity themes.
2. Directed by Woody Allen, known for moral dilemma narratives in his films.
3. Contains comedic elements with vibrant visual storytelling style.

【Short-term Alignment】
1. Metallic control panel interface suggests technology-themed narrative elements.
2. Multiple character buttons imply adventurous, interconnected storylines.

【Preference Dynamics】
1. Represents exploration beyond typical action/historical genres into character-driven comedy.
2. Shows willingness to sample acclaimed directors' works beyond current focus areas."
179,87222,0,"[ANS] no  
[REASON]  
【Long-term Misalignment】  
1. Cartoonish animal characters lack the complex human moral dilemmas seen in historical dramas.  
2. Playful, vibrant visuals do not match the suspenseful intensity of action-thriller movies.  
3. Animated style diverges from realistic explorations of human nature and identity.  

【Short-term Misalignment】  
1. Absence of technology or digital themes contrasts with current interest in tech-focused movies.  
2. Fantasy adventure setting differs from travel elements rooted in real-world dynamics.  

【Preference Dynamics】  
1. Non-click reflects stable preference for human-centric stories over animated animal protagonists.  
2. Indicates sustained disinterest in family-oriented content despite colorful, dynamic designs."
462,179813,1,"[ANS] yes
[REASON]
【Long-term Alignment】
1. Focuses on American political drama exploring complex historical figures and moral ambiguity.
2. Features strong character development of President Lyndon B. Johnson as a complex protagonist.
3. Represents continued interest in films with thought-provoking themes about human nature and power.

【Short-term Alignment】
1. Directly matches current interest in films with complex character development and political narratives.
2. Features a protagonist whose political transformation represents significant character evolution.

【Preference Dynamics】
1. Shows exploration beyond entertainment genres into political drama with real-world significance.
2. Demonstrates willingness to engage with modern films (2017) while maintaining interest in character-driven stories."
462,8241,0,"[ANS] no
[REASON]
【Long-term Misalignment】
1. Film appears contemporary (1997) rather than classic 1940s-1970s American cinema.
2. Cover lacks bold colors and iconic imagery characteristic of classic movie posters.
3. Subject matter suggests teen/kids thriller rather than complex moral ambiguity.

【Short-term Misalignment】
1. Visual presentation is clean/professional rather than stylized with striking compositions.
2. Focus appears to be on younger characters rather than complex character development.

【Preference Dynamics】
1. User maintains stable preference for classic films over contemporary offerings.
2. Non-click reflects consistent avoidance of content outside established genre preferences."
536,516,1,"[ANS] yes
[REASON]
【Long-term Alignment】
1. Features strong character development similar to ""Forrest Gump"" and ""Maverick""
2. Contains dramatic elements consistent with historical dramas like ""Braveheart""
3. Military elements provide action-oriented content matching thriller preferences

【Short-term Alignment】
1. Released in 1994, aligning with user's recent focus on 1993-1995 films
2. Blend of professional and military settings reflects current crime drama interest
3. Period-appropriate 1990s setting matches recent period drama viewing patterns

【Preference Dynamics】
1. Represents genre exploration combining education, military, and comedy elements
2. Shows willingness to try films blending multiple themes rather than pure genres"
536,79224,0,"[ANS] no
[REASON]
【Long-term Misalignment】
1. The Karate Kid is a martial arts drama, not an action-thriller like Cliffhanger or The Firm.
2. It lacks the historical context present in the user's long-term interests like Braveheart or Schindler's List.
3. The film focuses on a teenage protagonist, contrasting with the user's interest in iconic adult characters.

【Short-term Misalignment】
1. The 2010 release date falls outside the user's recent focus on films from 1993-1995.
2. It is a coming-of-age story, not aligning with the user's recent crime dramas like Clear and Present Danger.
3. The film's teen-centric themes differ from the adult-oriented period dramas the user recently watched.

【Preference Dynamics】
1. The non-click reflects the user's stable disinterest in films released significantly later than their preferred era.
2. It shows the user's exploration of new genres does not extend to youth-oriented or martial arts themes."
42,2987,1,"[ANS] yes
[REASON]
【Long-term Alignment】
1. Film is a 1988 comedy aligning with user's new interest in 80s comedies like ""Fletch"".
2. Combines crime/mystery elements with comedy, bridging user's action-thriller foundation.
3. Features complex character dynamics between live-action and animated personas.

【Short-term Alignment】
1. Set in 1947 Hollywood, providing historical period piece context.
2. Strong performances blending live-action and animation showcase cinematic significance.

【Preference Dynamics】
1. Represents genre exploration through unique live-action/animation hybrid format.
2. Expands beyond user's typical dark visuals into vibrant cartoon aesthetics."
42,45501,0,"[ANS] no
[REASON]
【Long-term Misalignment】
1. Lacks action, thriller, or crime elements present in user's core interests.
2. Missing historical/war themes which are established long-term preferences.
3. Does not align with 80s comedy style despite being comedy-adjacent.

【Short-term Misalignment】
1. No historical significance or period piece elements currently being explored.
2. Absence of complex character development in historical context focus.

【Preference Dynamics】
1. Shows user maintains stable preference foundation despite genre exploration.
2. Indicates romantic comedies interest requires specific character complexity criteria."
577,2950,1,"[ANS] yes
[REASON]
【Long-term Alignment】
1. The Blue Lagoon (1980) directly matches the user's consistent interest in 1980s films.
2. The adventure survival theme in a tropical setting aligns with classic adventure interests.
3. Iconic 1980s costumes and character portrayal reflect the user's focus on period-specific elements.

【Short-term Alignment】
1. This film represents the user's emerging interest in 1980s romantic storylines.
2. The tropical survival narrative contains thriller-like tension matching recent sci-fi/thriller interests.

【Preference Dynamics】
1. This click demonstrates the user's exploration of romantic themes within their preferred 1980s era.
2. Shows willingness to engage with different genres while maintaining core decade-based preferences."
577,8813,0,"[ANS] no
[REASON]
【Long-term Misalignment】
1. Film is from 2004, outside user's preferred classic/1980s-1990s era.
2. Contemporary domestic setting lacks historical/adventure themes user consistently favors.
3. No iconic character costumes visible, contrasting with user's interest in period aesthetics.

【Short-term Misalignment】
1. No science fiction or thriller elements present in cover or title.
2. Dramatic tone differs from user's emerging interest in 1980s-1990s romantic comedies.
3. Modern relationship drama doesn't align with recent sci-fi/thriller focus.

【Preference Dynamics】
1. Non-click reflects user's strong era preference for 1980s-1990s over 2000s films.
2. Demonstrates consistent disinterest in contemporary relationship dramas outside preferred genres."
532,3147,1,"[ANS] yes
[REASON]
【Long-term Alignment】
1. Film features intense dramatic scenes and dark atmosphere matching user's preference for dramatic intensity.
2. Period setting (1930s Louisiana prison) aligns with user's historical setting interest.
3. Suspenseful narrative with themes of danger and survival matches user's long-term preference.

【Short-term Alignment】
1. User recently watched ""The Green Mile"" indicating current interest in this specific film.
2. Recent viewing of ""Miller's Crossing"" shows temporary interest in period settings continued here.
3. Dark, intense atmosphere matches recent preference evidence from viewed films.

【Preference Dynamics】
1. Click demonstrates oscillation from action/sci-fi back toward suspenseful dramas.
2. Selection explores similar dark, intense atmosphere as recently viewed films."
532,6534,0,"[ANS] no
[REASON]
【Long-term Misalignment】
1. Lacks historical or period settings, featuring modern urban environment instead.
2. Absence of war/conflict themes despite action elements.
3. Missing suspenseful survival narratives, focusing on superhero transformation.

【Short-term Misalignment】
1. No historical elements unlike recently watched Miller's Crossing.
2. Lacks crime/mystery elements present in recent preferences.
3. Not primarily adventure/exploration focused despite action elements.

【Preference Dynamics】
1. Confirms user's temporary historical interest doesn't extend to superhero genres.
2. Shows consistent preference for grounded narratives over fantastical elements."
207,2858,1,"[ANS] yes
[REASON]
【Long-term Alignment】
1. Matches user's established interest in psychological dramas as indicated in long-term preferences.
2. Represents a classic film from 1999, aligning with user's appreciation for older movies.
3. Features distinctive visual imagery (red rose motif) that appeals to user's preference for iconic visuals.

【Short-term Alignment】
1. Continues user's recent pattern of watching films with strong visual identity and distinctive imagery.
2. Fits within user's current exploration of different genres beyond pure horror/sci-fi.
3. Represents a film from the late 1990s, extending user's nostalgic viewing into newer decades.

【Preference Dynamics】
1. Demonstrates user's willingness to explore psychological drama despite stronger horror/sci-fi background.
2. Shows expansion of ""classic film"" definition to include late 20th century works beyond 1960s-1980s focus."
207,46972,0,"[ANS] no
[REASON]
【Long-term Misalignment】
1. Film lacks horror elements present in user's preferred genre.
2. Absence of science fiction themes unlike Dune and American Werewolf.
3. Modern family comedy contrasts with user's classic film preference.

【Short-term Misalignment】
1. Lighthearted tone differs from recent horror/sci-fi viewing pattern.
2. Contemporary setting contrasts with nostalgic 60s-80s era focus.
3. Family-oriented content mismatches cult/psychological drama interests.

【Preference Dynamics】
1. Non-click demonstrates user's genre consistency despite exploration willingness.
2. Shows visual style preference extends beyond just iconic imagery requirements."
393,31696,1,"[ANS] yes
[REASON]
【Long-term Alignment】
1. Features dark supernatural themes aligning with established preference for intense narratives.
2. Complex storyline involving demonic forces matches interest in intricate plots.
3. Historical religious mythology provides depth consistent with historical setting interests.

【Short-term Alignment】
1. Strong visual design with dramatic apocalyptic imagery matches current style focus.
2. Supernatural action elements align with recent fantasy-adventure preferences.
3. Intense character presentation resonates with current dark theme exploration.

【Preference Dynamics】
1. Expands dark theme interest into supernatural horror genre beyond previous examples.
2. Combines multiple preferred elements (action, fantasy, dark themes) in new configuration."
393,3930,0,"[ANS] no
[REASON]
【Long-term Misalignment】
- Lacks complex storylines typical of user's action-adventure preferences.
- Missing historical settings and dark themes present in favorites like Hellboy.
- Creature feature genre differs from user's established cinematic preferences.

【Short-term Misalignment】
- Visual style is vintage horror rather than modern fantasy like Spider-Man.
- Lacks the sophisticated visual design emphasis seen in recent interests.
- Action appears monster-focused rather than adventure-driven.

【Preference Dynamics】
- Non-click demonstrates user's stable preference boundaries despite exploratory behavior.
- Shows limited interest in classic horror despite moderate theme exploration."
283,788,1,"[ANS] yes
[REASON]
【Long-term Alignment】
1. Features strong comedic character transformation central to the story.
2. Blends comedy with dramatic elements about personal identity.
3. Contains unique character-driven humor similar to Lethal Weapon's buddy dynamic.

【Short-term Alignment】
1. Directly matches recent interest in quirky comedies like Austin Powers.
2. Continues pattern of watching unique premise films such as Friday.
3. Aligns with current comedy exploration seen in Happy Gilmore.

【Preference Dynamics】
1. Demonstrates gradual genre evolution toward exaggerated comedy.
2. Shows moderate novelty seeking through unconventional visual style."
283,3918,0,"[ANS] no
[REASON]
【Long-term Misalignment】
1. The user prefers action/adventure and drama, not horror genre films.
2. Strong character stories are favored over horror's shock/gore focus.
3. Established franchises like Star Wars are preferred over niche horror sequels.

【Short-term Misalignment】
1. Recent interest is in comedy/satire, not dark horror themes.
2. Current preferences lean toward quirky humor, not disturbing imagery.
3. Fantasy/sci-fi interest is lighthearted, not horror-based.

【Preference Dynamics】
1. User maintains stable genre preferences, avoiding drastic shifts to horror.
2. Moderate novelty seeking doesn't extend to fundamentally different horror content."
359,1172,1,"[ANS] yes
[REASON]
【Long-term Alignment】
1. Film features historical period setting in post-war Italy matching user's period film interest.
2. Strong visual aesthetics with vibrant marquee colors and bold typography on poster.
3. Complex emotional storyline about cinema projectionist's life aligns with drama/romance preference.

【Short-term Alignment】
1. Character-driven narrative focusing on Toto's development from childhood to adulthood.
2. Strong sense of place established through Sicilian village cinema setting.
3. Explores relationships between Toto, Alfredo and Elena throughout different life stages.

【Preference Dynamics】
1. Click demonstrates user revisiting classic films while maintaining interest in character depth.
2. Balances stable preference for emotional stories with visual novelty of stylized poster design."
359,93563,0,"[ANS] no
[REASON]
【Long-term Misalignment】
1. Action/thriller genre contrasts with user's strong preference for drama and romance films.
2. Dark, destructive visuals differ from user's appreciation for vibrant, stylized aesthetics.
3. Lacks historical/period setting present in user's preferred films like ""Cinema Paradiso"".

【Short-term Misalignment】
1. Gun-focused action premise shows minimal character development focus compared to ""A Beautiful Mind"".
2. Urban destruction lacks the meaningful sense of place seen in ""Life is Beautiful"".
3. Mature violence contrasts with user's recent interest in family-friendly animated films.

【Preference Dynamics】
1. Non-click reflects user's stable preference for emotional depth over pure action.
2. Shows limited interest in exploring action genres despite general novelty seeking."
398,910,1,"[ANS] yes
[REASON]
【Long-term Alignment】
1. Classic film from 1959 era matching user's strong affinity for older cinema.
2. Romantic comedy genre aligns with user's appreciation for whimsical romantic stories.
3. Strong narrative focus with complex characters in disguise premise.

【Short-term Alignment】
1. Cross-dressing premise provides fantasy elements and sense of wonder exploration.
2. Vibrant cover visuals and celebratory mood create striking visual appeal.
3. Mix of humor and dramatic situations matches current interest in tone blending.

【Preference Dynamics】
1. Clicking a classic film while exploring fantasy themes shows stable preferences with variety seeking.
2. Choosing a comedy with emotional depth reflects desire for complex entertainment experiences."
398,49,0,"[ANS] no
[REASON]
【Long-term Misalignment】
1. The film's 1995 release date falls outside the user's preferred 1960s-1970s classic film era.
2. The explicit romantic drama focus lacks the whimsical tone typical of user's favored romantic comedies.
3. The poster emphasizes sensual desire rather than complex narrative storytelling the user consistently prefers.

【Short-term Misalignment】
1. The contemporary realistic setting lacks fantasy/adventure elements with wonder and magic the user currently explores.
2. The intimate bedroom scene doesn't offer the striking visual spectacle or atmospheric wonder the user seeks.
3. The poster suggests intense romantic drama rather than the humor-drama mix the user is currently drawn to.

【Preference Dynamics】
1. The non-click reflects user's stable preference for classic eras over contemporary 1990s cinema.
2. It shows user's exploration boundaries exclude intense romantic dramas despite general genre flexibility."
255,3552,1,"[ANS] yes
[REASON]
【Long-term Alignment】
1. Caddyshack is a classic 1980 comedy film matching the user's fondness for 80s/90s movies.
2. The film's comedic genre aligns with the user's consistent preference for comedy and action films.
3. Its retro aesthetic and status as a comedy classic cater to the user's taste for nostalgic content.

【Short-term Alignment】
1. The user recently watched Ghostbusters and Caddyshack, indicating current focus on action-comedies.
2. Caddyshack features strong ensemble camaraderie similar to recently watched films like Stripes.
3. The sports-themed comedy matches the user's recent exploration of diverse comedic subgenres.

【Preference Dynamics】
1. Clicking Caddyshack continues the user's exploration of different comedy subgenres beyond pure action-comedy.
2. This selection demonstrates the user's stable yet expanding interest in classic ensemble comedies."
255,2599,0,"[ANS] no
[REASON]
【Long-term Misalignment】
1. Lacks action elements present in user's preferred 80s/90s films like Beverly Hills Cop and 3 Ninjas.
2. Missing comedic tone characteristic of user's favored comedies like Ace Ventura and Animal House.
3. Absence of nostalgic retro aesthetic present in user's typical movie selections.

【Short-term Misalignment】
1. Dramatic tone contrasts with recent action-comedies like Ghostbusters and Caddyshack.
2. No ensemble camaraderie dynamic seen in recently watched Stripes and Animal House.
3. Political/satirical theme differs from supernatural/sports themes in recent viewing history.

【Preference Dynamics】
1. Demonstrates user's stable preference for comedy-action over serious dramatic content.
2. Shows limited interest in political/satirical genres despite novelty-seeking in other areas."
218,8636,1,"[ANS] yes
[REASON]
【Long-term Alignment】
1. Features superhero action consistent with user's adventure/action movie interest (Raiders of the Lost Ark).
2. Strong visual storytelling through dynamic character poses and dramatic cityscape background.
3. Part of established film franchise appealing to classic film appreciation.

【Short-term Alignment】
1. Released in 2004, aligning with user's recent focus on post-1990s films.
2. Blends superhero action with romantic elements similar to recent fantasy interests.
3. Continues exploration of modern adventure films following Lord of the Rings engagement.

【Preference Dynamics】
1. Demonstrates moderate novelty seeking by choosing contemporary superhero film alongside classics.
2. Shows genre exploration within action category while maintaining core adventure preference."
218,72129,0,"[ANS] no  
[REASON]  
【Long-term Misalignment】  
1. The user prefers classic films, while Saw VI is a 2009 modern horror entry.  
2. The gritty, violent cover contrasts with the user's interest in vibrant, bold visual storytelling.  
3. Horror genre does not align with the user's consistent focus on adventure or action films.  

【Short-term Misalignment】  
1. The user recently focused on 1990s films, but Saw VI is from 2009.  
2. Horror and gore themes differ from the user's recent romantic comedies and fantasy interests.  
3. No elements of humor or adventure, which are present in the user's recent viewed titles.  

【Preference Dynamics】  
1. The non-click reflects the user's stable avoidance of horror and violent content.  
2. It shows limited novelty seeking in extreme or dark genres outside their comfort zone."
5,474,1,"[ANS] yes
[REASON]
【Long-term Alignment】
1. ""In the Line of Fire"" appears in the user's updated long-term interests list.
2. The 1993 film qualifies as a classic iconic film from that era.
3. Clint Eastwood's presence aligns with classic Hollywood filmography.

【Short-term Alignment】
1. The film centers on a Secret Service agent's character development.
2. Professional relationships under pressure drive the narrative forward.
3. Character-driven thriller matches ""Heavenly Creatures"" character focus preference.

【Preference Dynamics】
1. Click demonstrates active engagement with recently added long-term interests.
2. Shows consistent exploration within established classic film preferences."
5,172875,0,"[ANS] no
[REASON]
【Long-term Misalignment】
1. Title suggests a detective genre film, not a classic or iconic cinema selection.
2. No indication of being a Disney production or family-friendly animated movie.
3. 2003 release date falls outside typical ""classic film"" era referenced in user preferences.

【Short-term Misalignment】
1. Title emphasizes plot-driven detective narrative over character development focus.
2. No evidence this film centers on deep interpersonal relationships like ""Heavenly Creatures"".
3. Crime/mystery genre doesn't align with recent character-driven interest pattern.

【Preference Dynamics】
1. Non-click maintains user's stable pattern of favoring established classic film interests.
2. Shows continued disinterest in exploring genre films outside character-focused narratives."
257,1380,1,"[ANS] yes
[REASON]
【Long-term Alignment】
1. ""Grease"" is a classic iconic film matching the user's established interest in cinema classics.
2. The musical's joyful tone aligns with the user's consistent preference for entertaining escapism.

【Short-term Alignment】
1. User recently engaged with classic retro content, making ""Grease"" a natural continuation.
2. The 1978 film directly matches the user's current exploration of classic films.

【Preference Dynamics】
1. This click demonstrates the user actively exploring different classic eras beyond their usual action focus.
2. Shows willingness to engage with musical genre despite primary action preferences."
257,7396,0,"[ANS] no
[REASON]
【Long-term Misalignment】
1. Lacks action sequences present in user's preferred films like Crouching Tiger, Hidden Dragon.
2. Missing fantasy/adventure elements central to favorites like Dragonheart.
3. Absence of iconic classic film qualities seen in Grease and Spinal Tap.

【Short-term Misalignment】
1. No action/adventure focus unlike recent interests in Crouching Tiger, Hidden Dragon.
2. Completely lacks science fiction/futuristic themes from Minority Report.
3. Not aligned with classic/retro exploration seen in Grease and Spinal Tap.

【Preference Dynamics】
1. Demonstrates user's consistent avoidance of non-action/escapism content.
2. Shows limited interest in exploring dramatic relationship-focused themes."
573,858,1,"[ANS] yes
[REASON]
【Long-term Alignment】
1. The film's dark, intense crime drama aligns with complex themes and psychological character studies.
2. Suspenseful narrative with dramatic plot twists matches the user's preference for dramatic storytelling.
3. Historical 1970s setting provides nostalgic appeal through retro aesthetics and cultural significance.

【Short-term Alignment】
1. The 1972 release date directly satisfies recent interest in 70s-90s period settings and aesthetics.
2. Crime family drama offers atmospheric intensity matching current focus on psychological themes.

【Preference Dynamics】
1. Clicking a classic film demonstrates exploratory behavior beyond recent superhero/action-adventure content.
2. Selecting a character-driven drama shows evolution toward more psychologically complex narratives."
573,674,0,"[ANS] no
[REASON]
【Long-term Misalignment】
1. Lacks historical/cultural significance and heroism focus present in user's action-adventure preference.
2. Absence of dark psychological themes and complex character development user consistently favors.
3. Missing nostalgic retro aesthetics despite user's strong interest in 80s/90s settings.

【Short-term Misalignment】
1. Futuristic sci-fi setting contradicts user's current focus on 80s/90s period aesthetics.
2. Colorful, vibrant tone contrasts with user's recent preference for atmospheric, intense settings.

【Preference Dynamics】
1. Non-click demonstrates user's stable avoidance of content lacking psychological depth and nostalgic elements.
2. Confirms user's consistent preference for darker, historically-grounded narratives over purely futuristic sci-fi."
543,88163,1,"[ANS] yes
[REASON]
【Long-term Alignment】
1. Romantic comedy genre aligns with user's established preference for light-hearted entertainment.
2. Modern film era (2011) fits user's interest in exploring different cinematic periods.
3. Ensemble cast and humorous situations provide comedic elements matching long-term comedy preference.

【Short-term Alignment】
1. Character-driven romantic comedy directly matches recent interest in relationship-focused stories.
2. Multiple relationship dynamics shown in cover mirror user's current romantic comedy focus.
3. Film explores various love stories similar to recently enjoyed ""My Stepmother Is an Alien"".

【Preference Dynamics】
1. Click demonstrates continued shift toward character-driven narratives within comedy framework.
2. Selection shows willingness to explore modern romantic comedies beyond 80s-90s focus."
543,321,0,"[ANS] no
[REASON]
【Long-term Misalignment】
1. The film's Cuban political drama context contrasts with preferred light-hearted 80s-90s comedy.
2. Serious social themes differ from fantasy/sci-fi and classic modern film exploration interests.
3. Cover's artistic aesthetic suggests mature content unlike preferred comedic entertainment style.

【Short-term Misalignment】
1. Political and social narrative contrasts with current romantic comedy focus.
2. No clear romantic comedy elements visible in cover imagery or title.
3. Serious character expressions differ from light-hearted relationship stories recently viewed.

【Preference Dynamics】
1. Non-click maintains consistent preference for character-driven comedies over serious dramas.
2. Shows stability in avoiding content outside established comedy and relationship interests."
431,1233,1,"[ANS] yes
[REASON]
【Long-term Alignment】
1. Das Boot is a classic film from the 1980s, aligning with the user's interest in older cinema.
2. The cover's distressed texture and serious character portrait match the user's preference for nostalgic aesthetics and memorable characters.
3. The intense, dramatic tone suggests complex plot elements involving intrigue and survival.

【Short-term Alignment】
1. The submarine setting and war context create strong suspense and atmospheric tension the user currently seeks.
2. The dark color scheme and serious mood align with the user's recent interest in films with powerful atmosphere.
3. The film blends war drama with psychological tension, matching the user's appreciation for genre-blended storytelling.

【Preference Dynamics】
1. The click shows the user exploring beyond their typical 1970s-1990s range into early 1980s cinema.
2. The war film genre represents a slight expansion from their usual mystery/suspense focus while maintaining similar tense atmosphere."
431,4446,0,"[ANS] no  
[REASON]  
【Long-term Misalignment】  
- The video is a 2001 animated sci-fi game, not a classic film from the 1970s or 1990s.  
- It lacks the nostalgic or retro aesthetic seen in the user's preferred vintage film covers.  
- Characters are depicted in a realistic CGI style, differing from the user's interest in films with expressive human faces.  

【Short-term Misalignment】  
- The sci-fi/fantasy theme does not align with the user's current focus on mystery, suspense, or intrigue.  
- It emphasizes adventure and action, not the complex plots or character-driven storytelling the user prefers.  
- The cover's dark but fantastical mood contrasts with the user's interest in grounded, atmospheric thrillers.  

【Preference Dynamics】  
- The non-click reflects the user's stable preference for classic films over modern or animated content.  
- It shows limited interest in exploring sci-fi or fantasy genres, despite openness to new themes within familiar categories."
101,1719,1,"[ANS] yes
[REASON]
【Long-term Alignment】
1. Film features dramatic themes involving a community tragedy and legal aftermath.
2. Contains mystery elements surrounding a school bus accident investigation.
3. Explores intense emotional landscapes through complex character relationships.

【Short-term Alignment】
1. Released in 1997, aligning with user's recent 1990s film fascination.
2. Features complex character studies similar to ""Magnolia"" and ""Arlington Road"".
3. Contains visually striking cinematography with muted, atmospheric aesthetic.

【Preference Dynamics】
1. Represents exploration beyond sci-fi/fantasy into realistic dramatic territory.
2. Shows willingness to engage with emotionally heavy, character-driven narratives."
101,2248,0,"[ANS] no
[REASON]
【Long-term Misalignment】
1. Romantic comedy genre differs from user's established sci-fi/fantasy preferences.
2. Lighthearted tone contrasts with user's preference for dramatic, intense themes.
3. Absence of mystery elements unlike user's consistent interest in intrigue.

【Short-term Misalignment】
1. 1989 release date falls outside user's current 1990s film fascination.
2. Simple romantic plot lacks complex character depth user recently appreciated.
3. Conventional visual style differs from user's recent interest in striking visuals.

【Preference Dynamics】
1. Non-click demonstrates user's stable genre preferences despite exploration willingness.
2. Shows user's current focus remains on specific decades and complex themes."
227,36529,1,"[ANS] yes
[REASON]
【Long-term Alignment】
1. Crime genre film about international arms dealing aligns with user's interest in crime and thriller genres.
2. Complex protagonist with dual nature matches user's preference for complex character studies.
3. Strong visual symbolism in cover imagery appeals to user's appreciation for memorable visual storytelling.

【Short-term Alignment】
1. Contemporary setting (2005) provides modern perspective balancing user's classic film interests.
2. Global arms trade narrative offers exploration element matching recent adventure film interests.

【Preference Dynamics】
1. Click demonstrates continued oscillation between classic themes (crime drama) and contemporary perspectives (2005 film).
2. Selection shows exploration within crime genre while maintaining character complexity preference."
227,130976,0,"[ANS] no
[REASON]
【Long-term Misalignment】
1. Film appears to be sports-themed, not matching user's drama/thriller/crime genre preferences.
2. Promotional cover suggests action focus rather than complex storytelling or thought-provoking themes.
3. Stadium setting lacks atmospheric visuals and memorable imagery characteristic of user's preferred films.

【Short-term Misalignment】
1. Sports competition theme doesn't align with recent romantic drama or adventure film interests.
2. Lacks the exploration and journey elements present in user's recent ""The Motorcycle Diaries"" engagement.

【Preference Dynamics】
1. Sports genre falls outside user's established balance between classic themes and contemporary perspectives.
2. Non-click demonstrates user's consistent avoidance of mainstream sports narratives despite novelty-seeking tendencies."
450,1073,1,"[ANS] yes
[REASON]
【Long-term Alignment】
1. Film is visually striking with vibrant colors and whimsical candy-themed imagery.
2. Title matches ""Willy Wonka & the Chocolate Factory"" from user's visual preference examples.
3. Period setting reflects 1971 production aligning with historical interest.

【Short-term Alignment】
1. No direct alignment with darker themes or martial arts interests.
2. Content contrasts with current martial arts and intense theme preferences.

【Preference Dynamics】
1. Click represents return to established visual preference after exploring darker themes.
2. Selection shows user maintains core interests despite recent genre exploration."
450,182293,0,"[ANS] no
[REASON]
【Long-term Misalignment】
- Content is animated comedy, not action/adventure films like ""Blazing Saddles"".
- Visual style is cartoonish rather than visually striking cinematic aesthetics.
- Setting is contemporary cartoon world, not historical/period settings.

【Short-term Misalignment】
- Tone is light-hearted humor, lacking darker or intense themes.
- Features cartoon slapstick rather than martial arts or fighting sequences.
- Absence of combat or physical confrontation elements.

【Preference Dynamics】
- User maintains stable preference for live-action over animated content.
- Non-click confirms disinterest in shifting from mature themes to children's entertainment."
557,60069,1,"[ANS] yes
[REASON]
【Long-term Alignment】
1. Features memorable robot protagonist character similar to user's interest in iconic characters.
2. Contains adventure and exploration themes matching user's adventure movie preferences.
3. Blends emotional storytelling with sci-fi elements aligning with user's drama/fantasy interests.

【Short-term Alignment】
1. Animated format directly matches user's recent preference for animated movies.
2. Fantastical space setting aligns with user's recent magical/fantasy movie selections.
3. Atmospheric night sky visuals connect to user's appreciation for mood-setting color schemes.

【Preference Dynamics】
1. Represents continued exploration of animated films while maintaining action-adventure themes.
2. Shows genre diversification by selecting sci-fi animation within familiar preference patterns."
557,2295,0,"[ANS] no
[REASON]
【Long-term Misalignment】
1. Lacks action-packed sequences or explosive themes present in user's preferred movies.
2. Missing adventure, fantasy, and dramatic elements central to user's core interests.
3. No recognizable star power like Tom Cruise that typically attracts user.

【Short-term Misalignment】
1. Not an animated film, contrasting with recent preference for magical animated settings.
2. Absent the atmospheric, moody color schemes seen in user's recent selections.
3. Comedy-focused premise differs from recent mix of classic dramas and modern action.

【Preference Dynamics】
1. Demonstrates user's stable avoidance of pure comedy genres outside core interests.
2. Shows limited novelty-seeking extends only to certain genres, not broad experimentation."
582,91658,1,"[ANS] yes
[REASON]
【Long-term Alignment】
1. Features dark, intense themes matching user's preference for dramatic content like Fight Club and Silence of the Lambs.
2. Contains complex mystery storytelling aligning with user's interest in intricate plots.
3. Psychological thriller elements resonate with user's established fascination with dark themes.

【Short-term Alignment】
1. Recent interest in suspenseful narratives matches this psychological thriller's premise.
2. Action-oriented investigative plot aligns with current preference for adventure themes.
3. Visually striking cover composition appeals to user's recent attention to atmospheric artwork.

【Preference Dynamics】
1. Expands beyond pure sci-fi/fantasy into crime thriller while maintaining preferred intense tone.
2. Represents continued exploration of psychological themes through different genre lenses."
582,68347,0,"[ANS] no  
[REASON]  
【Long-term Misalignment】  
1. The video is a realistic drama, lacking the science fiction or fantasy elements the user prefers.  
2. It focuses on human struggles rather than dark, intense themes like psychological thrillers or complex narratives.  
3. The somber tone does not align with the user's interest in dramatic but genre-specific storytelling.  

【Short-term Misalignment】  
1. The cover emphasizes emotional distress, not action, adventure, or suspense seen in recent clicks.  
2. It lacks psychological complexity or striking visual atmosphere matching Fight Club or Memento.  
3. Realistic setting contrasts with the user's recent focus on fantastical or stylized worlds.  

【Preference Dynamics】  
1. The non-click reflects the user's stable avoidance of non-genre films outside sci-fi/fantasy or intense thrillers.  
2. It shows limited interest in realistic, socially grounded topics despite openness to new themes within preferred genres."
214,1059,1,"[ANS] yes
[REASON]
【Long-term Alignment】
1. Matches strong interest in classic films as this is a 1996 cinematic adaptation.
2. Aligns with romantic movie fondness through its iconic love story narrative.
3. Appeals to appreciation for visually striking posters with its vibrant, dramatic composition.

【Short-term Alignment】
1. Directly satisfies current interest in watching classic films.
2. Fits recent focus on romance-centered narratives.
3. Meets interest in striking visuals through the poster's intense color contrast.

【Preference Dynamics】
1. Reinforces stable preference for classic romantic themes without genre exploration.
2. Confirms consistent attraction to visually dramatic aesthetic presentations."
214,62,0,"[ANS] no
[REASON]
【Long-term Misalignment】
1. The film is a 1995 drama about teaching, not a classic romance like their preferred 1996 film.
2. The cover's modern graphic style contrasts with their appreciation for vibrant, dramatic movie posters.
3. The educational theme differs from their established interest in romantic storylines.

【Short-term Misalignment】
1. Current focus on romance contrasts with this film's teacher-student relationship narrative.
2. Recent preference for visually striking aesthetics isn't matched by this silhouette/mosaic design.
3. The educational drama genre differs from their ongoing classic romance film interest.

【Preference Dynamics】
1. Non-click confirms stable preference for romantic classics over educational dramas.
2. Shows consistent disinterest in exploring beyond established visual and thematic preferences."
360,1754,1,"[ANS] yes
[REASON]
【Long-term Alignment】
1. Film belongs to supernatural thriller genre with dark atmospheric tone.
2. Plot involves demonic possession creating psychological complexity and mystery.
3. Explores themes of morality and human vulnerability through supernatural lens.

【Short-term Alignment】
1. Visual aesthetic features dramatic facial lighting against dark background.
2. Color scheme dominated by moody red and black tones.
3. Cover conveys intense psychological tension through character expression.

【Preference Dynamics】
1. Represents slight genre expansion into supernatural horror while maintaining thriller elements.
2. Shows continued interest in morally complex narratives beyond conventional crime thrillers."
360,5373,0,"[ANS] no
[REASON]
【Long-term Misalignment】
1. Film is a romantic war drama, not a thriller/suspense genre the user prefers.
2. Lacks the dark, moody atmosphere characteristic of user's preferred films.
3. Plot focuses on wartime separation rather than complex psychological dynamics.

【Short-term Misalignment】
1. Released in 1957, not 1997 which is user's current focus year.
2. Visual aesthetic features bright sky/white dress instead of dark colors.
3. Themes center on love and war rather than identity/morality exploration.

【Preference Dynamics】
1. Non-click demonstrates user's stable preference for thriller genres over other drama types.
2. Shows limited interest in exploring significantly different time periods or visual styles."
172,3578,1,"[ANS] yes
[REASON]
【Long-term Alignment】
1. Features complex protagonist transformation from general to gladiator.
2. Blends historical drama with intense action sequences.
3. Strong narrative focus on revenge and redemption themes.

【Short-term Alignment】
1. Striking visual aesthetic with dramatic golden-hour cinematography.
2. Character-driven story with profound personal development.
3. Evokes nostalgic epic filmmaking style from transitional era.

【Preference Dynamics】
1. Explores historical genre while maintaining narrative complexity preference.
2. Expands beyond 80s-90s focus while retaining classic cinematic qualities."
172,6382,0,"[ANS] no
[REASON]
【Long-term Misalignment】
1. Film from 2002 doesn't match user's strong preference for 80s-90s classic films.
2. Focus on emotional interaction contrasts with user's preference for action/suspense genre blends.
3. Chinese cultural setting differs from user's established Western classic film interests.

【Short-term Misalignment】
1. Contemporary setting lacks nostalgic elements user currently seeks.
2. Intimate character focus differs from atmospheric, visually striking settings user prefers.
3. No indication of genre blending that user has been exploring recently.

【Preference Dynamics】
1. Non-click reflects user's stable preference for established classic film era.
2. Shows limited interest in culturally distinct narratives despite moderate novelty seeking."
99,555,1,"[ANS] yes
[REASON]
【Long-term Alignment】
1. Features action-packed crime thriller elements with gun violence and suspense.
2. Centers on character relationships and human drama between the couple.
3. Combines action with romantic storyline elements.

【Short-term Alignment】
1. Released in 1993, closely matching the user's recent 1990s movie preference.
2. Shares crime genre and complex characters with ""Pulp Fiction"" (both Tarantino-related).
3. Blends romance with action/suspense similar to recent interests.

【Preference Dynamics】
1. Represents exploration within 1990s era while maintaining core genre preferences.
2. Shows willingness to try earlier 1990s releases beyond 1994-95 focus."
99,2353,0,"[ANS] no  
[REASON]  
【Long-term Misalignment】  
1. The cover emphasizes surveillance and political themes, lacking action, adventure, or suspense elements the user prefers.  
2. No visible focus on relationships, romance, or human drama in the imagery or title.  
3. Characters appear isolated and stern, not suggesting character-driven or emotional storytelling.  

【Short-term Misalignment】  
1. The 1998 release year falls outside the user's recent 1994–1995 movie interest.  
2. Missing complex romance or relationship dynamics seen in ""While You Were Sleeping.""  
3. Collage lacks the crime or memorable villain focus present in ""Pulp Fiction.""  

【Preference Dynamics】  
1. Non-click reflects the user's temporary shift toward mid-1990s films, not later releases.  
2. Shows stable disinterest in non-character-driven plots despite genre overlap."
293,1673,1,"[ANS] yes
[REASON]
【Long-term Alignment】
1. Film is a critically acclaimed cult classic with strong following, matching user's interest in such works.
2. Visually striking cover with bold yellow star against black background aligns with preference for dramatic imagery.
3. Content challenges societal norms through its exploration of adult film industry and complex characters.

【Short-term Alignment】
1. Specifically matches user's recent interest in 1997 film ""Boogie Nights"" mentioned in preferences.
2. Represents 1990s classic film era that user has been focusing on recently.
3. Features unique storytelling blending drama and comedy genres as noted in user's short-term interests.

【Preference Dynamics】
1. Click demonstrates active exploration of recently discovered interest in cult classics and genre-blending films.
2. Shows user acting on specific film mention from their viewing history rather than general categories."
293,58,0,"[ANS] no
[REASON]
【Long-term Misalignment】
1. Lacks complex themes challenging societal norms seen in preferred films.
2. Visual style emphasizes romance rather than dramatic, contrasting imagery.
3. Missing cult classic status or genre-blending elements like Boogie Nights.

【Short-term Misalignment】
1. Not a 1990s American classic like recent Truman Show viewings.
2. Romantic focus differs from psychological/cultural explorations in recent watches.
3. Conventional storytelling contrasts with unconventional narratives previously preferred.

【Preference Dynamics】
1. Shows user's stable preference for intellectually challenging over romantic content.
2. Confirms limited interest in expanding beyond established thematic preferences."
216,4034,1,"[ANS] yes
[REASON]
【Long-term Alignment】
1. Film falls within user's preferred classic era (2000 borders their 1970s-1980s interest range).
2. Realistic visual style with dramatic tone aligns with user's appreciation for dramatic films.
3. Complex narrative structure matches user's established interest in suspense and mystery genres.

【Short-term Alignment】
1. No significant alignment with current comedy or musical exploration interests.
2. Film's serious tone contrasts with recent slapstick/comedy preferences.

【Preference Dynamics】
1. Click demonstrates exploration beyond established period drama/musical interests toward contemporary dramatic films.
2. Shows willingness to engage with newer cinematic styles while maintaining core drama genre preference."
216,778,0,"[ANS] no
[REASON]
【Long-term Misalignment】
1. Film is from 1996, outside user's preferred 1940s-1970s classic film era.
2. Content focuses on modern drug culture, not classic drama/suspense/mystery genres.
3. Visual style is contemporary 1990s aesthetic, not period drama or musical.

【Short-term Misalignment】
1. Film's dark themes contrast with user's current interest in comedy and parody.
2. Content lacks the musical/dance performance elements user is currently exploring.

【Preference Dynamics】
1. Non-click shows user's stable preference for older, more traditional film periods.
2. Indicates limited interest in exploring gritty contemporary themes outside comfort zone."
62,49530,1,"[ANS] yes
[REASON]
【Long-term Alignment】
1. Features intense crime/drama genre consistent with user's long-term preferences.
2. Dramatic cinematic visuals and serious character expressions match user's interest in striking imagery.
3. Complex plot about conflict diamonds aligns with user's preference for thought-provoking themes.

【Short-term Alignment】
1. Adventure elements in African conflict setting resonate with current fantasy/adventure focus.
2. Intense character-driven narrative maintains connection to recent thriller interests.
3. High-stakes survival story provides dramatic tension similar to user's recent preferences.

【Preference Dynamics】
1. Expands fantasy interest into realistic adventure setting while maintaining dramatic core.
2. Blends crime genre with adventure elements showing genre exploration within stable preferences."
62,5312,0,"[ANS] no
[REASON]
【Long-term Misalignment】
1. Crime thriller lacks fantasy/adventure elements prominent in user's growing interests.
2. True crime premise differs from user's preference for nostalgic or unique storytelling approaches.
3. Moody visual style contrasts with user's interest in visually striking dramatic posters.

【Short-term Misalignment】
1. Dark crime narrative conflicts with recent interest in lighthearted romantic comedies.
2. Absence of fantasy/adventure elements unlike current Lord of Rings/Star Wars focus.
3. Serious tone misaligns with broadening appeal to lighter content like 50 First Dates.

【Preference Dynamics】
1. Non-click confirms stable preference shift toward fantasy/adventure over pure crime thrillers.
2. Reflects consistent avoidance of non-nostalgic crime content despite genre interest."
407,59315,1,"[ANS] yes
[REASON]
【Long-term Alignment】
1. Iron Man is a superhero sci-fi film featuring advanced technology and futuristic elements.
2. The film contains significant action sequences and adventure elements throughout its narrative.
3. It presents a complex character origin story with epic superhero scope.

【Short-term Alignment】
1. Recent sci-fi interest from The Matrix aligns with Iron Man's technological sci-fi themes.
2. Action-adventure focus from Pirates/Indiana Jones matches Iron Man's explosive action sequences.
3. Recent genre exploration supports trying a new superhero franchise entry.

【Preference Dynamics】
1. Clicking Iron Man shows continued novelty seeking within preferred sci-fi/action genres.
2. Represents expansion into superhero subgenre while maintaining core action-sci-fi interests."
407,7107,0,"[ANS] no
[REASON]
【Long-term Misalignment】
1. Genre is comedy-thriller, not science fiction or fantasy.
2. Lacks epic scope and complex storylines characteristic of user's preferred franchises.
3. Missing action-adventure elements central to user's established interests.

【Short-term Misalignment】
1. 1970s period setting contrasts with user's recent modern sci-fi/fantasy viewings.
2. Romantic comedy elements diverge from recent action-adventure focus.
3. Absence of grand scale or special effects seen in recent Matrix/LOTR watches.

【Preference Dynamics】
1. Non-click demonstrates user's stable preference for epic sci-fi/fantasy over other genres.
2. Shows limited interest in exploring comedy or thriller genres despite novelty seeking behavior."
504,6953,1,"[ANS] yes
[REASON]
【Long-term Alignment】
1. Character-driven narrative exploring interconnected relationships aligns with user's preference for character-driven stories.
2. Crime-related themes connect to user's growing interest in crime dramas like ""Traffic"" and ""Shattered Glass"".
3. Ensemble cast dynamics reflect user's interest in relationship-focused films like ""Gosford Park"" and ""Love Actually"".

【Short-term Alignment】
1. Intense dramatic thriller elements match user's recent intensified interest in thrilling content.
2. Non-linear storytelling approach appeals to user's curiosity for offbeat narrative structures.
3. Dark thematic content provides contrast to user's recent adventure films while maintaining engagement.

【Preference Dynamics】
1. Represents exploration into darker, more complex dramas beyond traditional romantic comedies.
2. Shows willingness to engage with emotionally challenging content alongside lighter entertainment preferences."
504,183,0,"[ANS] no
[REASON]
【Long-term Misalignment】
1. Missing romantic comedy elements central to user's drama preferences like Bridget Jones's Diary.
2. Lacks character-driven relationship focus seen in High Fidelity and Gosford Park.
3. Absent classic film appeal present in Notting Hill and Pulp Fiction.

【Short-term Misalignment】
1. No adventure/action elements contrasting recent LOTR and Finding Nemo interests.
2. Missing quirky, offbeat qualities present in Virgin Suicides and In America.
3. Lacks crime thriller components seen in recent Traffic and Catch Me If You Can.

【Preference Dynamics】
1. Reinforces user's selective approach to thrillers, preferring character-driven over pure suspense.
2. Shows stable preference for films blending genres rather than single-theme horror/suspense."
48,8371,1,"[ANS] yes
[REASON]
【Long-term Alignment】
1. Features science fiction setting with dark, fiery alien planet visuals matching interest in fantasy worlds.
2. Contains action elements with weapon-wielding protagonist and dramatic intensity.
3. Dark, ominous aesthetic provides suspenseful atmosphere aligning with adventure preferences.

【Short-term Alignment】
1. Anti-hero protagonist Riddick shares superhero/comic book character traits with moral complexity.
2. Blends sci-fi action with dramatic character-driven narrative elements.
3. Dark fantasy elements complement current interest in Spider-Man's thematic depth.

【Preference Dynamics】
1. Expands superhero interest beyond traditional comics to include anti-hero sci-fi characters.
2. Explores darker, more mature sci-fi fantasy while maintaining core genre preferences."
48,6814,0,"[ANS] no
[REASON]
【Long-term Misalignment】
1. The video depicts 1980s crime drama, not science fiction or fantasy genres.
2. Lacks the visually striking sci-fi/fantasy imagery the user consistently prefers.
3. Missing adventure and suspense elements central to user's long-term interests.

【Short-term Misalignment】
1. No superhero or comic book characters present in this crime-focused content.
2. Absent the fantasy elements user currently seeks in entertainment.
3. Does not blend action with fantasy as seen in recent Spider-Man interests.

【Preference Dynamics】
1. Demonstrates user's stable avoidance of non-fantasy crime genres.
2. Shows consistent preference for speculative fiction over realistic period pieces."
33,2080,1,"[ANS] yes
[REASON]
【Long-term Alignment】
1. Features complex character relationships between two dogs from different social classes.
2. Strong emotional depth through themes of love, prejudice, and personal transformation.
3. Period piece setting in early 20th century America with distinct visual atmosphere.

【Short-term Alignment】
1. Character-driven story focusing on relationship development between Lady and Tramp.
2. Explores themes of human connection through the dogs' emotional journey.

【Preference Dynamics】
1. Shows exploratory shift toward animated format while maintaining character-driven narrative preferences.
2. Indicates interest in different storytelling approaches within familiar emotional depth framework."
33,2798,0,"[ANS] no  
[REASON]  
【Long-term Misalignment】  
- Cover lacks dark colors, striking imagery, or bold typography; uses bright white background and simple photography.  
- Content is a comedy about a mischievous child, lacking dramatic suspense, plot twists, or intense emotional depth.  
- Focus on humor and lighthearted antics contrasts with preference for complex characters and human connection themes.  

【Short-term Misalignment】  
- 1990s setting aligns, but comedic tone diverges from current focus on character-driven dramas and emotional depth.  
- Absence of strong emphasis on relationships or personal growth; centers on chaotic, humorous situations instead.  

【Preference Dynamics】  
- Non-click reflects stable avoidance of non-serious content, reinforcing preference for nuanced, thought-provoking narratives.  
- Indicates adaptive pattern by skipping familiar era content that mismatches core dramatic and emotional interests."
418,527,1,"[ANS] yes
[REASON]
【Long-term Alignment】
1. Film features complex moral ambiguities through protagonist's transformation amid genocide.
2. Strong narrative structure follows intricate business operations saving lives during Holocaust.
3. Dark atmospheric cinematography using black-and-white photography enhances dramatic intensity.

【Short-term Alignment】
1. Character-driven story focuses on Oskar Schindler's complex introspective journey.
2. Historical setting creates powerful atmospheric tension with inherent suspense elements.

【Preference Dynamics】
1. Explores historical drama genre while maintaining preferred complex storytelling approach.
2. Maintains dark atmosphere preference while shifting from fictional to historical context."
418,5095,0,"[ANS] no
[REASON]
【Long-term Misalignment】
1. Vibrant color palette contradicts user's preference for dark, moody atmospheres.
2. Comedic reinterpretation of Macbeth lacks complex moral ambiguity expected.
3. Visual style suggests lighter tone rather than intricate thriller plotting.

【Short-term Misalignment】
1. Ensemble character focus diverges from preference for introspective single protagonists.
2. Bright aesthetic conflicts with current interest in atmospheric mystery settings.

【Preference Dynamics】
1. User maintains stable preference for serious dramas over comedic adaptations.
2. Moderate novelty seeking doesn't extend to genre-blending comedy formats."
268,2511,1,"[ANS] yes
[REASON]
【Long-term Alignment】
1. Film from 1973 aligns with user's strong interest in 1970s classic cinema.
2. Complex detective narrative with moral ambiguity matches preference for thought-provoking themes.
3. Neo-noir genre contains inherent drama and suspense elements the user consistently prefers.

【Short-term Alignment】
1. 1970s release falls within user's recent attention period spanning 1980s-1990s films.
2. Elliott Gould's memorable character portrayal matches user's current interest in striking characters.
3. Bold visual style with contrasting colors aligns with user's appreciation for striking visuals.

【Preference Dynamics】
1. Clicking a 1973 film shows continued exploration within classic cinema era while maintaining core interests.
2. Selecting a neo-noir demonstrates genre diversity within the user's established preference framework."
268,99106,0,"[ANS] no
[REASON]
【Long-term Misalignment】
1. Film is from 2012, not the preferred 1970s-1980s classic era.
2. Modern comedy premise lacks complex, thought-provoking themes typical of user's interests.
3. Road trip comedy format differs from preferred drama/suspense genres.

【Short-term Misalignment】
1. 2012 release date doesn't match recent interest in 1980s-1990s films.
2. Simple comedy premise contrasts with preferred mix of comedy-drama-adventure elements.
3. Ordinary car setting lacks unique, striking visuals user currently seeks.

【Preference Dynamics】
1. Non-click shows user's stable preference for older classic films over modern releases.
2. Demonstrates selective exploration limited to specific decades, not contemporary cinema."
328,1035,1,"[ANS] yes
[REASON]
【Long-term Alignment】
1. Matches classic film interest as ""The Sound of Music"" is a renowned 1965 classic.
2. Aligns with dramatic film preference through its emotional family escape narrative.
3. Features complex storytelling through character development and historical context integration.

【Short-term Alignment】
1. Directly corresponds to recent musical interest exemplified by ""The Sound of Music"".
2. Features iconic characters like Maria von Trapp that match current focus.
3. Showcases memorable musical numbers that align with musical genre exploration.

【Preference Dynamics】
1. Demonstrates exploration within classic films by selecting a musical subtype.
2. Shows willingness to blend dramatic storytelling with musical elements recently."
328,5500,0,"[ANS] no
[REASON]
【Long-term Misalignment】
1. Film is a parody comedy, not aligning with dramatic/intense film preference.
2. Cartoonish visual style contrasts with classic film aesthetic preferences.
3. Simple parody premise lacks complex storytelling and thematic depth.

【Short-term Misalignment】
1. No musical elements despite recent interest in musicals like ""The Sound of Music"".
2. Absence of iconic dramatic characters, focusing instead on comedic parody.

【Preference Dynamics】
1. Non-click maintains stable preference pattern avoiding genre deviation.
2. Reinforces consistent avoidance of pure comedy in favor of dramatic works."
201,435,1,"[ANS] yes
[REASON]
【Long-term Alignment】
- Released in 1993, aligning with user's interest in 1990s classic movies.
- Features comedic elements consistent with user's romantic comedy preferences.
- Represents 1990s adventure genre through its sci-fi comedy premise.

【Short-term Alignment】
- 1993 release date directly matches user's current 1990s sci-fi exploration.
- Science fiction comedy genre connects to recent interest in ""The Fly"".
- Adventure elements align with user's current suspense/adventure focus.

【Preference Dynamics】
- Shows exploration beyond traditional sci-fi/action toward sci-fi comedy hybrid.
- Indicates branching within 1990s films from pure action to comedic sci-fi."
201,6788,0,"[ANS] no  
[REASON]  
【Long-term Misalignment】  
1. The cover's urban drama style lacks classic 1980s–1990s romantic comedy or adventure film cues.  
2. No visual elements suggest genres like romantic comedy or drama from the user's preferred era.  

【Short-term Misalignment】  
1. Absence of science fiction, action, or adventure themes seen in recent interests like ""Total Recall.""  
2. Does not align with current exploration of 1990s suspense or adventure movies.  

【Preference Dynamics】  
1. Non-click reflects stable disinterest in content outside classic genres or 1990s sci-fi/action.  
2. Indicates user avoids topics not matching their exploratory focus on specific eras and themes."
135,2746,1,"[ANS] yes
[REASON]
【Long-term Alignment】
1. 1986 release date directly matches their preference for classic 1980s-1990s films.
2. Features iconic plant character and setting that aligns with their interest in memorable characters.
3. Blends horror, comedy, and musical genres fitting their interest in genre-mixing films.

【Short-term Alignment】
1. Plant's carnivorous nature creates moral ambiguity and complex protagonist dynamics.
2. Dark comedy elements provide gritty tone within the cartoonish presentation.
3. Suspenseful plot about feeding the plant aligns with thriller elements they currently seek.

【Preference Dynamics】
1. Clicking a musical comedy represents exploration beyond their typical action/adventure focus.
2. Engages with dark humor themes showing nuanced evolution within their stable preferences."
135,6031,0,"[ANS] no
[REASON]
【Long-term Misalignment】
- Film from 1959 predates user's preferred 1980s-1990s classic film era
- Lacks action/adventure/suspense genres central to user's long-term interests
- Colorful melodrama aesthetic contrasts with user's preference for gritty realism

【Short-term Misalignment】
- Bright, vibrant visual tone conflicts with user's current preference for gritty realism
- Domestic/family drama focus differs from crime/thriller elements user currently seeks
- Ensemble cast structure doesn't align with user's focus on complex individual protagonists

【Preference Dynamics】
- User maintains stable preference boundaries despite exploring new themes
- Non-click demonstrates user's selective approach to genre exploration outside core interests"
28,68791,1,"[ANS] yes
[REASON]
【Long-term Alignment】
1. Belongs to science fiction genre with post-apocalyptic setting and advanced technology themes.
2. Features character-driven narrative focusing on human resistance against machines.
3. Contains complex themes of man versus technology and survival morality.

【Short-term Alignment】
1. Intense action sequences and battle scenes match recent interest in action-oriented films.
2. High-stakes conflict and survival themes align with temporary preference for intense content.

【Preference Dynamics】
1. Represents exploration within science fiction genre toward more action-heavy execution.
2. Shows willingness to engage with modern sci-fi action while maintaining core genre interest."
28,161008,0,"[ANS] no  
[REASON]  
【Long-term Misalignment】  
- The video is a dance drama, not science fiction or fantasy.  
- It lacks the classic film status of titles like ""Dances with Wolves"".  
- No indication of complex, character-driven themes as in ""American Psycho"".  

【Short-term Misalignment】  
- Focus on dance and romance, not action or intense themes.  
- Absence of high-stakes conflict seen in recent interests like ""Bad Lieutenant"".  

【Preference Dynamics】  
- The user maintains stable genre preferences, avoiding unrelated content.  
- No interest in exploring dance or romance genres outside their focus."
534,164367,1,"[ANS] yes
[REASON]
【Long-term Alignment】
1. Blends science fiction elements with thriller genre, matching two established interests.
2. Features action-adventure survival elements in post-apocalyptic setting.
3. Contains mystery elements regarding the girl's special abilities and origins.

【Short-term Alignment】
1. Directly aligns with recently heightened interest in thriller and mystery genres.
2. Builds on recent engagement with suspense-driven narratives like ""Kill Bill: Vol. 1"".

【Preference Dynamics】
1. Shows willingness to explore darker, more mature themes within preferred genres.
2. Demonstrates interest in genre-blending content that combines multiple preferred categories."
534,111844,0,"[ANS] no
[REASON]
【Long-term Misalignment】
1. Lacks fantasy/sci-fi elements present in user's core interests like Star Wars and Lord of the Rings.
2. Missing family-friendly appeal found in Disney classics and animated films like The Lion King.
3. Absent comedic tone compared to established comedy preferences like Austin Powers and Clerks.

【Short-term Misalignment】
1. Does not match thriller/mystery focus seen in recent titles like Kill Bill and You Only Live Twice.
2. Lacks sophisticated plot complexity characteristic of user's current thriller interest.

【Preference Dynamics】
1. Demonstrates user's selective exploration, avoiding genres outside established preference boundaries.
2. Shows consistent preference for polished productions over gritty, low-budget action aesthetics."
231,54286,1,"[ANS] yes
[REASON]
【Long-term Alignment】
1. Features intense action sequences including chases and combat scenes.
2. Contains plot twists and character-focused narrative development.
3. Realistic action-adventure style aligns with user's genre preference.

【Short-term Alignment】
1. Released in 2007, fitting user's recent interest in classic action films.
2. Features strong, iconic protagonist similar to Indiana Jones/Terminator.
3. Contains tension-filled sequences with chases and danger elements.

【Preference Dynamics】
1. Explores realistic modern action versus user's typical sci-fi/fantasy focus.
2. Demonstrates interest in discovering new action subgenres beyond nostalgic aesthetics."
231,90888,0,"[ANS] no
[REASON]
【Long-term Misalignment】
1. Features ancient Greek mythology instead of sci-fi/fantasy elements the user prefers.
2. Lacks nostalgic retro aesthetic, using modern dramatic visuals instead.
3. Focuses on mythological warfare rather than character-driven plot twists.

【Short-term Misalignment】
1. Set in ancient times, not the 1970s-80s classic film era the user explores.
2. Missing iconic characters like Indiana Jones that recently interest the user.
3. Emphasizes mythological battles over modern tension, chases, and explosions.

【Preference Dynamics】
1. Shows user's stable preference for sci-fi/action over mythological themes.
2. Indicates user seeks novelty within familiar genres rather than entirely different eras."
491,27808,1,"[ANS] yes
[REASON]
【Long-term Alignment】
1. Features family dynamics and relationships as central theme, aligning with family-friendly content preference.
2. Combines comedy with personal growth elements, matching light-hearted feel-good movie interests.
3. Presents multicultural family interactions, maintaining nostalgic appreciation for character-driven stories.

【Short-term Alignment】
1. Blends romantic elements with comedic situations, directly addressing recent romantic comedy interest.
2. Focuses on relationship development between characters, matching current dating-themed content preference.
3. Maintains light-hearted tone while exploring romantic tensions, fitting comedy-romance-adventure mix.

【Preference Dynamics】
1. Represents transition from general family comedies to relationship-focused narratives with romantic elements.
2. Shows exploration of romantic themes while retaining family-friendly foundation from long-term preferences."
491,64622,0,"[ANS] no
[REASON]
【Long-term Misalignment】
1. The dark, moody visual tone contrasts with the user's preference for light-hearted, family-friendly content.
2. The serious character expressions differ from the user's affinity for comedic and feel-good films.
3. The somber atmosphere conflicts with the user's nostalgic preference for retro-style iconic characters.

【Short-term Misalignment】
1. The serious drama genre directly opposes the user's recent strong interest in romantic comedies.
2. The intense, contemplative mood lacks the light-hearted adventure elements the user currently seeks.
3. The absence of romantic comedy elements fails to match the user's focus on relationships and dating.

【Preference Dynamics】
1. The non-click demonstrates the user's consistent avoidance of serious, dramatic content despite preference evolution.
2. It confirms the user's maintained boundary against somber themes while exploring new romantic comedy interests."
379,539,1,"[ANS] yes
[REASON]
【Long-term Alignment】
1. Film is a 1990s-set drama aligning with user's period preference.
2. Strong character-driven storytelling matches user's interest in character development.
3. Emotional narrative fits user's appreciation for dramatic films.

【Short-term Alignment】
1. Directly matches user's recent interest in human relationship films.
2. Emotional focus aligns with current preference for films exploring relationships.
3. Specifically mentioned in user's short-term preferences alongside Forrest Gump.

【Preference Dynamics】
1. Represents shift from action/thriller to emotional drama showing novelty-seeking.
2. Click demonstrates exploration of relationship-focused content within dramatic genre."
379,161131,0,"[ANS] no
[REASON]
【Long-term Misalignment】
1. The cover suggests a modern crime drama rather than 1990s historical/action films the user prefers.
2. Serious character expressions indicate crime genre, not the adventure-drama blend the user typically enjoys.
3. Graphic design implies contemporary setting, conflicting with user's interest in historical storytelling.

【Short-term Misalignment】
1. No visible technology/cybersecurity elements that currently interest the user.
2. Cover lacks adventure/exploration themes present in user's recent viewing preferences.
3. Minimal emotional/human relationship cues compared to user's current focus.

【Preference Dynamics】
1. The non-click reflects user's stable preference for technology/adventure themes over crime dramas.
2. Shows user maintains interest in character-driven stories rather than gritty realism."
289,7025,1,"[ANS] yes
[REASON]
【Long-term Alignment】
1. Dark military cover with black/gray color scheme matches user's moody aesthetic preference.
2. War-themed content directly aligns with user's interest in apocalypse and war films.
3. 1992 release date provides vintage element fitting user's nostalgia preference.

【Short-term Alignment】
1. Military drama genre matches user's recent focus on drama and thriller content.
2. Striking cover art with soldier lineup aligns with user's interest in strong visual storytelling.
3. Complex character dynamics suggested by diverse soldier group fits character development interest.

【Preference Dynamics】
1. War film selection shows user exploring different themes within their preferred dark aesthetic.
2. Historical military setting represents temporal exploration beyond user's usual modern apocalypse themes."
289,747,0,"[ANS] no
[REASON]
【Long-term Misalignment】
- Bright yellow background contradicts user's preference for dark, moody red/black color schemes
- Cheerful family imagery lacks apocalyptic, war, or social commentary themes
- Modern 1990s aesthetic shows no vintage or retro elements

【Short-term Misalignment】
- Comedy genre conflicts with recent interest in drama, mystery, and thrillers
- Simple family premise doesn't suggest complex character development
- Cartoonish visual style lacks sophisticated visual storytelling

【Preference Dynamics】
- User's willingness to try new things doesn't extend to completely opposite aesthetics
- Stable preference for dark themes overrides curiosity about family comedies"
419,90943,1,"[ANS] yes
[REASON]
【Long-term Alignment】
1. Cover shows psychological distress aligning with thriller emotional intensity preferences.
2. Mysterious poster imagery suggests complex storyline with potential dramatic twists.
3. Moody visual tone matches interest in psychological themes and human relationships.

【Short-term Alignment】
1. Film festival logos hint at intense dramatic scenes matching recent dark mood interests.
2. Title ""Into the Abyss"" suggests suspenseful narrative similar to preferred action-thrillers.
3. Character's distressed posture indicates strong dramatic tension fitting current preference focus.

【Preference Dynamics】
1. Click demonstrates continued exploration of intense dramatic films beyond specific genre boundaries.
2. Selection shows maintained interest in psychologically complex stories while exploring new directorial styles."
419,156726,0,"[ANS] no
[REASON]
【Long-term Misalignment】
1. Lacks complex, thought-provoking storylines with unexpected twists typical of user's thriller preferences.
2. Missing genre mixing elements like action-thriller or sci-fi drama combinations.
3. Psychological depth appears limited compared to user's interest in human relationship exploration.

【Short-term Misalignment】
1. No visible sci-fi or futuristic themes present in cover or title.
2. Lacks strong action elements evident in user's recent ""Matrix Reloaded"" interest.
3. Setting appears more horror-focused than dramatic intensity user prefers.

【Preference Dynamics】
1. User maintains stable preference for genre-blended content absent here.
2. Non-click shows user's novelty-seeking doesn't extend to pure horror themes."
392,3298,1,"[ANS] yes
[REASON]
【Long-term Alignment】
1. Film is an influential thriller from 2000, matching user's appreciation for iconic cinema.
2. Psychological drama elements align with user's fascination with character-driven narratives.

【Short-term Alignment】
1. Recent interest in 1990s/2000s films is satisfied by this 2000 release.
2. Thriller genre exploration continues from ""Boiler Room"" in their recent watches.
3. Comedy/satire elements in the film match current comedy fascination.

【Preference Dynamics】
1. Click demonstrates continued genre exploration beyond classic films.
2. Shows preference shift toward contemporary early-2000s cinema."
392,59037,0,"[ANS] no
[REASON]
【Long-term Misalignment】
1. Video is a 2008 racing game adaptation, not a classic film like user's preferred 1970s-1990s cinema.
2. Content lacks psychological depth present in user's favored dramas like American Beauty and One Flew Over the Cuckoo's Nest.
3. Racing game genre differs from user's established preference for iconic narrative films with cultural significance.

【Short-term Misalignment】
1. 2008 release falls outside user's recent focus on 1990s and early 2000s films.
2. Racing action genre contrasts with user's current interest in coming-of-age stories and character-driven comedies.
3. Video game adaptation lacks the satirical or comedic elements present in user's recent watches like Austin Powers.

【Preference Dynamics】
1. Non-click demonstrates user's stable preference for narrative-driven content over pure action/racing material.
2. Shows user's exploration remains within film medium rather than expanding to video game adaptations."
500,4306,1,"[ANS] yes  
[REASON]  
【Long-term Alignment】  
1. Shrek is an animated fantasy-comedy adventure, aligning with the user's interest in adventure, comedy, and fantasy.  
2. The film features clever writing and memorable characters, matching the user's appreciation for well-crafted narratives.  
3. As a DreamWorks Animation film, it fits the user's recent interest in animated movies and overlaps with Disney-style storytelling.  

【Short-term Alignment】  
1. Shrek (2001) is a late 1990s–early 2000s film, closely matching the user's current interest in 1990s movies like Shrek and South Park.  
2. It includes strong voice performances from notable actors, such as Mike Myers and Eddie Murphy, aligning with the user's interest in notable actor performances.  

【Preference Dynamics】  
1. The click reflects the user's temporary focus on 1990s–early 2000s animated films, expanding from Disney to include other studios like DreamWorks.  
2. It shows exploration within animated films, combining quirky premises (e.g., an ogre's tale) with the user's stable interest in unique storytelling."
500,18,0,"[ANS] no
[REASON]
【Long-term Misalignment】
1. The film lacks fantasy/adventure elements central to user's Disney preference.
2. Anthology structure differs from user's preference for cohesive narratives.
3. Absence of animated format contradicts recent interest in animated films.

【Short-term Misalignment】
1. 1995 release date misses user's current focus on late 1990s films.
2. Ensemble cast lacks notable actor performances like Kevin Spacey.
3. Dark comedy tone contrasts with preferred Shrek/South Park animated comedy.

【Preference Dynamics】
1. Non-click confirms user's stable preference for animated/fantasy content.
2. Shows limited interest in expanding beyond preferred genres and time periods."
139,106489,1,"[ANS] yes
[REASON]
【Long-term Alignment】
1. Direct continuation of fantasy adventure franchise (Lord of the Rings universe).
2. Features epic fantasy storyline with magical elements and medieval setting.
3. Maintains classic film series connection through shared characters like Gandalf.

【Short-term Alignment】
1. Contains strong protagonist figures similar to recent historical war movie leads.
2. Maintains action-adventure elements while transitioning between genres.
3. Features group dynamics and conflict resolution seen in recent war films.

【Preference Dynamics】
1. Explores fantasy genre while maintaining core interest in strong protagonists.
2. Bridges established fantasy preference with recent action/war movie viewing patterns."
139,91337,0,"[ANS] no
[REASON]
【Long-term Misalignment】
1. Lacks fantasy/adventure elements present in user's preferred Lord of the Rings and Indiana Jones films.
2. Modern romantic comedy setting differs from user's classic film preferences like Star Wars.
3. No epic storyline or grand scale characteristic of user's favored fantasy adventures.

【Short-term Misalignment】
1. Absence of historical war themes unlike recent watches The Patriot and Enemy at the Gates.
2. No strong protagonist focus evident from the ensemble cast composition.
3. Romantic comedy genre diverges from current exploration of historical war movies.

【Preference Dynamics】
1. Non-click demonstrates user's stable preference for fantasy/adventure over romantic comedies.
2. Shows limited interest in genre exploration beyond historical war themes recently sampled."
63,1203,1,"[ANS] yes
[REASON]
【Long-term Alignment】
1. Matches classic movie preference shown through ""Casablanca"" and ""Road to Perdition"".
2. Aligns with courtroom drama elements present in previously watched classic films.
3. Features intense interpersonal conflict similar to action-packed narrative structures.

【Short-term Alignment】
1. Directly corresponds to historical drama interest indicated by ""Road to Perdition"".
2. Reinforces courtroom setting exploration begun with previous legal drama viewing.
3. Continues pattern of character-driven narratives from recent selections.

【Preference Dynamics】
1. Deepens engagement with legal/historical themes rather than exploring new genres.
2. Demonstrates consistent trust in classic film recommendations from previous positive experiences."
63,141004,0,"[ANS] no
[REASON]
【Long-term Misalignment】
1. The gothic horror aesthetic differs from user's preferred science fiction and fantasy genres.
2. Lacks the adventure elements present in user's action-packed movie preferences.
3. Modern 2015 release contrasts with user's established interest in classic films.

【Short-term Misalignment】
1. Dark horror theme doesn't align with user's recent animated movie interests.
2. Missing historical drama elements present in user's recent viewing patterns.

【Preference Dynamics】
1. Non-click demonstrates user's stable preference for lighter themes over dark horror.
2. Shows limited interest in gothic literature adaptations despite exploring new genres."
473,7147,1,"[ANS] yes
[REASON]
【Long-term Alignment】
1. Film explores complex themes of mortality and identity through father-son relationship.
2. Stylized aesthetic with magical realism aligns with user's preference for stylized storytelling.
3. Character-driven narrative focusing on emotional depth and redemption arcs.

【Short-term Alignment】
1. Strong focus on character development and relationships mirrors recent interests.
2. Blends drama with whimsical comedy similar to user's mixed-genre exploration.
3. Atmospheric storytelling creates distinctive mood comparable to recent viewed films.

【Preference Dynamics】
1. Click demonstrates continued evolution toward emotionally complex narratives.
2. Selection shows willingness to explore magical realism within dramatic framework."
473,7782,0,"[ANS] no
[REASON]
【Long-term Misalignment】
1. Military action theme lacks character-driven dramatic storytelling the user prefers.
2. Video game format contradicts user's established preference for realistic, gritty films.
3. Sniper premise doesn't explore complex themes like redemption or identity.

【Short-term Misalignment】
1. Action-oriented gameplay contrasts with recent focus on character development films.
2. Military setting lacks the atmospheric mood of user's recent watched titles.
3. No evidence of drama-comedy blend present in user's current interests.

【Preference Dynamics】
1. Military action genre falls outside user's established preference boundaries.
2. Video game format represents a category user consistently avoids in viewing history."
129,8665,1,"[ANS] yes
[REASON]
【Long-term Alignment】
1. Action-packed content with intense sequences matches user's established preference for adventurous storytelling.
2. Serious protagonist holding weapon aligns with user's interest in visually striking action narratives.
3. Urban thriller setting provides complex plot potential matching user's sci-fi/fantasy world-building interest.

【Short-term Alignment】
1. Film cover's bold typography and dramatic composition appeal to user's emerging interest in striking visual presentation.
2. High-stakes action premise connects to user's recent engagement with memorable character-driven stories.

【Preference Dynamics】
1. User explores live-action action thriller despite primarily animated recent selections, showing genre expansion.
2. Click demonstrates willingness to try grounded spy narrative alongside typical fantasy/sci-fi preferences."
129,76251,0,"[ANS] no
[REASON]
【Long-term Misalignment】
1. Live-action superhero genre differs from user's established preference for animated science fiction/fantasy.
2. Modern urban setting contrasts with user's interest in complex world-building and intricate fantasy plots.
3. Real-world action comedy diverges from user's preference for visually striking fantasy adventures.

【Short-term Misalignment】
1. Live-action format conflicts with user's emerging interest in animated films.
2. Contemporary superhero theme lacks the nostalgic value seen in user's recent animated selections.
3. Comic book violence differs from family-friendly animated storytelling in user's short-term interests.

【Preference Dynamics】
1. Non-click demonstrates user's stable preference for animated content over live-action alternatives.
2. Shows user's exploration remains within fantasy/animation genres rather than branching into superhero themes."
594,1707,1,"[ANS] yes
[REASON]
【Long-term Alignment】
1. Features comedic elements similar to romantic comedies in its family-friendly humor approach.
2. Contains action-adventure elements through the boy's defensive traps and sequences.
3. Blends suspenseful plot with comedic action, aligning with thriller-action preferences.

【Short-term Alignment】
1. Includes intense action sequences through elaborate home defense mechanisms.
2. Maintains suspenseful plot as criminals attempt to breach the house.

【Preference Dynamics】
1. Represents exploration into family comedy genre while maintaining action-suspense elements.
2. Shows willingness to try different formats within preferred action-suspense framework."
594,3224,0,"[ANS] no  
[REASON]  
【Long-term Misalignment】  
- The film is a slow-paced existential drama, lacking action, fantasy, or supernatural themes.  
- It is a black-and-white art film, not aligning with romantic comedies or emotional dramas.  
- No humor, adventure, or thrilling suspense is present, differing from the user's core interests.  

【Short-term Misalignment】  
- The movie lacks intense action sequences or a suspenseful, high-energy plot.  
- Its psychological and abstract narrative contrasts with the user's current focus on thrilling content.  

【Preference Dynamics】  
- The non-click reflects the user's stable avoidance of non-genre, artistic films.  
- It shows limited interest in exploratory viewing outside action, fantasy, or romance themes."
522,1214,1,"[ANS] yes
[REASON]
【Long-term Alignment】
1. Released in 1979, directly fitting the user's classic film era preference.
2. Belongs to sci-fi genre, a documented long-term interest category.
3. Features complex storytelling and memorable characters, aligning with stated taste.

【Short-term Alignment】
1. Psychological thriller elements connect with the user's recent interest in psychological dramas.
2. The film's atmospheric tension aligns with the user's new focus on horror themes.
3. Its iconic status makes it a nostalgic piece, fitting the recent trend.

【Preference Dynamics】
1. The click shows exploration within a stable genre (sci-fi) by selecting a highly influential classic.
2. It represents a bridge from long-term interests toward darker, psychological themes recently explored."
522,157296,0,"[ANS] no
[REASON]
【Long-term Misalignment】
1. Animated family film contrasts with preferred live-action dramas, thrillers, and sci-fi from 1970s-1990s.
2. Child-oriented cartoon style differs from mature themes in classic films and complex storytelling preferences.
3. 2016 release date falls outside established interest in 1970s-1990s film eras.

【Short-term Misalignment】
1. Lighthearted animated comedy conflicts with recent interest in psychological dramas and thrillers.
2. Modern children's film doesn't align with nostalgic 1990s films like ""The Princess Bride"" recently watched.
3. Simple family narrative contrasts with complex character-driven stories like ""Fight Club"" currently preferred.

【Preference Dynamics】
1. Non-click demonstrates stable preference for live-action over animated films across all interest periods.
2. Consistent avoidance of child-oriented content reflects maintained focus on mature themes and complex storytelling."
65,111759,1,"[ANS] yes
[REASON]
【Long-term Alignment】
1. Features intense themes of war and survival with muted color palette matching dramatic preferences.
2. Complex character development through protagonist's repeating time loop narrative structure.
3. Emotionally deep exploration of sacrifice and growth within high-stakes conflict scenario.

【Short-term Alignment】
1. Strong narrative drive with urgent conflict against alien invasion forces.
2. Thought-provoking themes of mortality and learning through repetition.
3. Striking visual aesthetic combining military realism with sci-fi elements.

【Preference Dynamics】
1. Novel sci-fi premise demonstrates exploration beyond traditional dramatic formats.
2. Unique time-loop storytelling approach satisfies interest in innovative narrative structures."
65,1123,0,"[ANS] no
[REASON]
【Long-term Misalignment】
1. Stylized graphic design lacks dramatic, muted color schemes the user prefers.
2. Monetary theme and jumping silhouette suggest superficial narrative, not character-driven depth.
3. Modern aesthetic contrasts with user's interest in historically/literarily significant films.

【Short-term Misalignment】
1. Clean, modern visual style lacks the dramatic lighting and striking imagery recently preferred.
2. Action-oriented silhouette doesn't align with recent focus on thought-provoking moral themes.
3. Graphic design approach differs from recent engagement with cinematic visual aesthetics.

【Preference Dynamics】
1. Non-click demonstrates stable preference for dark, complex narratives over light, graphic content.
2. Shows user's novelty seeking doesn't extend to stylized designs lacking emotional depth."
15,71057,1,"[ANS] yes
[REASON]
【Long-term Alignment】
1. Features sci-fi dystopian setting with post-apocalyptic landscape and unique character designs.
2. Contains unconventional plot involving sentient rag dolls in a destroyed world.
3. Blends adventure elements with dark fantasy aesthetics and mysterious narrative.

【Short-term Alignment】
1. Released in 2009, fitting the early 2000s timeframe of recent interest.
2. Offers complex character-driven storyline with mysterious protagonist figures.
3. Maintains suspenseful atmosphere through dystopian setting and glowing mystery elements.

【Preference Dynamics】
1. Explores mature animated fantasy rather than live-action, showing genre expansion.
2. Chooses darker, more atmospheric content indicating growing appreciation for complex themes."
15,59129,0,"[ANS] no
[REASON]
【Long-term Misalignment】
1. Content is a video game, not an action/adventure movie as preferred.
2. Military shooter premise lacks sci-fi/fantasy elements user consistently favors.
3. Visual presentation suggests straightforward combat over complex character-driven narratives.

【Short-term Misalignment】
1. Release year (2008) falls outside user's current 1990s-early 2000s interest period.
2. Military shooter genre doesn't align with recent dramatic/suspenseful movie preferences.
3. Game cover suggests action focus over character complexity user currently explores.

【Preference Dynamics】
1. Non-click reflects stable preference for cinematic content over gaming media.
2. Shows continued genre specificity despite exploration within preferred formats."
157,2490,1,"[ANS] yes
[REASON]
【Long-term Alignment】
1. Features strong anti-hero protagonist with dramatic revenge plot.
2. Dark thriller elements align with dramatic plot preferences.
3. Character-driven narrative matches user's core storytelling interest.

【Short-term Alignment】
1. Intense action-crime premise matches current interest in intense films.
2. Complex criminal protagonist fits recent preference for multifaceted characters.
3. Blends gritty drama with dark humor elements from recent selections.

【Preference Dynamics】
1. Shows exploration within established genre preferences rather than radical shift.
2. Maintains character focus while embracing current intensity preference."
157,4483,0,"[ANS] no
[REASON]
【Long-term Misalignment】
1. Lacks science fiction/futuristic themes present in user's preferred films.
2. Absence of strong dramatic character arcs like those in Rain Man or Schindler's List.
3. Visual style differs from classic cartoon nostalgia seen in Roger Rabbit.

【Short-term Misalignment】
1. Missing intense action elements present in recent clicks Boiler Room and Payback.
2. Does not feature complex multi-storyline narratives like Me, Myself & Irene.
3. Humor appears broader than the humor-drama blend in Austin Powers.

【Preference Dynamics】
1. Shows user maintains preference for character-driven stories over situational comedies.
2. Indicates user's exploration boundaries exclude straightforward comedy genres."
41,6287,1,"[ANS] yes
[REASON]
【Long-term Alignment】
1. Features complex character dynamics between two contrasting personalities.
2. Dark humor elements present in the therapeutic conflict premise.
3. Bold visual design with high-contrast white background and red typography.

【Short-term Alignment】
1. Romantic comedy elements exist within the film's broader narrative structure.
2. Memorable character archetypes shown through exaggerated facial expressions.
3. Early 2000s release date aligns with current temporal interest period.

【Preference Dynamics】
1. Represents genre exploration through comedy format while maintaining psychological themes.
2. Shows willingness to try mainstream films that incorporate art-house visual styling."
41,3323,0,"[ANS] no
[REASON]
【Long-term Misalignment】
1. Cover lacks visually striking stylization, using plain blue background instead of bold colors.
2. Ensemble cast presentation suggests broad comedy rather than psychological complexity.
3. Conventional poster design contrasts with art-house cinema aesthetic preferences.

【Short-term Misalignment】
1. Crime comedy premise diverges from current romantic comedy/coming-of-age exploration.
2. Group-focused narrative doesn't emphasize iconic individual characters.
3. Visual presentation lacks the bold color palettes currently attracting interest.

【Preference Dynamics】
1. Non-click demonstrates stability in avoiding content lacking complex storytelling.
2. Shows limited interest in genre exploration when visual aesthetics don't align."
494,3578,1,"[ANS] yes
[REASON]
【Long-term Alignment】
1. Historical action-adventure film with dramatic combat sequences and ancient Roman setting.
2. Features iconic heroic protagonist Maximus in a character-driven revenge story.
3. Blends intense action with personal drama and urgent survival stakes.

【Short-term Alignment】
1. Released in 2000, bridging classic and contemporary cinema eras.
2. Maintains nostalgic epic filmmaking style reminiscent of earlier historical productions.
3. Features Russell Crowe's iconic performance that became immediately culturally significant.

【Preference Dynamics】
1. Represents shift toward modern films while retaining classical storytelling elements.
2. Shows exploratory engagement with historical genre outside typical sci-fi/fantasy preferences."
494,43460,0,"[ANS] no  
[REASON]  
【Long-term Misalignment】  
- The film is a meta-comedy, lacking action-adventure or sci-fi elements.  
- It centers on satirical humor, not heroic protagonists or dramatic urgency.  
- No historical or futuristic setting; it parodies literary adaptation processes.  

【Short-term Misalignment】  
- The 2005 release does not align with the user's recent interest in 1970s–80s classics.  
- Absence of space exploration, fantasy worlds, or nostalgic iconic characters.  
- Its postmodern tone contrasts with the user's current focus on earnest nostalgia.  

【Preference Dynamics】  
- The non-click reflects the user's stable avoidance of satirical or meta genres.  
- It shows their short-term interests prioritize recognizable genres over experimental narratives."
380,151763,1,"[ANS] yes
[REASON]
【Long-term Alignment】
1. Dark supernatural narrative aligns with established interest in intense, suspenseful films like Predator.
2. Complex fantasy elements match long-term science fiction/fantasy preferences including Narnia.
3. Stylized Japanese cultural context connects to historical/cultural fascination seen in Fargo.

【Short-term Alignment】
1. Supernatural thriller elements directly match recent intense film interests like Blade II.
2. Character-focused supernatural premise aligns with recent preferences for films like Jeepers Creepers.

【Preference Dynamics】
1. Click demonstrates exploration of Japanese anime format while maintaining core dark fantasy interests.
2. Selection shows integration of new superhero interest with established supernatural thriller preferences."
380,2365,0,"[ANS] no  
[REASON]  
【Long-term Misalignment】  
- The user prefers science fiction/fantasy with human protagonists, not monster battles like King Kong vs. Godzilla.  
- It lacks the historical/cultural depth seen in interests like Fargo or Unforgiven.  
- Dark, intense films (e.g., Predator) focus on human stakes, not stylized creature clashes.  

【Short-term Misalignment】  
- Recent interests like classic Disney (Mary Poppins) avoid destructive, monster-focused narratives.  
- Short-term thrillers (e.g., Blade II) emphasize human action, not giant creature spectacle.  
- Character-driven plots (e.g., Lara Croft) are absent in this monster vs. monster premise.  

【Preference Dynamics】  
- The non-click reinforces the user's stable core interests, avoiding exploratory shifts into monster genres.  
- It highlights a lack of interest in topics outside established sci-fi/fantasy or historical themes."
188,2206,1,"[ANS] yes
[REASON]
【Long-term Alignment】
1. Film is from 1941, fitting user's classic film era preference (1940s-1990s).
2. Features iconic actors Cary Grant and Joan Fontaine, aligning with interest in memorable characters.
3. Represents film noir/suspense genre, reinforced by user's recent ""Dial M for Murder"" interest.

【Short-term Alignment】
1. Direct match to user's recently added ""Suspicion"" (1941) to their watchlist.
2. Strong narrative focus evident from poster's dramatic tension between characters.
3. Continues user's current exploration of Hitchcock-style suspense films.

【Preference Dynamics】
1. User actively explores within their established classic film interest range.
2. Click demonstrates continued genre expansion within preferred era parameters."
188,4506,0,"[ANS] no
[REASON]
【Long-term Misalignment】
1. Film is from 1988, outside user's preferred classic era (1940s-1990s with focus on earlier decades).
2. Lacks romantic comedy, drama, or musical elements central to user's classic film interests.
3. Visual style appears modern thriller rather than nostalgic classic cinema aesthetic.

【Short-term Misalignment】
1. No evidence of memorable character focus unlike recent interests in ""Dial M for Murder"" and ""Suspicion"".
2. Current preference for narrative-driven classics contrasts with this later thriller.
3. User's recent selections show specific interest in 1940s-1950s suspense, not 1980s thrillers.

【Preference Dynamics】
1. Non-click demonstrates user's stable preference for earlier classic film eras.
2. Reinforces pattern of exploring within established genre preferences rather than expanding to newer decades."
217,517,1,"[ANS] yes
[REASON]
【Long-term Alignment】
1. 1993 release date fits within the user's interest in classic films from the 1930s-1990s.
2. The serious tone and two leads suggest a focus on character dynamics and development.
3. The film's crime thriller genre aligns with the user's persistent interest in suspense and action.

【Short-term Alignment】
1. The poster's focus on two serious characters suggests a character-driven narrative.
2. The crime thriller plot likely involves the moral dilemmas central to the user's current interest.

【Preference Dynamics】
1. This click shows exploration within their core genres, choosing a 90s thriller over an older classic.
2. It indicates a willingness to engage with a modern (for its time) setting within their classic film range."
217,133195,0,"[ANS] no
[REASON]
【Long-term Misalignment】
1. Lacks historical/period setting typical of classic films from 1930s-1990s.
2. Focuses on action over character development and memorable storytelling.
3. Modern setting diverges from classic film aesthetic and narrative depth.

【Short-term Misalignment】
1. Prioritizes action sequences over character-driven storytelling and moral dilemmas.
2. Missing nostalgic references to classic movies or animated/comedy elements.
3. Lacks complex character exploration in favor of straightforward action premise.

【Preference Dynamics】
1. Shows user's selective exploration, avoiding genres lacking character depth.
2. Demonstrates preference stability despite openness to new themes."
53,381,1,"[ANS] yes
[REASON]
【Long-term Alignment】
1. Directly matches user's drama/romance interest from previously watched titles.
2. Features music elements aligning with user's established music fascination.
3. Represents classic 1990s cinema period consistent with user's film era interests.

【Short-term Alignment】
1. Contains dramatic relationship mystery fitting current intrigue preference.
2. Urban setting with emotional tension aligns with action-drama blend interest.
3. Contemporary period piece satisfies nostalgia exploration trend.

【Preference Dynamics】
1. Demonstrates genre diversity by combining romance with serious dramatic themes.
2. Shows oscillation between classic and contemporary through 1990s timeframe selection."
53,42734,0,"[ANS] no
[REASON]
【Long-term Misalignment】
1. Animated cartoon style contrasts with user's preference for classic live-action films.
2. Modern 2005 release differs from user's interest in older classic cinema.
3. Lighthearted animation doesn't align with user's drama and romance interests.

【Short-term Misalignment】
1. Animated comedy lacks the mystery and intrigue user currently seeks.
2. Bright cartoon visuals don't match user's nostalgic film preferences.
3. Absence of action-drama blend contrasts with current viewing interests.

【Preference Dynamics】
1. Non-click shows user maintains preference for live-action over animated content.
2. Demonstrates user's consistent avoidance of purely children/family oriented material."
338,190209,1,"[ANS] yes
[REASON]
【Long-term Alignment】
1. Features Jeff Ross's edgy comedy style, aligning with the user's preference for intense, complex narratives.
2. Documentary-style presentation matches the atmospheric mood seen in ""The Silence of the Lambs"".
3. Bold, confrontational theme resonates with the dark themes in ""Fight Club"" and crime dramas.

【Short-term Alignment】
1. Strong narrative focus similar to recent interests in ""The Usual Suspects"" storytelling.
2. Provocative subject matter continues the user's exploration of mood-driven content.
3. Contemporary format (2017) matches recent interest in newer works like ""Kill Bill"".

【Preference Dynamics】
1. Represents genre exploration beyond traditional films into documentary-style comedy.
2. Shows willingness to engage with politically charged content, expanding beyond pure crime narratives."
338,26612,0,"[ANS] no
[REASON]
【Long-term Misalignment】
1. The film is an action-crime sequel rather than the psychological crime dramas the user prefers.
2. Lacks the complex character studies found in the user's favorite films like The Godfather.
3. Stylized Hong Kong action differs from the gritty realism of the user's crime thriller preferences.

【Short-term Misalignment】
1. Action-oriented narrative contrasts with the user's recent focus on strongly atmospheric, mood-driven films.
2. Stylized visual approach differs from the grounded storytelling in their recent watched films.
3. Sequel format may not appeal to their current interest in standalone, narrative-focused works.

【Preference Dynamics】
1. Shows the user maintains stable preference for Western crime dramas over international action films.
2. Indicates their genre exploration has limits, avoiding stylized action in favor of dramatic storytelling."
296,4144,1,"[ANS] yes
[REASON]
【Long-term Alignment】
1. Critically acclaimed film that won numerous international awards and widespread critical praise.
2. Strong narrative focus on complex human relationships and emotional depth.
3. Artistic drama with sophisticated character development and nuanced performances.

【Short-term Alignment】
1. Historical period setting in 1960s Hong Kong with authentic cultural context.
2. Complex characters navigating moral ambiguity in their constrained relationships.
3. Strong emotional impact through restrained but powerful storytelling.

【Preference Dynamics】
1. Exploration of Asian cinema demonstrates novelty seeking beyond Western films.
2. Shift toward more subtle, atmospheric storytelling rather than explicit drama."
296,5013,0,"[ANS] no
[REASON]
【Long-term Misalignment】
1. Lacks the epic historical scope of films like Braveheart and Saving Private Ryan.
2. Missing the high-stakes drama and strong narrative drive of their preferred films.
3. Does not align with their interest in critically acclaimed, widely recognized cinematic masterpieces.

【Short-term Misalignment】
1. Fails to deliver the intense emotional impact of recent watches like Schindler's List.
2. Does not feature the complex moral ambiguity seen in Fight Club or The Usual Suspects.
3. The ensemble, dialogue-driven mystery contrasts with their recent wartime/action themes.

【Preference Dynamics】
1. Shows the user's stable preference for grand, high-impact narratives over subtle ensemble pieces.
2. Indicates their novelty seeking does not extend to period murder mysteries lacking strong central protagonists."
252,1293,1,"[ANS] yes
[REASON]
【Long-term Alignment】
1. Features strong narrative and memorable historical figure matching their appreciation for impactful storytelling.
2. Contains contemplative emotional depth aligning with their interest in character-driven narratives.

【Short-term Alignment】
1. Directly matches their recent interest in 1980s films as it's from 1982.
2. Fits their current exploration of biographical/historical dramas like ""Gandhi"" in their watch history.
3. Offers unconventional storytelling through biographical format they've recently shown interest in.

【Preference Dynamics】
1. Shows genre exploration from animated films to serious historical drama.
2. Indicates mood-based selection toward introspective content contrasting with usual adventure focus."
252,8373,0,"[ANS] no
[REASON]
【Long-term Misalignment】
1. Lacks vibrant animated visuals, featuring realistic live-action suburban aesthetics instead.
2. Missing adventure/action elements central to user's Disney/Pixar preferences.
3. No whimsical fantasy elements present in cover or title.

【Short-term Misalignment】
1. Not from 1980s-1990s era user recently explored (2004 release).
2. Suburban satire differs from unconventional storytelling like Truman Show.
3. Cover suggests thriller/mystery, not user's recent drama/comedy focus.

【Preference Dynamics】
1. Shows user maintains stable preference for animated content over live-action.
2. Indicates selective exploration, avoiding genres outside established comfort zone."
463,2019,1,"[ANS] yes
[REASON]
【Long-term Alignment】
1. Classic war film depicting samurai defending a village against bandits.
2. Features intense dramatic storytelling and character development.
3. Represents influential action-adventure narrative with historical context.

【Short-term Alignment】
1. Directly matches recent interest in classic films like ""The Godfather: Part II"".
2. Aligns with exploration of older, influential cinematic works.
3. Complements current genre diversification while maintaining quality standards.

【Preference Dynamics】
1. Demonstrates active exploration of foundational classic cinema.
2. Shows willingness to engage with foreign language historical epics."
463,87430,0,"[ANS] no  
[REASON]  
【Long-term Misalignment】  
1. Superhero genre does not match the user's strong preference for historical dramas and war movies.  
2. Lacks the dramatic, intense storytelling seen in films like Schindler's List or Pulp Fiction.  
3. Costume-based action differs from grounded action-adventure films such as Lord of the Rings.  

【Short-term Misalignment】  
1. Recent sci-fi interests (e.g., Alien) involve serious tones, not vibrant superhero fantasy.  
2. No overlap with the user's current exploration of classic or historical films.  
3. Absence of war, history, or dance themes present in recent watches like The Patriot.  

【Preference Dynamics】  
1. Non-click shows the user's stable preference for realistic drama over comic-book escapism.  
2. Indicates that novelty-seeking does not extend to lighthearted or CGI-heavy superhero content."
457,2762,1,"[ANS] yes
[REASON]
【Long-term Alignment】
1. The Sixth Sense is a suspenseful thriller matching the user's consistent interest in this genre.
2. Its dark, moody cover aesthetic aligns with the user's established preference for atmospheric thrillers.
3. The film's serious tone and mysterious elements correspond with the user's long-term thriller preferences.

【Short-term Alignment】
1. The video directly matches the user's current focus on suspenseful movies like The Sixth Sense.
2. Its thriller genre specifically addresses the user's recent interest in suspense and thrills.
3. The cover's dramatic tension reflects the user's immediate preference for intense, engaging content.

【Preference Dynamics】
1. The click demonstrates continued engagement with established thriller preferences rather than genre exploration.
2. Selection reinforces stable preference patterns without indicating significant shift in viewing habits."
457,162414,0,"[ANS] no
[REASON]
【Long-term Misalignment】
1. The video is a music piece while user prefers action/adventure films and thrillers.
2. Content lacks action sequences or suspense elements central to user's interests.
3. Artistic character study contrasts with user's preference for plot-driven narratives.

【Short-term Misalignment】
1. User currently seeks action/suspense content while video offers contemplative character portrayal.
2. Music video format differs from movie content user has recently engaged with.
3. No thriller or high-stakes elements present in current viewing preferences.

【Preference Dynamics】
1. Non-click confirms user's stable preference for action/suspense over artistic character pieces.
2. Shows limited exploration interest beyond film genres despite openness to animation/foreign films."
608,51255,1,"[ANS] yes
[REASON]
【Long-term Alignment】
1. Features intense action scenes with guns and dramatic fiery backgrounds matching dark, moody atmospheres.
2. Sci-fi/fantasy elements suggested by stylized flames and character presentation align with realism and stylization preferences.
3. Character-driven dynamic between two armed men hints at complex relationships and development.

【Short-term Alignment】
1. Suspense and tension are implied through confrontational gun poses and fiery setting.
2. Character complexity is suggested by the dual protagonist setup with contrasting stances.

【Preference Dynamics】
1. Represents exploratory behavior by blending action with potential comedy/parody elements unseen in previous preferences.
2. Expands beyond pure drama/sci-fi into action-comedy while maintaining character-focused storytelling."
608,2471,0,"[ANS] no
[REASON]
【Long-term Misalignment】
1. Bright, vibrant aesthetic contrasts with preferred dark, moody atmospheres.
2. Lighthearted adventure tone lacks the dramatic intensity of favored films.
3. Character presentation suggests simple archetypes rather than complex development.

【Short-term Misalignment】
1. Absence of suspense/tension elements prominent in recent preferences.
2. Visual style prioritizes adventure over realism and stylization interests.
3. Character dynamics appear straightforward versus complex relationship focus.

【Preference Dynamics】
1. Non-click reflects consistent preference for darker, intense narratives.
2. Indicates selective exploration, avoiding lighthearted adventure themes."
270,1356,1,"[ANS] yes
[REASON]
【Long-term Alignment】
1. Explores complex themes of first contact diplomacy and existential Borg threat.
2. Features strong character development of Captain Picard confronting past trauma.
3. Blends drama, adventure elements through space exploration narrative.

【Short-term Alignment】
1. Released in 1996, matching mid-1990s American production preference.
2. Combines dramatic stakes with sci-fi fantasy elements.
3. Features vibrant cosmic visuals and stylized poster graphics.

【Preference Dynamics】
1. Shows genre exploration through sci-fi while maintaining character focus.
2. Indicates willingness to engage with franchise content despite established preferences."
270,86721,0,"[ANS] no
[REASON]
【Long-term Misalignment】
1. Film lacks character-driven narrative, being dialogue-free with minimal character development.
2. Absence of complex human relationship exploration through conventional storytelling methods.
3. Dark surrealist themes differ from user's preference for grounded existential explorations.

【Short-term Misalignment】
1. 2008 release date conflicts with user's current interest in mid-1990s American films.
2. Dark graphic novel aesthetic contrasts with user's preference for vibrant, stylized visuals.
3. Absence of comedy and fantasy elements present in user's recent preferences.

【Preference Dynamics】
1. Non-click demonstrates user's stable preference for conventional narrative films over experimental formats.
2. Shows consistent avoidance of darker, surreal content despite openness to genre exploration."
202,2761,1,"[ANS] yes
[REASON]
【Long-term Alignment】
1. Animated sci-fi film exploring moral dilemmas and human nature through robot-human relationship.
2. Character-driven story with psychological depth about identity and morality themes.
3. 1990s animated feature fitting continued interest in complex narratives from that era.

【Short-term Alignment】
1. Classic animated film aligning with new interest in Disney-style storytelling and memorable characters.
2. Features emotional character relationships similar to romantic dramas recently explored.

【Preference Dynamics】
1. Represents genre exploration from live-action to high-quality animated features.
2. Shows willingness to try sci-fi themes in animated format rather than just live-action."
202,1194,0,"[ANS] no
[REASON]
【Long-term Misalignment】
1. Film is a 1978 stoner comedy, conflicting with user's preference for dramatic and psychological themes.
2. Cartoonish humor style differs from character-driven stories and moral dilemmas user prefers.
3. No connection to period dramas, historical settings, or complex identity themes user consistently enjoys.

【Short-term Misalignment】
1. Absence of romantic drama elements that user is currently exploring.
2. Not a classic Disney animated film with memorable characters and storytelling.

【Preference Dynamics】
1. Non-click demonstrates user's stable preference for serious dramatic content over pure comedy.
2. Shows user's exploration remains focused on quality animation rather than broad comedy genres."
162,534,1,"[ANS] yes
[REASON]
【Long-term Alignment】
1. Film explores complex human relationships through realistic portrayal of C.S. Lewis's late-life romance.
2. Story examines profound moral dilemmas and emotional transformation through terminal illness narrative.
3. Portrays intense character development through intellectual and emotional awakening themes.

【Short-term Alignment】
1. Strong character-driven storytelling focusing on emotional depth and dramatic relationship tension.
2. Combines romantic drama elements with profound personal conflict and transformation.
3. Historical drama aspect aligns with emerging interest in period relationship stories.

【Preference Dynamics】
1. Represents genre exploration through biographical romantic drama format while maintaining dramatic intensity.
2. Novel perspective on historical figure's personal life provides fresh storytelling approach."
162,361,0,"[ANS] no
[REASON]
【Long-term Misalignment】
1. The cover suggests a lighthearted romantic premise rather than intense dramatic themes.
2. Uniformed officer and waitress setting lacks gritty realism about human experiences.
3. Visual tone appears warm and optimistic, not focused on complex moral dilemmas.

【Short-term Misalignment】
1. The poster shows casual interaction, lacking visible dramatic tension or conflict.
2. Character presentation suggests light romance rather than character-driven emotional depth.
3. Contemporary setting contrasts with user's emerging interest in historical dramas.

【Preference Dynamics】
1. Non-click reflects stable preference for intense storytelling over lighthearted romance.
2. Despite openness to novelty, the conventional romantic premise doesn't appeal."
402,780,1,"[ANS] yes
[REASON]
【Long-term Alignment】
1. Features intense alien invasion action sequences matching user's strong action movie preference.
2. Includes Will Smith's heroic pilot character as a strong male lead.
3. Combines global catastrophe suspense with sci-fi thriller elements.

【Short-term Alignment】
1. Directly matches user's recent viewing of ""Independence Day"" indicating current interest.
2. Provides adventure and excitement focus seen in user's recent ""River Wild"" engagement.

【Preference Dynamics】
1. Shows user returning to established favorites rather than exploring new genres.
2. Confirms stable preference for 1990s action blockbusters with disaster themes."
402,3671,0,"[ANS] no
[REASON]
【Long-term Misalignment】
1. The video is a Western comedy, lacking the action-packed thriller elements the user consistently prefers.
2. It features ensemble humor rather than the strong male lead characters the user favors.
3. Absent are the crime/suspense themes present in the user's long-term interest titles.

【Short-term Misalignment】
1. The comedic tone contrasts with the serious adventure/action focus of the user's recent selections.
2. It lacks the historical drama elements seen in the user's temporary interest in ""Schindler's List"".
3. No high-stakes excitement present in recent watches like ""River Wild"" and ""Independence Day"".

【Preference Dynamics】
1. The non-click reflects the user's stable preference for serious action over comedy genres.
2. Shows limited exploration beyond action/thriller genres despite slight genre experimentation."
478,1073,1,"[ANS] yes
[REASON]
【Long-term Alignment】
1. 1971 release aligns with the user's appreciation for classic films.
2. Iconic status and decades of popularity match the user's taste for nostalgia.
3. Willy Wonka is a memorable and complex character fitting the user's interest.

【Short-term Alignment】
1. The vibrant, colorful poster directly matches the user's recent interest in whimsical themes.
2. Playful atmosphere and candy-filled visuals align with the user's current enjoyment of strong visual appeal.
3. The film features iconic, memorable characters, a noted short-term interest.

【Preference Dynamics】
1. The click shows a shift from dark aesthetics towards more playful, colorful content.
2. It indicates an active exploration of different classic films within their stable interest in nostalgia."
478,766,0,"[ANS] no
[REASON]
【Long-term Misalignment】
1. The vibrant album cover lacks the dark, moody aesthetics the user consistently prefers.
2. It's a music album rather than the classic films the user favors.
3. The collage-style imagery differs from the serious character-focused compositions the user typically selects.

【Short-term Misalignment】
1. The music content doesn't align with the user's current interest in psychological thrillers or suspenseful films.
2. The album's conceptual art theme contrasts with the user's recent engagement with whimsical, playful narratives.
3. The modern pop art style lacks the nostalgic, iconic quality of the films the user has been watching.

【Preference Dynamics】
1. The non-click demonstrates the user's stable preference for cinematic content over music-related media.
2. It confirms the user's consistent avoidance of contemporary artistic themes outside their established interests."
106,318,1,"[ANS] yes
[REASON]
【Long-term Alignment】
1. Matches preference for complex storytelling and character development.
2. Aligns with interest in dramatic narratives and emotional depth.
3. Features protagonist transformation fitting serious narrative interests.

【Short-term Alignment】
1. Directly corresponds to recent interest in character-driven stories.
2. Continues engagement with critically acclaimed dramatic films.
3. Builds on appreciation for sophisticated cinematic storytelling.

【Preference Dynamics】
1. Demonstrates exploration beyond fantasy/adventure to quality drama.
2. Shows willingness to engage with different cinematic styles."
106,117364,0,"[ANS] no
[REASON]
【Long-term Misalignment】
1. Documentary genre differs from user's preference for fantasy/adventure films.
2. Real-world conservation theme lacks historical/mythological settings user enjoys.
3. Absence of dramatic action sequences present in user's preferred movies.

【Short-term Misalignment】
1. Non-fiction content contrasts with recent fantasy movie cluster (Lord of the Rings/Harry Potter).
2. Serious documentary tone differs from action-suspense focus of recent watches.
3. Educational nature lacks complex fictional storytelling seen in recent preferences.

【Preference Dynamics】
1. Non-click demonstrates user's stable preference for fictional narratives over documentaries.
2. Shows limited interest in exploring completely different genres beyond action-fantasy spectrum."
390,8970,1,"[ANS] yes
[REASON]
【Long-term Alignment】
1. European period drama exploring artistic creation and imagination through playwright J.M. Barrie's story.
2. Features complex narrative about blurring lines between reality and fiction.
3. Stylized visual approach characteristic of artistic European storytelling traditions.

【Short-term Alignment】
1. Film directly explores identity and human nature through creative imagination themes.
2. Warm, elegant color palette and period costumes provide vibrant stylized visuals.
3. Dramatic emotional atmosphere surrounding creativity and personal relationships.

【Preference Dynamics】
1. Click demonstrates active exploration of visually-driven narratives with artistic storytelling.
2. Selection shows maintained interest in identity themes while embracing stylized period aesthetics."
390,94780,0,"[ANS] no
[REASON]
【Long-term Misalignment】
1. Lacks psychological depth and philosophical themes characteristic of art house films.
2. Mainstream fantasy genre differs from preferred European foreign film aesthetics.
3. Conventional narrative structure contrasts with complex non-linear storytelling preferences.

【Short-term Misalignment】
1. Dark fantasy visuals don't match current interest in vibrant, stylized color palettes.
2. Fairy tale adaptation lacks exploration of identity and human nature themes.
3. Medieval fantasy setting differs from contemporary dramatic atmospheres like ""Fahrenheit 9/11"".

【Preference Dynamics】
1. Reinforces user's consistent avoidance of mainstream blockbuster content.
2. Confirms ongoing preference for artistic storytelling over commercial fantasy productions."
2,80489,1,"[ANS] yes
[REASON]
【Long-term Alignment】
1. Features dramatic action themes with bank robbery sequences and intense shootouts.
2. Contains strong male leads with Ben Affleck's character-driven criminal redemption story.
3. Blends crime drama with tense action sequences and character development.

【Short-term Alignment】
1. Delivers action-packed heist sequences with visually striking nighttime cinematography.
2. Police car and bridge imagery creates strong visual aesthetics matching recent preferences.
3. Combines criminal action with dramatic character conflicts and moral dilemmas.

【Preference Dynamics】
1. Explores crime drama genre while maintaining preferred action and character-driven elements.
2. Maintains visual style preference while shifting from historical/fantasy to urban crime setting."
2,6710,0,"[ANS] no
[REASON]
【Long-term Misalignment】
1. Lacks dramatic action themes present in Gladiator and Kill Bill.
2. Missing strong male lead character-driven narrative like Tommy Boy.
3. Absent iconic imagery compared to Gladiator's striking visual style.

【Short-term Misalignment】
1. No action-packed sequences or visually striking combat scenes.
2. Missing strong female protagonist like Kill Bill's lead character.
3. Humor appears surreal rather than action-drama blend.

【Preference Dynamics】
1. Shows user maintains stable preference for action-drama over pure comedy.
2. Indicates limited interest in surreal humor despite genre exploration openness."
576,2289,1,"[ANS] yes
[REASON]
【Long-term Alignment】
1. Dark dramatic visuals with spotlight contrast match user's preference for suspenseful aesthetics.
2. Title ""THE PLAYER"" suggests narrative complexity about performance and intrigue.
3. Central mysterious figure in sunglasses creates strong character-focused mystery.

【Short-term Alignment】
1. Film from 1992 directly matches user's recent interest in 1990s content.
2. Bold spotlight effect with dramatic lighting aligns with preferred visual style.
3. Stage setting implies themes of unity and shared purpose in performance.

【Preference Dynamics】
1. Click shows exploration beyond pure action/horror into satirical thriller genre.
2. Selection demonstrates continued influence of striking cover art over strict genre loyalty."
576,42007,0,"[ANS] no
[REASON]
【Long-term Misalignment】
1. Lacks action-packed or suspenseful elements typical of user's preferred genres.
2. Absence of dark/dramatic visuals, featuring bright promotional styling instead.
3. No apparent mystery, intrigue, or historical/fictional adventure settings.

【Short-term Misalignment】
1. Not from 1990s era which user recently favors (2005 release).
2. Cover uses plain white background, lacking bold colors or dramatic lighting.
3. Romantic/comedy theme contrasts with current action/horror/adventure focus.

【Preference Dynamics】
1. Non-click demonstrates user's stable avoidance of non-action genres.
2. Shows limited interest in character-driven stories without adventure elements."
81,32,1,"[ANS] yes
[REASON]
【Long-term Alignment】
1. Film belongs to science fiction genre with complex narrative structure matching user's preference.
2. Cover features dramatic lighting and bold colors aligning with visual preferences.
3. Thought-provoking time travel themes resonate with user's interest in complex narratives.

【Short-term Alignment】
1. Release year (1995) fits user's recent focus on 1990s science fiction films.
2. Strong protagonist depiction matches recent preference for memorable main characters.
3. Time travel subgenre exploration aligns with current interest in sci-fi variations.

【Preference Dynamics】
1. Selection demonstrates continued shift toward complex, thought-provoking narratives.
2. Click shows exploration of psychological sci-fi beyond traditional action-adventure themes."
81,4410,0,"[ANS] no
[REASON]
【Long-term Misalignment】
1. Genre is romantic comedy rather than science fiction or fantasy.
2. Cover lacks science fiction visual elements like space or technology.
3. Narrative appears character-driven rather than featuring complex sci-fi themes.

【Short-term Misalignment】
1. Film is from 1986, not aligning with recent 1990s preference.
2. Cover shows ordinary characters rather than strong, memorable protagonists.
3. Lacks science fiction sub-genres like time travel or space exploration.

【Preference Dynamics】
1. Non-click reflects stable preference for science fiction over other genres.
2. Shows limited interest in exploring non-science fiction content despite novelty seeking."
206,838,1,"[ANS] yes
[REASON]
【Long-term Alignment】
1. Classic 1996 film era matches user's consistent interest in 1990s cinema.
2. Romantic themes and character relationships align with user's dramatic preferences.
3. Period costume and setting provide strong atmospheric elements user appreciates.

【Short-term Alignment】
1. Adaptation of classic literature fits user's growing interest in complex character narratives.
2. Whimsical visual style with vibrant costumes connects to user's Disney fascination.
3. Moral themes and character development align with user's recent complex character interests.

【Preference Dynamics】
1. Maintains 1990s nostalgia while exploring literary adaptation format.
2. Blends romantic drama with subtle adventure elements shown through bow imagery."
206,61692,0,"[ANS] no
[REASON]
【Long-term Misalignment】
1. Dark thriller tone contrasts with user's preference for romantic/dramatic themes.
2. Eerie forest setting lacks vibrant colors and whimsical designs user typically enjoys.
3. Obscured characters prevent emotional connection user seeks in character relationships.

【Short-term Misalignment】
1. 2006 release date misses user's current nostalgia for 1990s classics.
2. Suspenseful horror elements conflict with user's recent Disney/family-friendly focus.
3. Dark mystery theme differs from user's growing sci-fi/adventure interest.

【Preference Dynamics】
1. Non-click shows user maintains stable preference for lighter, emotionally accessible content.
2. Despite genre exploration willingness, user avoids dark thriller territory."
35,252,1,"[ANS] yes
[REASON]
【Long-term Alignment】
1. 1994 release date aligns with the user's specific interest in 1990s films.
2. Promotional cover featuring character expressions suggests focus on human relationships.
3. Vibrant visual style with emotive character positioning matches preference for striking imagery.

【Short-term Alignment】
1. Title ""I.Q."" suggests themes of intelligence and potential moral/scientific dilemmas.
2. Character-driven ensemble cast indicates potential for complex interpersonal dynamics.
3. Period setting (1990s) aligns with current interest in nostalgic atmosphere.

【Preference Dynamics】
1. Scientific/romantic comedy premise represents exploration beyond typical drama genres.
2. Intellectual theme (""I.Q."") indicates willingness to engage with new conceptual frameworks."
35,98154,0,"[ANS] no
[REASON]
【Long-term Misalignment】
1. Historical political biography differs from user's preferred 1990s drama/romance/adventure films.
2. Minimalist portrait lacks user's favored visually striking landscapes and symbolic imagery.
3. Political leadership narrative doesn't align with user's interest in personal relationship stories.

【Short-term Misalignment】
1. Historical political content misses user's current focus on moral dilemmas and human nature explorations.
2. Serious political tone contrasts with user's interest in nostalgic, melancholic atmospheric stories.
3. Biographical approach lacks the perspective-challenging elements user currently seeks.

【Preference Dynamics】
1. Non-click reflects user's stable preference for character-driven stories over historical biographies.
2. Shows user's selective exploration, avoiding political topics despite willingness to try new themes."
510,858,1,"[ANS] yes
[REASON]
【Long-term Alignment】
1. Matches classic film interest as ""The Godfather"" (1972) is a renowned cinematic classic.
2. Aligns with action/adventure preference through its crime family power struggles and violent confrontations.
3. Directly corresponds to ""The Godfather"" being explicitly mentioned in user's long-term interests.

【Short-term Alignment】
1. Fits recent 1960s-1970s film interest as it was released in 1972.
2. Continues exploration of films from earlier decades as indicated in preference dynamics.
3. Reinforces the user's current focus on iconic films from this specific era.

【Preference Dynamics】
1. Demonstrates active pursuit of recently added interests by selecting ""The Godfather"" directly from their updated list.
2. Shows deepening exploration of classic cinema beyond surface-level familiarity."
510,3681,0,"[ANS] no
[REASON]
【Long-term Misalignment】
1. User prefers narrative-driven classics like The Godfather over spaghetti westerns.
2. The Usual Suspects features complex crime plots, unlike straightforward western revenge stories.
3. User's action interests lean toward ensemble adventures rather than lone gunman narratives.

【Short-term Misalignment】
1. User's recent 1960s interest focuses on war/prison films (The Great Escape), not westerns.
2. No evidence of recent engagement with Sergio Leone's specific directorial style.
3. Current exploration centers on American cinema rather than Italian-produced westerns.

【Preference Dynamics】
1. Non-click confirms user's stable preference for character-driven dramas over genre pieces.
2. Shows consistent avoidance of standalone westerns despite broader classic film interest."
428,7439,1,"[ANS] yes
[REASON]
【Long-term Alignment】
1. Dark, moody visual aesthetic with shadowy figure matches user's preference for atmospheric settings.
2. Central skull motif and obscured protagonist align with user's interest in complex, thought-provoking themes.
3. Sci-fi elements in weapon design and glowing skull resonate with user's futuristic theme interests.

【Short-term Alignment】
1. Gun-wielding protagonist and intense imagery directly match user's recent action film interest.
2. Stylized cover with dramatic skull silhouette follows user's attraction to unique visual designs.
3. Memorable anti-hero character presentation aligns with user's current focus on impactful characters.

【Preference Dynamics】
1. Click demonstrates continued exploration within action genre while maintaining core interest in dark aesthetics.
2. Selection shows consistent pattern of trying established franchises while preferring stylized presentations."
428,7243,0,"[ANS] no
[REASON]
【Long-term Misalignment】
- Lacks sci-fi or futuristic elements present in user's core interests.
- Absence of dark, atmospheric settings characteristic of user's preferences.
- Missing complex, thought-provoking themes found in user's preferred content.

【Short-term Misalignment】
- No action-packed or intense elements unlike recent ""Punisher"" viewing.
- Cover lacks unique stylization that attracted user to recent selections.
- Historical drama setting contrasts with user's current action film focus.

【Preference Dynamics】
- User maintains preference stability despite exploratory pattern.
- Silent film era content falls outside user's current genre exploration scope."
456,1167,1,"[ANS] yes
[REASON]
【Long-term Alignment】
1. Film released in 1996 aligns with user's continued preference for 1990s films
2. Dramatic cover composition matches user's interest in visually striking imagery
3. Bold red typography and intense theme appeal to user's action/drama preferences

【Short-term Alignment】
1. Title appears in user's recent interest list for fantasy/adventure exploration
2. Supernatural wing imagery connects to current fantasy genre interest
3. Intense visual style matches recent preference for suspenseful content

【Preference Dynamics】
1. Click demonstrates active exploration of fantasy genre mentioned in short-term interests
2. Selection shows willingness to try different genres while maintaining 1990s focus"
456,182749,0,"[ANS] no  
[REASON]  
【Long-term Misalignment】  
- The cover lacks bold colors, dynamic action scenes, or dramatic lighting typical of 1990s action/adventure films.  
- It features a modern 2017 comedic special, not aligning with the user's consistent preference for 1990s movies.  
- The graphic, promotional style does not emphasize suspense or adventure genres favored by the user.  

【Short-term Misalignment】  
- The content is a comedy special, lacking the intense action or suspense seen in recent interests like ""Scream"".  
- It does not explore fantasy or adventure themes, unlike the user's current engagement with titles like ""Dear God"".  
- The cover's focus on a single speaker contrasts with the user's attraction to films with strong narrative intensity.  

【Preference Dynamics】  
- The non-click reflects the user's stable disinterest in comedy, maintaining a focus on action and suspense genres.  
- It shows the user's avoidance of modern, non-fictional formats, preferring structured 1990s film narratives."
367,3797,1,"[ANS] yes
[REASON]
【Long-term Alignment】
1. Features ensemble cast dynamics common in action-adventure franchises.
2. Dark aesthetic aligns with mature thriller elements from 1990s cinema.
3. Group-focused narrative structure resembles iconic team-based films.

【Short-term Alignment】
1. Contemporary 2000s setting matches recent exploration of newer releases.
2. Mixed-gender cast composition relates to romantic comedy interest.
3. Title suggests social dynamics seen in character-driven adventures.

【Preference Dynamics】
1. Represents genre exploration beyond established classic film preferences.
2. Indicates willingness to try contemporary interpretations of group narratives."
367,2693,0,"[ANS] no
[REASON]
【Long-term Misalignment】
1. Documentary format differs from user's preference for action-adventure and fantasy narrative films.
2. Focus on Star Trek fandom rather than iconic action franchises like Mission: Impossible.
3. Lacks fast-paced action and thrilling plot elements characteristic of user's long-term interests.

【Short-term Misalignment】
1. Absence of romantic comedy elements present in user's recent interests.
2. Not an action-adventure film like Driven, which user currently favors.
3. Documentary style contrasts with narrative fantasy films like Jurassic Park III.

【Preference Dynamics】
1. User maintains genre consistency by avoiding documentary content outside their core interests.
2. Non-click reflects selective exploration limited to specific genres rather than broad content sampling."
92,54190,1,"[ANS] yes
[REASON]
【Long-term Alignment】
1. Film features nostalgic 1960s aesthetic aligning with user's retro preferences.
2. Musical format connects to user's established Disney movie interest.
3. Period setting (2007 film about 1960s) matches classic film appreciation.

【Short-term Alignment】
1. Strong character-driven narrative fits recent pattern of character-focused films.
2. Romantic drama elements complement recent emotional film selections.
3. Adventure themes align with recent viewing of exploratory stories.

【Preference Dynamics】
1. Click demonstrates willingness to explore musical genre beyond previous viewing history.
2. Selection shows interest in modern interpretations of historical periods."
92,4801,0,"[ANS] no
[REASON]
【Long-term Misalignment】
1. Not a Disney film, unlike user's consistent Disney movie interest.
2. Lacks adventure/fantasy elements present in user's classic film preferences.
3. Serious drama tone differs from user's nostalgic, family-friendly classic preferences.

【Short-term Misalignment】
1. No character-driven coming-of-age narrative unlike recent Matilda viewing.
2. Lacks adventure/exploration themes present in recent Seven Years in Tibet.
3. Absent fantasy elements contrasting with recent The Secret of NIMH.

【Preference Dynamics】
1. User maintains preference for films with clear adventure/fantasy elements.
2. Shows selective exploration, avoiding serious dramas without genre crossover elements."
340,589,1,"[ANS] yes
[REASON]
【Long-term Alignment】
1. Features intense action sequences with hero-villain dynamics and dramatic survival plotlines.
2. Contains advanced technology and science fiction elements central to the narrative.
3. Explores themes of sacrifice, redemption, and character transformation through moral dilemmas.

【Short-term Alignment】
1. Released in 1991, aligning perfectly with the user's current 1990s movie fascination.
2. Showcases iconic villain (T-1000) and memorable characters characteristic of 1990s cinema.
3. Represents nostalgic classic film from the action/sci-fi genre highlighted in recent preferences.

【Preference Dynamics】
1. Demonstrates stable interest in action/sci-fi while exploring specific nostalgic era content.
2. Shows exploratory behavior within familiar genres rather than venturing into completely new territory."
340,111785,0,"[ANS] no
[REASON]
【Long-term Misalignment】
1. Features fantasy dragon mythology rather than preferred sci-fi space exploration.
2. Lacks complex character moral dilemmas or redemption themes.
3. Medieval fantasy setting contrasts with preferred advanced technology narratives.

【Short-term Misalignment】
1. Released in 2009, not matching current 1990s nostalgia focus.
2. Video game format differs from preferred movie content.
3. Medieval fantasy genre contrasts with recent action/sci-fi 1990s films.

【Preference Dynamics】
1. Shows user maintains genre boundaries despite exploratory pattern.
2. Indicates stable disinterest in medieval fantasy despite novelty seeking."
346,357,1,"[ANS] yes
[REASON]
【Long-term Alignment】
1. Film features complex character-driven storytelling through evolving romantic relationships.
2. Atmospheric wedding settings provide mood-rich environments similar to the user's preferences.
3. British independent film style aligns with art-house and classic cinema interests.

【Short-term Alignment】
1. Strong character focus matches recent interest in relationship-driven narratives.
2. Film's blend of humor and emotional depth reflects complex storytelling preference.
3. Ensemble cast dynamics align with interest in character relationship studies.

【Preference Dynamics】
1. Click represents exploration beyond dark themes while maintaining character-driven focus.
2. Selection shows oscillation toward lighter atmospheric settings within familiar independent film genre."
346,48520,0,"[ANS] no  
[REASON]  
【Long-term Misalignment】  
- The cover's playful, comedic tone contrasts with the user's preference for dark, atmospheric settings and complex themes.  
- It lacks the psychological depth and character-driven narratives typical of art-house or film noir genres.  
- Visual style is bright and simplistic, not aligning with German expressionism or moody aesthetics.  

【Short-term Misalignment】  
- Absence of horror, suspense, or dark visuals seen in the user's recent interests like ""Psycho"" or ""Carnival of Souls"".  
- Focus on lighthearted comedy diverges from the user's current engagement with complex storytelling and character relationships.  

【Preference Dynamics】  
- Non-click reflects the user's stable avoidance of non-atmospheric, comedic content outside their core interests.  
- Indicates continued prioritization of darker, classic genres over exploring unrelated new themes."
242,432,1,"[ANS] yes
[REASON]
【Long-term Alignment】
1. Cover suggests action-adventure elements matching user's preference for intense films.
2. Vibrant color palette and striking composition align with user's visual style preference.
3. Western adventure theme provides potential for dramatic scenes and character development.

【Short-term Alignment】
1. 1994 release date fits user's current interest in 1993-1995 films.
2. Adventure narrative creates sense of urgency matching user's danger preference.
3. Ensemble cast suggests focus on human relationships as seen in recent watches.

【Preference Dynamics】
1. Represents shift from darker thrillers to comedic adventure showing genre exploration.
2. Maintains 1990s cultural context while exploring different thematic territory."
242,5657,0,"[ANS] no  
[REASON]  
【Long-term Misalignment】  
- Cover lacks action or suspense cues, focusing on a psychedelic aesthetic instead of intense drama.  
- Visual style leans toward colorful abstraction, not the bold, striking imagery seen in their preferred films.  
- Characters appear static, lacking the morally ambiguous complexity typical of their chosen movies.  

【Short-term Misalignment】  
- Release year (1990) falls outside their current 1993–1995 film interest window.  
- Cover suggests a comedic or lighthearted tone, contrasting with their recent focus on urgency and danger.  
- No clear emphasis on human relationships or atmospheric depth, unlike their recent viewed titles.  

【Preference Dynamics】  
- Non-click reflects their stable preference for 1990s films within a narrow timeframe (1993–1995).  
- Indicates limited novelty-seeking for genres or styles deviating from their action-thriller and drama interests."
14,383,1,"[ANS] yes
[REASON]
【Long-term Alignment】
1. Film features strong dramatic narrative and complex character development matching user's preference.
2. Historical western setting aligns with user's established interest in period films.
3. Contains action elements consistent with user's long-term action film preference.

【Short-term Alignment】
1. Directly matches user's current western genre exploration as indicated in preferences.
2. Focuses on strong character portrayal of Wyatt Earp as recent interest.
3. Western theme with action elements aligns with user's immediate viewing trend.

【Preference Dynamics】
1. Click demonstrates active exploration of western genre, a newly emerging interest.
2. Shows user expanding from general historical films to specific western subgenre."
14,3064,0,"[ANS] no
[REASON]
【Long-term Misalignment】
1. Film lacks historical/period setting elements present in user's preferred genres.
2. Focus appears to be thriller/erotic drama rather than action or romance narratives.
3. Character complexity seems limited to seduction tropes rather than narrative depth.

【Short-term Misalignment】
1. No western genre elements present compared to user's current Wyatt Earp interest.
2. Missing the strong action focus characteristic of user's recent preferences.
3. Lacks the masculine frontier themes central to western exploration.

【Preference Dynamics】
1. User's genre exploration is specifically western-focused, not general thriller expansion.
2. Non-click demonstrates selective interest in new genres rather than broad experimentation."
316,5679,1,"[ANS] yes
[REASON]
【Long-term Alignment】
1. Film explores psychological themes through characters confronting supernatural phenomena.
2. Complex character development as protagonist investigates the cursed videotape mystery.
3. Dark visual aesthetic creates emotional intensity matching user's preference for psychological depth.

【Short-term Alignment】
1. Cover features striking minimalist visuals with bold typography against dark background.
2. Film blends mystery and psychological drama elements user currently explores.
3. Non-linear narrative structure with cursed videotape reveals matches unconventional storytelling interest.

【Preference Dynamics】
1. Click demonstrates exploration beyond 1990s films while maintaining psychological theme preference.
2. Dark aesthetic represents visual experimentation while retaining emotional depth focus."
316,109241,0,"[ANS] no
[REASON]
【Long-term Misalignment】
- Film is from 2012, not the 1990s era the user prefers.
- Cover lacks vibrant colors, using muted dark/light tones instead.
- Focus appears comedic/action-oriented, not psychological or emotional depth.

【Short-term Misalignment】
- Visual style shows conventional buddy comedy, not striking or bold aesthetics.
- No indication of mystery, romance, or complex narrative elements.
- Typography and composition are standard, not unique or attention-grabbing.

【Preference Dynamics】
- User prioritizes familiar 1990s films over contemporary explorations.
- Muted color scheme fails to meet their aesthetic-driven selection criteria."
388,5218,1,"[ANS] yes
[REASON]
【Long-term Alignment】
1. Matches fondness for animated films with its fully animated animal characters.
2. Features light-hearted, family-friendly content without dark themes.
3. Emphasizes visual storytelling through vibrant cover art and character expressions.

【Short-term Alignment】
1. Aligns with current interest in early 2000s animated films (2002 release).
2. Contains adventure/exploration elements suggested by snowy mountain setting.
3. Strong visual focus evident in detailed character designs and colorful composition.

【Preference Dynamics】
1. Demonstrates stable preference continuation within animated film genre.
2. Shows slight novelty seeking through different animal-focused storyline."
388,74750,0,"[ANS] no
[REASON]
【Long-term Misalignment】
1. Horror genre conflicts with user's established preference for light-hearted, family-friendly animated films.
2. Dark, tense atmosphere contrasts with user's consistent avoidance of mature themes.
3. Found footage horror format differs from user's preference for traditional storytelling approaches.

【Short-term Misalignment】
1. Horror content directly opposes user's current focus on early 2000s animated films.
2. Eerie visual style contrasts with user's recent preference for bright, adventurous animation.
3. Suspenseful tone differs from user's current interest in cheerful exploration narratives.

【Preference Dynamics】
1. Non-click demonstrates user's stable disinterest in horror/thriller genres despite novelty availability.
2. Consistent avoidance of dark themes reinforces user's established preference boundaries."
274,86911,1,"[ANS] yes
[REASON]
【Long-term Alignment】
1. Features dark humor exploring mature themes through chaotic situations and character flaws.
2. Presents complex character dynamics and moral ambiguity during extreme circumstances.
3. Uses bold color contrasts and striking character compositions creating visual tension.

【Short-term Alignment】
1. Delivers action-adventure elements with unexpected plot turns and chaotic scenarios.
2. Contains dark humor and social commentary through outrageous situations.
3. Creates suspenseful atmosphere through mysterious circumstances and character predicaments.

【Preference Dynamics】
1. Shows exploration into comedy genre while maintaining dark thematic elements.
2. Demonstrates moderate stability by selecting familiar intensity in new genre context."
274,113532,0,"[ANS] no
[REASON]
【Long-term Misalignment】
1. Cover shows bright, casual beach setting lacking dark, gritty themes or intense visual tension.
2. Characters appear as ordinary young men without moral ambiguity or psychological complexity.
3. Absence of horror/thriller elements or dark humor contradicts solidified genre preferences.

【Short-term Misalignment】
1. No indication of action, suspense, or plot twists in the beach scene imagery.
2. Missing elements of intense visuals and suspenseful atmospheres preferred in current viewing.
3. Lighthearted setting contrasts with mature themes and complex issues currently appealing.

【Preference Dynamics】
1. Non-click demonstrates stable avoidance of content outside established dark, intense thematic preferences.
2. Consistent rejection of lighthearted material shows limited exploration in comedy genres."
167,720,1,"[ANS] yes
[REASON]
【Long-term Alignment】
1. Features anthropomorphic characters (Gromit the dog) matching their animated film preference.
2. Classic fantasy/adventure genre aligns with their consistent genre interests.
3. Vibrant colorful cover with bold typography appeals to their artistic aesthetic.

【Short-term Alignment】
1. Directly matches their current interest in Wallace & Gromit franchise content.
2. Adventure-focused animation fits their recent action-adventure comedy preferences.
3. 1996 release falls within their 2000s-era nostalgia focus timeframe.

【Preference Dynamics】
1. Demonstrates their exploration of established franchises beyond recent discoveries.
2. Shows consistent engagement with nostalgic content while maintaining character-focused interests."
167,41716,0,"[ANS] no
[REASON]
【Long-term Misalignment】
1. Lacks action, fantasy, or sci-fi elements present in user's preferred genres.
2. Missing iconic characters or anthropomorphic figures typical of user's interests.
3. Visual style doesn't align with user's preference for visually striking fantasy/sci-fi covers.

【Short-term Misalignment】
1. Not part of 2000s action-comedy-adventure hybrids user currently seeks.
2. Features unknown characters unlike Muppets, X-Men, or Harry Potter franchises.
3. Doesn't match user's current interest in established adventure franchises.

【Preference Dynamics】
1. User maintains stable preference for known franchises over unfamiliar properties.
2. Non-click reflects user's selective exploration limited to specific character universes."
605,533,1,"[ANS] yes
[REASON]
【Long-term Alignment】
1. Fantasy genre aligns with user's established interest in adventure and fantasy content.
2. 1994 release falls within user's classic movie preference timeframe.
3. Action-adventure elements match user's consistent adventure genre interest.

【Short-term Alignment】
1. 1990s fantasy film bridges user's recent interest in 2000s fantasy franchises.
2. Supernatural elements connect to user's current whimsical theme fascination.
3. Adventure components align with temporary focus on fantasy-adventure genres.

【Preference Dynamics】
1. Click demonstrates exploratory behavior toward 1990s fantasy bridging classic and modern eras.
2. Selection shows continued expansion within fantasy genre while maintaining nostalgic elements."
605,171011,0,"[ANS] no
[REASON]
【Long-term Misalignment】
1. Documentary nature differs from user's preference for fictional adventure/fantasy narratives.
2. Scientific realism contrasts with user's interest in nostalgic, lighthearted entertainment.
3. Lacks romantic or comedic elements present in user's established genre preferences.

【Short-term Misalignment】
1. Nature documentary diverges from recent interest in fantasy franchises like Harry Potter.
2. Educational content contrasts with current focus on whimsical, family-friendly narratives.
3. No connection to 2000s film releases that recently captured user's attention.

【Preference Dynamics】
1. Non-click confirms user's consistent preference for scripted entertainment over documentary formats.
2. Shows limited interest in expanding beyond established fantasy/adventure genres."
486,293,1,"[ANS] yes
[REASON]
【Long-term Alignment】
1. The film blends intense action sequences with deep character-driven drama about a hitman and a young girl.
2. It explores complex themes of morality and redemption through the protagonist's paternal relationship development.
3. Features high-stakes thriller elements with suspenseful plot progression and dramatic confrontations.

【Short-term Alignment】
1. The 1994 release date provides nostalgic retro appeal fitting current interest in classic films.
2. Complex layered storytelling with unexpected emotional turns between professional killer and orphan.
3. Blends brutal action sequences with deeply emotional character arcs and moral dilemmas.

【Preference Dynamics】
1. Combines familiar action-thriller framework with innovative character-driven relationship focus.
2. Maintains genre stability while exploring unconventional paternal bonding narrative."
486,6979,0,"[ANS] no
[REASON]
【Long-term Misalignment】
1. Lacks intense action sequences and dramatic suspense typical of user's preferred thrillers.
2. Focuses on computer gaming rather than human relationships and character development.
3. Missing adventure/exploration elements central to user's sci-fi preferences.

【Short-term Misalignment】
1. Computer game format differs from movie storytelling user currently seeks.
2. Gameplay focus contrasts with layered narrative and plot twists preference.
3. Digital interface theme lacks emotional character arcs user currently values.

【Preference Dynamics】
1. Gaming content falls outside user's established film-focused entertainment patterns.
2. Computer-based theme doesn't align with user's oscillation toward familiar movie genres."
596,2393,1,"[ANS] yes
[REASON]
【Long-term Alignment】
1. Directly matches science fiction interest through Star Trek franchise inclusion.
2. Features complex storytelling typical of Star Trek narrative structure.
3. Contains atmospheric space visuals with planetary and cosmic elements.

【Short-term Alignment】
1. Aligns with current suspense interest through implied catastrophic event/insurrection theme.
2. Matches visually striking preference with dramatic explosion and cosmic imagery.

【Preference Dynamics】
1. Demonstrates continued engagement with Star Trek universe across different installments.
2. Shows preference for familiar franchises while exploring specific thematic variations."
596,60943,0,"[ANS] no
[REASON]
【Long-term Misalignment】
1. Lacks science fiction, fantasy, or Japanese animation elements present in user's core interests.
2. Missing LGBTQ+ themes and representation evident in user's preferred content.
3. Realistic winter setting contrasts with atmospheric visuals from films like Blade Runner.

【Short-term Misalignment】
1. Absent thriller/suspense elements seen in recent watches like American Psycho.
2. Visual aesthetic lacks striking atmosphere found in Desert Hearts and Dark City.

【Preference Dynamics】
1. Non-click reflects user's consistent avoidance of realistic contemporary dramas.
2. Shows maintained preference for genre films over grounded human stories."
506,56367,1,"[ANS] yes
[REASON]
【Long-term Alignment】
1. Features a strong female lead character navigating complex teenage relationships.
2. Contains romantic comedy/drama elements similar to user's preferred genres.
3. Represents 2000s teen cinema evolution from 1990s films in user's history.

【Short-term Alignment】
1. Continues user's recent focus on teen movies with prominent female protagonists.
2. Offers edgy themes (unplanned pregnancy) similar to dark elements in ""Cruel Intentions"".
3. Presents distinctive, memorable cover art with vibrant colors and striking character poses.

【Preference Dynamics】
1. Shows exploration beyond 1990s era while maintaining core interest in teen dramas.
2. Indicates willingness to engage with different decades of coming-of-age storytelling."
506,1969,0,"[ANS] no
[REASON]
【Long-term Misalignment】
1. Horror genre conflicts with user's preference for romantic dramas/comedies.
2. 1985 release date falls outside user's preferred 1990s film era.
3. Dark horror themes lack the teen movie charm present in user's favorites.

【Short-term Misalignment】
1. Horror elements contrast with recent focus on romantic teen narratives.
2. Distressed female character differs from strong female leads in watch history.
3. Dark horror visuals don't match iconic 90s aesthetic preferences.

【Preference Dynamics】
1. Non-click demonstrates user's stable preference for 1990s teen genres.
2. Shows limited interest in exploring unrelated horror themes despite novelty potential."
244,1785,1,"[ANS] yes
[REASON]
【Long-term Alignment】
1. Belongs to crime thriller genre with suspenseful narrative elements.
2. Features dramatic urban imagery with striking nighttime cityscape visuals.
3. Contains intense character-driven drama and criminal underworld themes.

【Short-term Alignment】
1. Direct match with user's recent viewing of ""King of New York"".
2. Continues current focus on intense, action-packed crime films.
3. Maintains exploration of dramatic, high-tension storytelling.

【Preference Dynamics】
1. Reinforces growing preference for visually striking, moody atmospheric content.
2. Demonstrates active pursuit of intense dramatic imagery through crime genre."
244,4619,0,"[ANS] no  
[REASON]  
【Long-term Misalignment】  
1. The cover's comedic monster theme lacks action, thriller, or suspense elements central to user's stable genres.  
2. Absence of historical, biographical, or period drama cues conflicts with user's enduring interest in realistic narratives.  
3. Bright, cartoonish visuals do not align with the user's preference for visually striking and dramatic imagery.  

【Short-term Misalignment】  
1. No intense or action-packed scenes are suggested, unlike recent focuses such as ""G.I. Jane"" or ""King of New York"".  
2. The playful monster design fails to match the user's current exploration of intense and dramatic imagery.  

【Preference Dynamics】  
1. Non-click reflects stable disinterest in non-action or non-visually intense content outside core genres.  
2. Highlights user's temporary focus on mature, high-stakes themes over lighthearted or fantastical elements."
568,593,1,"[ANS] yes
[REASON]
【Long-term Alignment】
1. Film released in 1991 aligns with user's preference for movies from 1950s-1990s era.
2. Crime/thriller genre matches user's established interest in dramatic, intense films.
3. Vintage 1991 movie poster maintains nostalgic aesthetic user consistently prefers.

【Short-term Alignment】
1. Complex psychological plot with unexpected twists matches recent interest in intricate storytelling.
2. Strong character development between Clarice and Lecter aligns with current focus on emotional depth.
3. Striking visual contrast in cover art satisfies recent attraction to vivid, atmospheric imagery.

【Preference Dynamics】
1. Click demonstrates user's ongoing shift toward more intense, psychologically complex dramatic films.
2. Selection shows exploration within core thriller genre while maintaining classic film foundation."
568,6809,0,"[ANS] no  
[REASON]  
【Long-term Misalignment】  
- The 1984 film is too recent compared to their preference for 1950s–1990s classics.  
- Cover's bold red/black modern aesthetic lacks the nostalgic, vintage poster style they favor.  
- Focus on a single intense face differs from their interest in crime/mystery ensemble narratives.  

【Short-term Misalignment】  
- Cover emphasizes visual intensity over clear storytelling or character depth cues.  
- Minimal background elements provide little insight into plot complexity or emotional resonance.  
- Urgency theme (clock) may not align with their recent focus on atmospheric, vivid settings.  

【Preference Dynamics】  
- Non-click reflects their consistent return to older films rather than 1980s thrillers.  
- Avoidance indicates stable preference for emotional depth over purely dramatic visuals."
564,128520,1,"[ANS] yes
[REASON]
【Long-term Alignment】
1. Comedy elements align with user's strong interest in light-hearted movies like Anchorman.
2. Focus on relationships matches user's appreciation for character-driven stories.
3. Wedding theme connects to romantic comedy preferences seen in Love Actually.

【Short-term Alignment】
1. Ensemble cast dynamic resembles recent interest in group comedies like Dodgeball.
2. Comedic tone continues user's current focus on humorous content.
3. Social dynamics theme relates to recent coming-of-age movie interests.

【Preference Dynamics】
1. Click demonstrates user's genre exploration within familiar comedy framework.
2. Selection shows willingness to try newer films while maintaining nostalgic comedy style."
564,6252,0,"[ANS] no  
[REASON]  
【Long-term Misalignment】  
- The cover's focus on a flight attendant career lacks the nostalgic/retro themes seen in ""Back to the Future"" or ""Groundhog Day"".  
- It emphasizes a personal journey rather than the tight-knit group dynamics central to ""The Breakfast Club"" or ""Meet the Parents"".  
- The airport setting and uniformed background characters do not reflect the user's strong preference for romantic comedies like ""Love Actually"".  

【Short-term Misalignment】  
- The video's premise does not align with the user's recent interest in sports-themed comedies such as ""Dodgeball"".  
- It lacks the coming-of-age or identity exploration themes present in ""Mean Girls"" or ""EuroTrip"".  
- The cover's cheerful, individual-focused tone contrasts with the ensemble-driven humor in recent clicks like ""Harold and Kumar"".  

【Preference Dynamics】  
- The user's avoidance reflects their stable preference for group-centric comedies over stories centered on one character's career path.  
- It shows their consistent disinterest in professional or occupational themes, favoring nostalgic or relationship-driven narratives instead."
190,81834,1,"[ANS] yes
[REASON]
【Long-term Alignment】
1. Complex plot with moral ambiguity as characters face difficult survival choices.
2. Dark thriller elements with high-stakes storytelling and character development.
3. Thought-provoking themes about sacrifice, loyalty, and confronting darkness.

【Short-term Alignment】
1. Strong fantasy adventure elements with magical world exploration.
2. Memorable character trio with witty dialogue and interpersonal dynamics.
3. Mix of action sequences with emotional and humorous moments.

【Preference Dynamics】
1. Explores fantasy genre while maintaining dramatic thriller foundations.
2. Combines familiar character depth with new magical adventure elements."
190,33158,0,"[ANS] no
[REASON]
【Long-term Misalignment】
1. Lacks the complex character development central to user's drama/thriller preferences.
2. Missing moral ambiguity and thought-provoking themes user consistently values.
3. Visual chaos prioritizes spectacle over nuanced storytelling user prefers.

【Short-term Misalignment】
1. No fantasy elements or witty dialogue seen in user's recent ""Mean Girls"" interest.
2. Absent humor and memorable character focus present in ""Good Bye, Lenin!"" preference.
3. Action style differs from documentary/comedy blend in ""Super Size Me"" engagement.

【Preference Dynamics】
1. Non-click reflects user's selective novelty-seeking, avoiding pure action without depth.
2. Shows preference stability by rejecting content lacking character-driven narratives."
477,71535,1,"[ANS] yes
[REASON]
【Long-term Alignment】
1. Zombieland's 2009 release bridges nostalgia with modern filmmaking, appealing to retro interest.
2. Post-apocalyptic setting aligns with futuristic/space interest through dystopian world-building.
3. Blends sci-fi horror with adventure genre elements from classic film preferences.

【Short-term Alignment】
1. Dark comedic tone matches recent suspenseful film interests like The Thing.
2. Ruined cityscape provides strong atmospheric setting similar to Waterworld.
3. Quirky character dynamics align with offbeat film appeal from recent watches.

【Preference Dynamics】
1. Click shows exploration of modern films while maintaining classic genre interests.
2. Represents branching into horror-comedy while retaining sci-fi/fantasy elements."
477,145080,0,"[ANS] no
[REASON]
【Long-term Misalignment】
1. Gothic horror aesthetic contrasts with user's preference for sci-fi/fantasy adventure and nostalgic 80s-90s films.
2. Animation style appears dark and eerie rather than comforting or quirky storytelling.
3. Lacks the space/futuristic settings or historical vintage aesthetics the user consistently enjoys.

【Short-term Misalignment】
1. Dark horror tone differs from recent suspense films which maintain adventure/sci-fi elements.
2. Gothic imagery doesn't align with emerging interest in atmospheric water or vintage Hollywood settings.
3. Eerie collage style lacks the quirky, offbeat charm of recent watched films.

【Preference Dynamics】
1. Non-click reflects user's stable preference for familiar genres over experimental horror anthologies.
2. Shows consistent avoidance of purely horror-themed content despite exploring dark tones."
512,474,1,"[ANS] yes
[REASON]
【Long-term Alignment】
1. Film features dramatic intensity matching user's preference for films like ""Ghost"" and ""Schindler's List"".
2. Contains action/suspense elements aligning with user's strong interest in action movies.
3. Complex character narrative evident from protagonist's portrayal matches user's appreciation for layered stories.

【Short-term Alignment】
1. Release year 1993 directly fits user's current focus on 1990-1995 films.
2. Combines dramatic intensity with romantic elements seen in user's recent ""Pretty Woman"" interest.
3. Historical/political context aligns with user's emerging interest in historical dramas.

【Preference Dynamics】
1. Click demonstrates user's exploration of romantic-drama elements within suspense/action framework.
2. Shows maintained interest in 90s films while blending multiple preferred genres in one selection."
512,373,0,"[ANS] no
[REASON]
【Long-term Misalignment】
1. The cover suggests a crime thriller, lacking the epic scale of user's preferred action films like ""Rob Roy"".
2. Missing the historical gravitas and dramatic intensity of films like ""Schindler's List"".
3. Characters appear more conventional compared to complex narratives in ""Twelve Monkeys"".

【Short-term Misalignment】
1. 1992 release falls outside user's current 1990-1995 focus period.
2. Visual tone lacks romantic elements present in recent interests like ""Pretty Woman"".
3. Western crime setting doesn't align with growing historical drama interest.

【Preference Dynamics】
1. Non-click confirms user's stable preference for established genres over new thriller directions.
2. Shows limited interest in expanding beyond current action-drama-romance combination."
59,2352,1,"[ANS] yes
[REASON]
【Long-term Alignment】
1. Features complex character relationships typical of psychological dramas.
2. Explores themes of friendship and mortality through emotional interactions.
3. Maintains consistent interest in character-driven narratives with depth.

【Short-term Alignment】
1. Directly matches temporary interest in complex character interactions from recent viewing history.
2. Vintage 1983 release aligns with new interest in retro aesthetics.
3. Group dynamics reflect current focus on dramatic interpersonal relationships.

【Preference Dynamics】
1. Demonstrates exploration within familiar psychological drama genre through different era.
2. Shows active pursuit of newly developed retro aesthetic interest."
59,324,0,"[ANS] no
[REASON]
【Long-term Misalignment】
1. Lacks action sequences, suspenseful plots, or survival themes central to user's core preferences.
2. Absent dark, moody atmosphere or danger backdrop characteristic of user's favored settings.
3. Missing psychological thriller elements and complex character dynamics seen in historical interests.

【Short-term Misalignment】
1. Lacks dramatic intensity in character interactions compared to recent ""The Big Chill"" engagement.
2. Missing vintage/retro aesthetic present in user's current ""Mask"" and ""Modern Times"" interests.

【Preference Dynamics】
1. Non-click demonstrates user's stable avoidance of content lacking action/thriller elements.
2. Shows limited exploration beyond established genre boundaries despite short-term aesthetic interests."
476,313,1,"[ANS] yes
[REASON]
【Long-term Alignment】
1. Released in 1994, aligning with user's strong interest in 1990s films.
2. Fantasy genre matches user's long-term preference for fantasy movies.
3. Vibrant colorful cover with character illustrations appeals to user's visual preferences.

【Short-term Alignment】
1. Animated fairy tale features central princess-prince romance matching recent relationship interest.
2. Fantasy adventure narrative with exploration elements aligns with recent adventure film preferences.

【Preference Dynamics】
1. Clicking animated film shows exploration beyond typical live-action movie preferences.
2. Selection demonstrates willingness to engage with family-friendly fantasy alongside recent adult dramas."
476,160563,0,"[ANS] no
[REASON]
【Long-term Misalignment】
1. Released in 2016, not matching user's strong preference for 1990s films.
2. Focus on jungle action/adventure differs from preferred drama and fantasy genres.
3. Dark jungle aesthetic contrasts with user's preference for colorful, visually appealing covers.

【Short-term Misalignment】
1. Lacks the relationship/romance focus seen in recent interests like ""Sleepless in Seattle"".
2. Adventure theme is more action-oriented than exploration-focused films like ""The Secret Garden"".

【Preference Dynamics】
1. Non-click reflects user's stable preference for 1990s films over modern releases.
2. Shows limited interest in action-oriented adventure despite recent exploration of adventure themes."
562,2580,1,"[ANS] yes
[REASON]
【Long-term Alignment】
1. Atmospheric cover with bold yellow/red colors and dramatic lighting aligns with visual preference.
2. Suspenseful thriller elements in ""Go"" match psychological thriller interest.
3. Youth culture and nightlife setting provides contemporary edge similar to ""Training Day"".

【Short-term Alignment】
1. Young adult ensemble cast directly addresses emerging coming-of-age interest.
2. Interconnected relationship stories align with new focus on human connections.
3. Character-driven narrative explores self-discovery through chaotic night adventures.

【Preference Dynamics】
1. Click shows balanced exploration by combining thriller elements with coming-of-age themes.
2. Selection bridges established suspense preference with newer relationship-focused interests."
562,6951,0,"[ANS] no
[REASON]
【Long-term Misalignment】
1. Lacks psychological thriller or suspense elements present in preferred films.
2. Absence of sci-fi/futuristic themes unlike ""Total Recall"" or ""A Bug's Life"".
3. Cartoonish aesthetic contrasts with preference for dramatic, atmospheric visuals.

【Short-term Misalignment】
1. No coming-of-age or self-discovery themes seen in recent interests.
2. Missing romantic comedy or relationship focus present in current preferences.

【Preference Dynamics】
1. Non-click reflects user's selective exploration despite adaptive pattern.
2. Indicates clear boundary against children's content despite emerging interests."
253,55442,1,"[ANS] yes
[REASON]
【Long-term Alignment】
1. French-language animated film based on Marjane Satrapi's graphic novel about her childhood in Iran.
2. Strong female protagonist navigating political and personal challenges throughout the narrative.
3. European co-production (France) with distinctive artistic style and storytelling approach.

【Short-term Alignment】
1. Film contains dramatic themes of revolution, war, and cultural displacement with intense emotional weight.
2. Striking black-and-white visual style creates powerful atmospheric storytelling and memorable imagery.
3. Unique animation approach provides visually striking alternative to conventional filmmaking techniques.

【Preference Dynamics】
1. Represents exploration of animated format while maintaining sophisticated, intense thematic content.
2. Blends European cinema tradition with contemporary visual storytelling and dramatic intensity."
253,4300,0,"[ANS] no  
[REASON]  
【Long-term Misalignment】  
- Not a classic or vintage film; it is a 2000s contemporary drama.  
- Lacks French/European cinema context; focuses on American social activism.  
- No indication of unique storyline or strong female protagonist from cover.  

【Short-term Misalignment】  
- Cover suggests social realism, not intense drama like ""City of God"".  
- Visuals are mural-based protest art, not atmospheric or striking landscapes.  
- Theme centers on activism, unlike the dramatic criminal underworlds recently viewed.  

【Preference Dynamics】  
- User maintains stable interest in classics over modern social issue films.  
- Non-click shows limited engagement with non-visually immersive contemporary topics."
22,4903,1,"[ANS] yes
[REASON]
【Long-term Alignment】
1. Film is a drama thriller focusing on complex parental grief and revenge storyline.
2. Features strong female protagonist navigating emotional trauma and moral decisions.
3. Contains visually striking intimate cinematography matching artistic film preferences.

【Short-term Alignment】
1. Independent film features unique artistic composition through fragmented photographic collage style.
2. Story explores intimate human relationships aligning with international character-focused themes.

【Preference Dynamics】
1. Click demonstrates exploratory interest in independent drama beyond mainstream action films.
2. Selection bridges stable drama interest with newer artistic stylistic preferences."
22,2278,0,"[ANS] no
[REASON]
【Long-term Misalignment】
1. Focuses on male protagonist rather than strong female lead.
2. Lacks complex character development suggested by gun-focused imagery.
3. Visual style emphasizes generic action over striking cinematography.

【Short-term Misalignment】
1. Missing international themes suggested by American/European setting.
2. No indication of unique art style in conventional action presentation.
3. Absence of cultural exploration present in recent preferences.

【Preference Dynamics】
1. Avoids action films without distinctive artistic or thematic elements.
2. Maintains selective engagement despite exploratory viewing patterns."
314,260,1,"[ANS] yes
[REASON]
【Long-term Alignment】
1. Blends science fiction and adventure themes with dramatic character relationships.
2. Features visual storytelling through iconic space battles and alien worlds.
3. Presents complex character dynamics like mentor-apprentice and rebellion-leader relationships.

【Short-term Alignment】
1. Movie poster's dramatic space imagery and character poses emphasize adventure and action.
2. Film holds significant historical importance in cinema and pop culture.
3. Visual presentation creates strong emotional resonance through epic scale and nostalgia.

【Preference Dynamics】
1. Click demonstrates exploration beyond traditional historical dramas into space adventure.
2. Shows increased emphasis on visual spectacle while maintaining character-driven narrative interest."
314,168846,0,"[ANS] no
[REASON]
【Long-term Misalignment】
1. Content is stand-up comedy special, lacking drama/romance/sci-fi themes.
2. No historical or period drama elements present.
3. Not based on classic literature or featuring complex character relationships.

【Short-term Misalignment】
1. Cover lacks adventure/action visual elements user currently seeks.
2. Modern comedy format doesn't align with emotional/historical resonance preference.
3. Visual style emphasizes comedy performance rather than cinematic storytelling.

【Preference Dynamics】
1. Non-click shows user maintains strong genre boundaries despite visual interest.
2. Demonstrates consistent preference for narrative fiction over documentary/comedy formats."
461,1213,1,"[ANS] yes
[REASON]
【Long-term Alignment】
1. Features complex character development through its gangster protagonist's rise and fall.
2. Represents a classic 1990s film with timeless storytelling elements.
3. Contains dramatic narrative structure with emotional depth and moral complexity.

【Short-term Alignment】
1. Explores intricate human relationships within criminal organizations and families.
2. Set in mid-20th century America, providing nostalgic period atmosphere.
3. Blends dramatic intensity with dark comedic elements throughout the narrative.

【Preference Dynamics】
1. Expands from traditional dramas into crime genre while maintaining character focus.
2. Explores morally complex themes beyond typical dramatic or romantic stories."
461,8529,0,"[ANS] no
[REASON]
【Long-term Misalignment】
1. Lacks emotional storytelling depth characteristic of user's preferred dramas.
2. Missing complex character development seen in user's favorite films.
3. Modern setting contrasts with user's preference for classic, timeless stories.

【Short-term Misalignment】
1. Airport setting lacks nostalgic or period elements user recently enjoyed.
2. Focus on situational comedy differs from relationship-centered stories user prefers.
3. Visual tone appears lighter than user's recent dramatic-romantic blend choices.

【Preference Dynamics】
1. Consistent avoidance of modern comedy-focused narratives shows stable preference pattern.
2. Airport setting represents unfamiliar theme user isn't currently exploring."
161,3751,1,"[ANS] yes
[REASON]
【Long-term Alignment】
1. Classic animated film from 2000 matching user's established interest in classic films.
2. Whimsical cartoonish animation style aligns with user's preference for animated films.
3. Culturally significant British stop-motion film fits user's interest in historically notable films.

【Short-term Alignment】
1. British-made animated comedy directly matches user's recent interest in British films.
2. Character-driven storytelling with distinct chicken personalities fits user's current focus.

【Preference Dynamics】
1. Reinforces existing preferences without significant deviation, showing preference stability.
2. Confirms user's consistent pattern of selecting character-driven animated classics."
161,127212,0,"[ANS] no
[REASON]
【Long-term Misalignment】
1. Film is a psychological drama, not an animated or whimsical production.
2. Content focuses on dark psychological experiment, not classic or culturally significant films.
3. Visual style is realistic and somber, contrasting with cartoonish animation preferences.

【Short-term Misalignment】
1. Film is American-made, not British-produced like recent interests.
2. Focus is on psychological tension rather than character-driven storytelling.
3. Genre is psychological thriller, not animated comedy.

【Preference Dynamics】
1. Non-click demonstrates user's stable preference for lighthearted animated content.
2. Shows limited interest in exploring dark psychological themes or realistic dramas."
277,836,1,"[ANS] yes
[REASON]
【Long-term Alignment】
1. Features dramatic suspense elements consistent with user's interest in thrillers like Chain Reaction from their watchlist.
2. Contains sci-fi themes through its futuristic setting and technological premise.
3. Includes action-adventure components matching user's preference for intense narratives.

【Short-term Alignment】
1. Released in 1996, directly aligning with user's current focus on 1990s movies.
2. Presents complex scientific themes similar to user's recent interest in thought-provoking content.
3. Represents 1990s sci-fi thriller genre currently prominent in user's viewing patterns.

【Preference Dynamics】
1. Demonstrates user's continued exploration of dramatic suspense within their preferred sci-fi/action framework.
2. Shows sustained engagement with slightly lesser-known 1990s films rather than only major blockbusters."
277,8977,0,"[ANS] no
[REASON]
【Long-term Misalignment】
1. Historical epic genre differs from user's preferred science fiction and fantasy categories.
2. Lacks the futuristic technology and speculative elements present in Star Wars/Trek.
3. Missing the action-adventure spectacle seen in Independence Day and Escape from L.A.

【Short-term Misalignment】
1. 2004 release year conflicts with user's current focus on 1990s films.
2. Historical narrative lacks the complex sci-fi themes of 12 Monkeys and Dr. Moreau.
3. Absence of modern scientific elements present in their recent Chain Reaction viewing.

【Preference Dynamics】
1. Demonstrates user's stable preference for sci-fi/action over historical dramas.
2. Shows limited interest in exploring non-speculative fiction genres outside their core interests."
192,480,1,"[ANS] yes
[REASON]
【Long-term Alignment】
1. Matches science fiction interest through genetically engineered dinosaurs and advanced park technology.
2. Contains action/adventure elements with dinosaur chases and survival scenarios.
3. Features dramatic human-animal interactions and crisis situations.

【Short-term Alignment】
1. Explores technology ethics and system failures similar to cybersecurity concerns.
2. Maintains constant urgency through park security breakdowns and predator threats.
3. Includes complex scientist relationships and corporate conspiracy elements.

【Preference Dynamics】
1. Demonstrates genre exploration by combining science fiction with thriller elements.
2. Shows interest in culturally significant films that blend multiple preference categories."
192,26849,0,"[ANS] no
[REASON]
【Long-term Misalignment】
1. Lacks action sequences characteristic of user's preferred thrillers like True Lies.
2. Missing science fiction/fantasy elements present in favorites like Stargate and Jurassic Park.
3. Post-apocalyptic drama diverges from user's adventure-romance blend in GoldenEye.

【Short-term Misalignment】
1. Absent technology/cybersecurity focus compared to recent interests in The Net.
2. Slow-burn pandemic narrative contrasts with urgency-driven preferences like Apollo 13.
3. Character dynamics appear less complex than relationship-focused films like Forrest Gump.

【Preference Dynamics】
1. Post-apocalyptic genre falls outside user's established genre rotation pattern.
2. Miniseries format may represent unfamiliar territory beyond their comfort zone."
386,303,1,"[ANS] yes
[REASON]
【Long-term Alignment】
1. Direct match to user's Western genre interest from ""Wyatt Earp"" and ""The Quick and the Dead"" in their history.
2. Features action-packed gunfight elements consistent with their crime and thriller preferences.
3. Maintains dramatic tension through character-focused Western narrative structure.

【Short-term Alignment】
1. Dark visual aesthetic with intense close-ups aligns with current interest in intense themes.
2. Complex character dynamics suggested by ""honor and betrayal"" tagline matches recent plot complexity preference.
3. Stylized Western presentation satisfies current appreciation for strong visual aesthetics.

【Preference Dynamics】
1. Demonstrates genre consistency while exploring Western-thriller hybrid content.
2. Shows stable preference for character-driven narratives within familiar genre framework."
386,66171,0,"[ANS] no  
[REASON]  
【Long-term Misalignment】  
1. The cover suggests sci-fi/supernatural action, not the crime or Western genres the user prefers.  
2. Explosive, chaotic visuals lack the character-driven tension seen in films like ""Pulp Fiction"" or ""Fargo"".  
3. Absence of crime or thriller elements contrasts with the user's affinity for organized crime and suspense narratives.  

【Short-term Misalignment】  
1. Supernatural themes do not align with the user's current focus on dark, realistic plots like ""Casino"" or ""Desperado"".  
2. Chaotic action lacks the complex character depth present in ""The Silence of the Lambs"" or ""Fargo"".  
3. Visual style emphasizes spectacle over the aesthetic nuance seen in ""Pulp Fiction"" or ""Serial Mom"".  

【Preference Dynamics】  
1. The non-click reflects the user's stable preference for grounded crime/thriller genres over speculative fiction.  
2. It highlights their limited novelty-seeking, avoiding genres far outside their established interests."
414,122906,1,"[ANS] yes
[REASON]
【Long-term Alignment】
1. Vibrant blue-black color palette and dynamic character composition create visually striking cover.
2. Futuristic African cityscape and advanced technology align with sci-fi/fantasy genre preferences.
3. Complex protagonist and thematic depth match growing interest in mature character-driven narratives.

【Short-term Alignment】
1. Strong male protagonist (T'Challa) fits emerging preference for films with dominant central characters.
2. Action-packed sequences and adventure elements align with recent interest in 1980s-90s style action films.

【Preference Dynamics】
1. Click demonstrates exploration of modern films while maintaining core genre preferences.
2. Combines multiple emerging interests (strong protagonists, action, sci-fi) in contemporary setting."
414,102058,0,"[ANS] no  
[REASON]  
【Long-term Misalignment】  
- Cover's comic-book style lacks the visual sophistication of classic Disney or mature-themed films.  
- Combat-focused premise lacks complex character development or emotionally resonant narratives.  
- No alignment with period dramas, sci-fi/fantasy depth, or intense dramatic moments.  

【Short-term Misalignment】  
- Animated superhero combat diverges from interest in late 80s/90s action with adventure or sci-fi elements.  
- No strong male protagonist focus as seen in recent interests like ""Hero"" or ""Ray"".  

【Preference Dynamics】  
- Non-click reflects stable disinterest in non-narrative-driven superhero content.  
- Confirms preference for character-driven stories over pure action or combat themes."
493,4701,1,"[ANS] yes
[REASON]
【Long-term Alignment】
1. Features martial arts action sequences starring Jackie Chan, a renowned action star.
2. Combines action with adventure elements through its crime-fighting plot.
3. Represents a well-known action film franchise, aligning with interest in established series.

【Short-term Alignment】
1. Released in 2001, continuing the user's recent interest in late 90s/early 2000s action films.
2. Showcases Hong Kong action cinema through Jackie Chan's involvement and fighting style.
3. Provides retro entertainment value from the early 2000s era.

【Preference Dynamics】
1. Expands martial arts interest into comedic action-buddy films rather than pure martial arts cinema.
2. Blends familiar action elements with new cultural pairing (East-West dynamic)."
493,141646,0,"[ANS] no
[REASON]
【Long-term Misalignment】
1. Lacks action, martial arts, or sci-fi elements central to user's core preferences.
2. Not part of classic film franchises like Star Wars or The Godfather.
3. Absence of adventure or combat-oriented content user consistently enjoys.

【Short-term Misalignment】
1. No connection to 80s/90s action films user recently explored.
2. Missing martial arts or Hong Kong action elements from current interests.
3. Teen drama format contrasts with user's retro action film focus.

【Preference Dynamics】
1. Shows user maintains stable preference boundaries despite exploration tendencies.
2. Indicates specific genre exploration rather than broad content experimentation."
344,1265,1,"[ANS] yes
[REASON]
【Long-term Alignment】
1. Features complex storyline about repeating the same day indefinitely.
2. Contains comedic adventure elements through temporal exploration premise.
3. Blends fantasy concept with character-driven narrative structure.

【Short-term Alignment】
1. Directly matches recent interest in ""Groundhog Day"" specifically mentioned in preferences.
2. Represents comedy genre exploration noted in short-term interests.
3. Offers strong visual component through its distinctive calendar-based cover design.

【Preference Dynamics】
1. Demonstrates genre exploration from core sci-fi/action toward comedy-fantasy blend.
2. Shows active engagement with newly discovered animated/comedic films in viewing behavior."
344,26413,0,"[ANS] no  
[REASON]  
【Long-term Misalignment】  
- The video is a martial arts film, not science fiction/fantasy like ""Star Wars"" or ""Bourne Identity.""  
- It lacks complex storylines seen in ""The Shawshank Redemption"" or ""Braveheart.""  
- The action style is grounded martial arts, not modern adventure like ""Men in Black II.""  

【Short-term Misalignment】  
- The cover's cartoon style differs from the realistic visual focus of ""Eyes Wide Shut.""  
- It is not an animated film, unlike recent interests such as ""Spirited Away.""  
- The genre is martial arts, not comedy/drama like ""Groundhog Day.""  

【Preference Dynamics】  
- The user avoids genres outside their core interests, showing stable preference for sci-fi/action.  
- Non-click reflects limited exploration into martial arts or non-Western films."
309,4432,1,"[ANS] yes
[REASON]
【Long-term Alignment】
1. Film released in 1957 falls within user's preferred 1940s-1960s classic film era.
2. The movie is a classic drama featuring professional conflicts and moral corruption themes.
3. Dark visual aesthetic and urban setting align with user's established dramatic preferences.

【Short-term Alignment】
1. ""Sweet Smell of Success"" is considered a prime example of film noir/crime drama genre.
2. The film explores complex relationships and manipulation fitting recent romantic drama interest.
3. Features morally ambiguous characters similar to user's recent film noir selections.

【Preference Dynamics】
1. Click demonstrates user exploring different subgenres within their classic film interest.
2. Selection shows continued engagement with both crime and relationship themes simultaneously."
309,162598,0,"[ANS] no  
[REASON]  
【Long-term Misalignment】  
- The video is a 2016 modern disaster film, not a classic film from the 1940s–1960s.  
- It focuses on an industrial accident, lacking the dramatic relationship or conflict themes the user prefers.  
- The setting and genre (action/disaster) do not align with classic film noir or crime drama styles.  

【Short-term Misalignment】  
- The user's recent focus is on film noir or romantic dramas, not contemporary action or disaster films.  
- It does not reflect the crime drama or romantic narrative seen in titles like ""Double Indemnity"" or ""Notorious.""  

【Preference Dynamics】  
- The user consistently prefers classic-era films, avoiding modern or non-dramatic genres.  
- This reflects their stable interest in familiar themes rather than exploring unrelated new topics."
131,778,1,"[ANS] yes
[REASON]
【Long-term Alignment】
1. Iconic 1990s British film aligning with classic cinema interest.
2. Crime-focused narrative with intense drug addiction themes.
3. Complex morally ambiguous characters in urban survival situations.

【Short-term Alignment】
1. Dark gritty realism depicting Edinburgh drug subculture.
2. Striking visual style with bold color-blocked cover design.
3. Atmospheric tension throughout character-driven moral complexity.

【Preference Dynamics】
1. Click demonstrates increased engagement with gritty realism over traditional crime dramas.
2. Exploration of visually innovative 1990s cinema beyond mainstream Hollywood."
131,4361,0,"[ANS] no
[REASON]
【Long-term Misalignment】
1. Tootsie is a comedy-drama lacking the crime/suspense/action elements central to user's long-term interests.
2. The film's lighthearted cross-dressing premise contrasts with user's preference for moral ambiguity and intense drama.
3. 1980s romantic comedy genre differs from user's established focus on 1970s-1990s dramatic crime films.

【Short-term Misalignment】
1. The bright, theatrical cover image conflicts with user's recent preference for dark, gritty visual tones.
2. Comedy-focused content lacks the atmospheric tension and moral complexity user currently seeks.
3. Bold patriotic imagery differs from user's recent interest in realistic, visually striking crime narratives.

【Preference Dynamics】
1. The non-click demonstrates user's consistent avoidance of lighthearted content despite genre exploration.
2. Reinforces user's stable preference for dramatic intensity over comedic or romantic themes."
100,4621,1,"[ANS] yes
[REASON]
【Long-term Alignment】
1. Film released in 1989 falls within user's preferred 1930s-1990s classic movie range.
2. Romantic comedy genre directly matches user's consistent interest in romantic comedies.
3. Bold typography and vibrant blue color scheme align with user's appreciation for artistic movie posters.

【Short-term Alignment】
1. 1989 release date closely precedes user's current exploration focus on 1990s films.
2. Comedy-adventure elements provide transitional content toward user's action/adventure interest.

【Preference Dynamics】
1. Click demonstrates user's gradual genre expansion from pure romantic comedies toward adventure-comedy hybrids.
2. Selection shows user maintaining core period interest while exploring adjacent genres."
100,5678,0,"[ANS] no
[REASON]
【Long-term Misalignment】
1. Film released in 2001 falls outside preferred 1930s-1990s classic movie era.
2. Poster lacks artistic visual style, using generic character-focused composition.
3. Content appears to be action-comedy, not romantic comedy or drama genres.

【Short-term Misalignment】
1. Urban crime comedy setting differs from preferred high-octane action thriller focus.
2. Character-driven poster suggests comedy over pure action adventure exploration.

【Preference Dynamics】
1. Non-click demonstrates user's stable preference for established classic film periods.
2. Shows temporary action interest remains selective within preferred genres and eras."
373,249,1,"[ANS] yes
[REASON]
【Long-term Alignment】
1. Cover's dark, moody aesthetic and dramatic lighting align with visually striking atmospheric preferences.
2. Film explores complex themes of identity and human relationships through Beethoven's life story.
3. Intense storytelling matches user's continued appreciation for dramatic narrative structures.

【Short-term Alignment】
1. 1994 release date fits recent interest in 1990s critically acclaimed dramas.
2. Biographical drama format offers strong character study with emotional resonance.
3. Complex plot structure matches current preference for layered storytelling.

【Preference Dynamics】
1. Classical music biography represents genre exploration while maintaining dramatic storytelling.
2. Historical drama format provides novelty within familiar intense narrative framework."
373,242,0,"[ANS] no  
[REASON]  
【Long-term Misalignment】  
1. The cover's theatrical fantasy aesthetic lacks the visually striking, atmospheric realism typical of dramas the user prefers.  
2. Its focus on historical opera diverges from the user's interest in morality, identity, and human relationship themes.  

【Short-term Misalignment】  
1. The 1994 film's opera/musical genre differs from the user's recent focus on 1990s critically acclaimed dramas and thrillers.  
2. Its stylized character presentation contrasts with the user's preference for strong, emotionally resonant characters in complex plots.  

【Preference Dynamics】  
1. The non-click reflects the user's selective exploration, avoiding genres like historical opera despite openness to novelty.  
2. It shows stability in prioritizing intense storytelling over niche or highly stylized thematic content."
88,4262,1,"[ANS] yes
[REASON]
【Long-term Alignment】
1. Crime genre alignment with user's persistent interest in criminal narratives.
2. Complex character study matching user's fascination with human psychology.
3. Dark visual aesthetic consistent with user's preference for suspenseful atmospheres.

【Short-term Alignment】
1. Morally ambiguous protagonist directly matches user's current interest in complex characters.
2. Strong visual style with striking black/white/red color scheme appeals to user's growing preference for stylistic flair.
3. Crime narrative with psychological depth fits user's recent focus on character-driven stories.

【Preference Dynamics】
1. Click demonstrates user's stable core interest in crime genres while exploring stylistic variations.
2. Selection shows moderate novelty within familiar genre boundaries, maintaining preference consistency."
88,5603,0,"[ANS] no
[REASON]
【Long-term Misalignment】
1. Bright, cartoonish visuals contrast with user's preference for dark, atmospheric aesthetics.
2. Playful comedy tone differs from user's interest in suspenseful crime/thriller genres.
3. Simple character designs lack the psychological complexity seen in user's preferred films.

【Short-term Misalignment】
1. 1950s period setting lacks the visual flair and modern style user currently prefers.
2. Whimsical comedy approach contrasts with user's recent interest in moral ambiguity.
3. Cartoon aesthetic doesn't align with user's growing preference for fantasy/adventure epics.

【Preference Dynamics】
1. Non-click reflects user's stable preference for dark, complex narratives over lighthearted content.
2. Shows user's novelty seeking doesn't extend to significantly different tonal/genre combinations."
460,1584,1,"[ANS] yes
[REASON]
【Long-term Alignment】
1. Film features complex character-driven storyline exploring first contact with alien intelligence.
2. Unique visual storytelling through cosmic imagery and scientific discovery themes.
3. Dramatic narrative structure with philosophical depth and character development arcs.

【Short-term Alignment】
1. Historical scientific context with suspenseful buildup to extraterrestrial contact.
2. Blend of dramatic storytelling with emotional resonance about human existence.
3. Intense sequences involving global-scale scientific discovery and political tension.

【Preference Dynamics】
1. User explores intense scientific thriller while maintaining dramatic narrative preferences.
2. Click demonstrates branching into speculative fiction while retaining character complexity focus."
460,120637,0,"[ANS] no  
[REASON]  
【Long-term Misalignment】  
- Lacks animation or family-friendly content, which the user consistently appreciates.  
- Visual style is dark and moody, differing from unique or stylized storytelling preferences.  
- Focus on a single serious character contrasts with interest in complex character-driven dramas.  

【Short-term Misalignment】  
- No historical or period elements, which are currently of interest.  
- Missing emphasis on emotional resonance, a key short-term preference.  

【Preference Dynamics】  
- Non-click reflects the user's shift toward action-packed films with historical or dramatic depth.  
- Indicates lack of interest in modern, tech-focused thrillers outside current exploratory focus."
331,187593,1,"[ANS] yes
[REASON]
【Long-term Alignment】
1. Features complex anti-hero character development through Deadpool's moral journey.
2. Explores themes of identity and relationships through found family dynamics.
3. Contains intense action sequences balanced with dramatic character moments.

【Short-term Alignment】
1. Offers visually striking cinematography with dynamic comic-book style action sequences.
2. Presents epic storytelling through superhero narrative with large-scale consequences.
3. Maintains complex narrative structure with multiple character arcs and timelines.

【Preference Dynamics】
1. Represents exploration into action-comedy genre while maintaining dramatic character focus.
2. Shows interest in visually bold films that blend multiple storytelling approaches."
331,101074,0,"[ANS] no
[REASON]
【Long-term Misalignment】
1. Animated cartoon format lacks the intense tone and strong performances preferred in drama/thriller films.
2. Simple character designs contrast with preference for complex character development and memorable characters.
3. Supernatural fantasy theme doesn't align with interest in identity, morality and human relationship exploration.

【Short-term Misalignment】
1. Bright cartoon visuals differ from recent interest in complex, visually striking films like Eyes Wide Shut.
2. Children's animation format contrasts with preference for epic storytelling and mature themes.

【Preference Dynamics】
1. Non-click reflects stable preference balance, avoiding animated content despite fantasy elements.
2. Shows consistent loyalty to live-action drama/thriller formats over animated alternatives."
215,6155,1,"[ANS] yes
[REASON]
【Long-term Alignment】
1. Romantic comedy genre from 2003 aligns with 1990s-2000s film preference
2. Features relationship dynamics and character development central to user's interests
3. Contemporary period setting provides nostalgic value from early 2000s era

【Short-term Alignment】
1. Film's premise involves psychological manipulation and unexpected twists
2. Combines romantic comedy with strategic dating experiment creating intellectual engagement
3. Blends emotional depth with comedic tension for complex narrative experience

【Preference Dynamics】
1. Click demonstrates genre exploration within familiar romantic comedy framework
2. Shows interest in psychological complexity within traditionally lighthearted genre"
215,64620,0,"[ANS] no
[REASON]
【Long-term Misalignment】
- The political drama genre differs from preferred coming-of-age stories and romantic comedies.
- Historical political setting lacks nostalgic 1980s-1990s film era appeal.
- Serious political confrontation lacks emotional character development focus.

【Short-term Misalignment】
- Political interview format doesn't match current preference for intense, twist-filled narratives.
- Talking-head drama lacks complex cinematography and adventure elements.
- Historical recreation lacks the intellectual stimulation of unexpected plot developments.

【Preference Dynamics】
- Non-click demonstrates preference stability for entertainment genres over political dramas.
- Shows limited interest in expanding beyond fictional narratives to historical recreations."
468,47,1,"[ANS] yes
[REASON]
【Long-term Alignment】
1. Film features intense, dramatic themes matching user's preference for serious content.
2. Crime thriller genre aligns with user's established taste for action and adventure.
3. Dark, atmospheric presentation reflects user's consistent interest in dramatic storytelling.

【Short-term Alignment】
1. Thriller/mystery elements directly match user's current genre exploration.
2. Complex character-driven narrative fits user's recent interest in character depth.
3. Psychological crime elements align with user's expanding mystery preferences.

【Preference Dynamics】
1. Click demonstrates user's active exploration of thriller genre beyond historical dramas.
2. Selection shows willingness to engage with darker, contemporary themes alongside period pieces."
468,86835,0,"[ANS] no
[REASON]
【Long-term Misalignment】
1. Lacks historical drama elements present in user's core interests like Braveheart.
2. Missing the serious dramatic themes seen in films like Seven and Outbreak.
3. Does not align with historical adventure preferences demonstrated by Dances with Wolves.

【Short-term Misalignment】
1. Fails to match current thriller interest as it appears more action-horror than mystery.
2. Lacks complex character-driven storytelling seen in recent interests like Apollo 13.
3. Does not fit sci-fi exploration trend shown with Twelve Monkeys.

【Preference Dynamics】
1. Shows user maintains preference stability by avoiding genre departure into horror-action.
2. Indicates selective novelty seeking, avoiding content that diverges too far from dramatic themes."
122,80463,1,"[ANS] yes
[REASON]
【Long-term Alignment】
1. Psychological thriller elements with complex character development and moral ambiguity.
2. Dark, intense themes exploring corporate betrayal and personal relationships.
3. Visually striking cover with dramatic lighting and serious character expression.

【Short-term Alignment】
1. Dramatic cover with intense facial expression suggesting psychological depth.
2. Exploration of mature themes about ambition, betrayal, and social dynamics.
3. Modern technological setting aligns with interest in contemporary complex narratives.

【Preference Dynamics】
1. Exploring real-world psychological drama instead of traditional sci-fi/fantasy genres.
2. Venturing into character-driven narratives beyond purely visual or action content."
122,81932,0,"[ANS] no  
[REASON]  
【Long-term Misalignment】  
- The cover depicts a realistic boxing drama, lacking sci-fi/fantasy elements.  
- No dark horror, psychological thriller, or mystery themes are evident.  
- Visuals are grounded and gritty, not vibrant or graphically bold.  

【Short-term Misalignment】  
- Absence of futuristic or sci-fi settings contrasts with current attraction.  
- Cover focuses on sports intensity, not mature psychological or mystery themes.  
- Dramatic lighting emphasizes realism, not suspenseful or action-packed fantasy.  

【Preference Dynamics】  
- Non-click reflects stability in avoiding non-fantasy/realistic genres.  
- Indicates no exploratory interest in sports dramas or biographical themes."
21,2717,1,"[ANS] yes
[REASON]
【Long-term Alignment】
1. Comedy film from the 90s era matching their established comedy genre preference.
2. Features adventure elements aligning with their action-packed genre foundation.
3. Sci-fi paranormal theme connects to their long-term sci-fi movie interests.

【Short-term Alignment】
1. 1989 release date fits their current exploration of late 80s/90s movies.
2. Comedy-adventure blend matches their recent ""Shrek"" and ""National Treasure"" interests.
3. Supernatural investigation theme relates to their crime thriller exploration phase.

【Preference Dynamics】
1. Shows genre diversification by combining comedy with supernatural adventure elements.
2. Represents transitional interest between 80s action and 2000s comedy preferences."
21,5670,0,"[ANS] no  
[REASON]  
【Long-term Misalignment】  
- The video is a documentary about stand-up comedy, not an action, thriller, or 80s/90s film.  
- It lacks the action-packed or comedic movie elements central to the user's long-term interests.  

【Short-term Misalignment】  
- The user's recent comedy focus is on films like ""Shrek,"" not stand-up comedy documentaries.  
- It does not align with the user's current exploration of 2000s adventure or crime thriller movies.  

【Preference Dynamics】  
- The non-click shows the user's comedy interest is specific to film genres, not real-life comedy.  
- It reflects the user's stable preference for narrative movies over documentary-style content."
72,2329,1,"[ANS] yes
[REASON]
【Long-term Alignment】
1. Complex narrative exploring racism's psychological roots through character transformation.
2. Psychological drama genre with intense interpersonal conflicts and moral dilemmas.
3. Classic 1990s film recognized for its powerful storytelling and cultural impact.

【Short-term Alignment】
1. Visually striking black-and-white cinematography with symbolic red X imagery.
2. Memorable anti-hero character with distinctive appearance and psychological depth.
3. Film addresses significant American social history and racial tensions.

【Preference Dynamics】
1. Exploring darker thematic material while maintaining interest in character-driven narratives.
2. Venturing into social issue films while retaining focus on strong dramatic structure."
72,3250,0,"[ANS] no
[REASON]
【Long-term Misalignment】
1. Not a classic film from the user's preferred era (1993 vs established classics).
2. Survival genre differs from preferred drama/thriller categories.
3. Narrative focus on physical survival contrasts with complex psychological storytelling.

【Short-term Misalignment】
1. Visual aesthetic emphasizes harsh realism over striking cinematography.
2. Lacks the iconic, memorable character archetypes user prefers.
3. Survival story lacks the historical/cultural significance user currently seeks.

【Preference Dynamics】
1. Non-click demonstrates user's stable preference for established classics over newer releases.
2. Shows limited interest in exploring survival/adventure genres despite occasional genre exploration."
107,432,1,"[ANS] yes
[REASON]
【Long-term Alignment】
1. Features western adventure elements aligning with historical/period setting interests.
2. Contains comedic drama exploring human relationships through character dynamics.
3. Continues franchise storyline demonstrating preference for established narrative universes.

【Short-term Alignment】
1. Directly matches current western genre exploration interest.
2. Continues adventure theme from previously engaged content.
3. Expands western film exposure within comfortable franchise framework.

【Preference Dynamics】
1. Shows active pursuit of temporary western interest within familiar parameters.
2. Demonstrates genre exploration while maintaining connection to known franchises."
107,31867,0,"[ANS] no
[REASON]
【Long-term Misalignment】
1. Cover suggests comedy/lighthearted tone, lacking dramatic intensity the user prefers.
2. Modern setting contrasts with user's historical/period-based film interests.
3. Character presentation appears simplistic, not matching user's preference for complex characters.

【Short-term Misalignment】
1. Contemporary comedy setting differs from user's current adventure/western exploration.
2. Cowboy hat appears as costume element, not genuine western genre content.

【Preference Dynamics】
1. Non-click demonstrates user's stable avoidance of comedy/lighthearted content.
2. Shows user maintains clear genre boundaries despite temporary interest exploration."
271,3706,1,"[ANS] yes
[REASON]
【Long-term Alignment】
1. Film is from 1987, aligning with user's strong interest in classic cinema.
2. Dark, dramatic visuals with high contrast match user's preference for atmospheric imagery.
3. Supernatural mystery elements connect to user's established science fiction fascination.

【Short-term Alignment】
1. Complex character-driven narrative fits user's current interest in nuanced storytelling.
2. Mystery and suspense elements directly match recent preference for psychological thrillers.
3. Protagonist investigation storyline aligns with user's exploration of moral complexity themes.

【Preference Dynamics】
1. Click demonstrates user expanding classic film interest into darker psychological horror territory.
2. Selection shows continued exploration of morally ambiguous character studies beyond traditional sci-fi."
271,156607,0,"[ANS] no
[REASON]
【Long-term Misalignment】
1. The 2016 release date contrasts with user's preference for classic films from 1950s-2000s.
2. Fantasy genre differs from user's established interest in science fiction and futuristic themes.
3. Snowy landscape lacks the bold, atmospheric visuals present in user's preferred films.

【Short-term Misalignment】
1. Character appearances suggest straightforward fantasy archetypes rather than complex character studies.
2. Promotional styling indicates conventional adventure rather than nuanced storytelling.
3. Visual presentation emphasizes spectacle over the mystery elements user currently seeks.

【Preference Dynamics】
1. Non-click demonstrates user's stable preference for established genres over fantasy departures.
2. Shows limited interest in contemporary mainstream films outside their core interest areas."
436,568,1,"[ANS] yes
[REASON]
【Long-term Alignment】
- Film from the 1990s era aligns with user's strong movie preference.
- Visually striking poster design with vibrant colors and collage composition.
- Drama genre matches user's consistent interest in dramatic films.

【Short-term Alignment】
- 1993 release qualifies as classic 1990s film for current exploration.
- Critically acclaimed British-Indian drama offers complex cultural narratives.
- Provides nostalgic retro appeal through 1990s aesthetics and independent cinema.

【Preference Dynamics】
- Explores culturally diverse filmmaking beyond mainstream Hollywood focus.
- Represents slight genre expansion into diasporic cinema while maintaining drama core."
436,1339,0,"[ANS] no
[REASON]
【Long-term Misalignment】
1. Gothic horror theme conflicts with user's preference for 1990s dramas and thrillers.
2. Supernatural monster imagery differs from user's interest in visually striking movie posters.
3. Horror genre elements do not align with user's established action and drama preferences.

【Short-term Misalignment】
1. Horror film contrasts with current focus on critically acclaimed dramatic films with plot twists.
2. Vampire supernatural theme lacks the nostalgic retro appeal user currently seeks.
3. Macabre content does not match interest in complex dramatic narratives.

【Preference Dynamics】
1. Non-click demonstrates user's stable preference boundaries against horror genre exploration.
2. Shows limited interest in supernatural themes despite general openness to new content."
103,1945,1,"[ANS] yes
[REASON]
【Long-term Alignment】
1. Classic 1954 film aligns with user's strong interest in classic cinema and drama.
2. Character-driven narrative matches user's preference for strong character stories.
3. Period setting and psychological tension fit historical drama and thriller interests.

【Short-term Alignment】
1. Stylized cover art with bold graphic design matches recent interest in visual styles.
2. Iconic Marlon Brando character aligns with intensified interest in strong characters.

【Preference Dynamics】
1. Clicking a classic drama while exploring fantasy shows balanced preference maintenance.
2. Engagement with stylized cover design reflects emerging interest in graphic aesthetics."
103,122922,0,"[ANS] no
[REASON]
【Long-term Misalignment】
1. Superhero genre differs from user's established preference for classic films and period dramas.
2. Action-oriented superhero narrative contrasts with character-driven psychological thrillers.
3. Modern superhero aesthetic lacks the stylized graphic design seen in classic film covers.

【Short-term Misalignment】
1. Superhero film diverges from recent exploration focus on fantasy-adventure with unique storytelling.
2. Modern special effects-driven visuals contrast with interest in period dramas and bold graphic styles.

【Preference Dynamics】
1. Non-click demonstrates user's selective exploration, avoiding mainstream superhero content.
2. Shows maintained preference boundaries despite general curiosity about new genres."
