user,item,label
12278,4289,1
12278, 3541,0
5733,7963,1
5733, 15737,0
27186,2279,1
27186,10451,0
47043,19537,1
47043, 17444,0
13492,8874,1
13492, 1974,0
11210,10631,1
11210, 2631,0
33434,6539,1
33434, 6124,0
15865,16501,1
15865, 3627,0
12202,18321,1
12202, 17379,0
23900,19416,1
23900, 17954,0
19049,16569,1
19049, 14903,0
11179,18781,1
11179, 11536,0
14777,3271,1
14777, 5526,0
6104,2825,1
6104, 14716,0
24300,14173,1
24300, 19105,0
49336,4865,1
49336, 1893,0
41231,11393,1
41231, 19591,0
27718,5145,1
27718, 18136,0
3076,14834,1
3076, 18017,0
5696,9634,1
5696, 2609,0
23194,6539,1
23194, 11552,0
17799,5371,1
17799, 11321,0
44385,18617,1
44385, 6938,0
14930,13593,1
14930, 10094,0
39766,12254,1
39766, 9696,0
44416,8409,1
44416, 15270,0
44856,15279,1
44856, 14882,0
20672,13358,1
20672, 9419,0
25230,14227,1
25230, 11860,0
13160,950,1
13160, 15913,0
42914,19549,1
42914, 2486,0
31279,19274,1
31279, 7385,0
39094,15174,1
39094, 18434,0
6213,1896,1
6213, 7462,0
10078,5554,1
10078, 9860,0
45051,5552,1
45051, 16513,0
48520,16030,1
48520, 19194,0
35501,12492,1
35501, 10080,0
32051,10347,1
32051, 7008,0
9970,12932,1
9970, 10589,0
22823,11202,1
22823,12637,0
4356,12203,1
4356, 17898,0
45172,19305,1
45172, 9866,0
44524,7105,1
44524, 19059,0
39963,17859,1
39963, 5028,0
25221,16385,1
25221, 2097,0
20434,7629,1
20434, 14833,0
24901,18097,1
24901, 7662,0
29218,9336,1
29218, 14702,0
9483,6156,1
9483, 7846,0
8903,14414,1
8903, 2032,0
29660,3313,1
29660, 7191,0
10649,12613,1
10649, 6190,0
11219,6910,1
11219, 4338,0
22436,14988,1
22436, 12860,0
16766,939,1
16766, 14243,0
20131,3947,1
20131, 16095,0
217,8181,1
217, 16227,0
46284,2969,1
46284, 8275,0
5140,3614,1
5140, 8068,0
27423,11806,1
27423,2033,0
42057,1990,1
42057, 3609,0
154,7192,1
154, 15540,0
4426,18617,1
4426, 15707,0
27817,5365,1
27817, 6962,0
10290,19627,1
10290, 10201,0
15028,17178,1
15028, 16912,0
9508,11881,1
9508, 15893,0
1027,4365,1
1027, 4188,0
34826,15083,1
34826, 8022,0
35448,14054,1
35448, 11647,0
29306,15104,1
29306, 18920,0
26409,15072,1
26409, 9165,0
25787,73,1
25787,15430,0
42577,2204,1
42577, 9072,0
16400,15927,1
16400, 18434,0
31928,12403,1
31928, 5957,0
25921,10696,1
25921, 15463,0
5201,14124,1
5201, 5880,0
41473,19130,1
41473, 8716,0
12404,3241,1
12404, 9501,0
49659,4438,1
49659, 16731,0
11918,13660,1
11918, 15345,0
35578,10830,1
35578, 17398,0
24304,16209,1
24304, 10498,0
48139,8085,1
48139,4558,0
8512,14551,1
8512, 3198,0
19979,14928,1
19979, 3312,0
32732,156,1
32732, 9966,0
28409,14951,1
28409, 15709,0
15267,2954,1
15267, 15764,0
45193,13131,1
45193, 19476,0
9285,11139,1
9285, 14727,0
31063,17740,1
31063, 12675,0
9184,16549,1
9184, 16084,0
26579,13738,1
26579, 5315,0
11800,18224,1
11800, 775,0
41222,9857,1
41222, 17974,0
35636,15881,1
35636, 8418,0
39048,15763,1
39048, 14094,0
27487,9659,1
27487, 16932,0
37257,4630,1
37257, 2677,0
30219,1440,1
30219, 14988,0
2243,5645,1
2243, 8685,0
24877,16475,1
24877, 14152,0
45368,12896,1
45368, 9672,0
2411,17269,1
2411, 12112,0
11448,8844,1
11448, 19107,0
43015,3694,1
43015, 4277,0
7407,9366,1
7407,4083,0
7300,5522,1
7300, 19530,0
5682,4680,1
5682, 7263,0
27493,9929,1
27493, 11743,0
40159,3411,1
40159, 17798,0
19697,2393,1
19697, 4731,0
14612,1270,1
14612, 551,0
18305,503,1
18305, 1091,0
47855,17900,1
47855, 7615,0
1781,14034,1
1781, 18833,0
21463,10559,1
21463, 3080,0
34822,2335,1
34822, 2444,0
29643,10095,1
29643, 5323,0
44436,17881,1
44436, 9756,0
4633,14223,1
4633, 3673,0
33486,6265,1
33486, 18250,0
22210,16964,1
22210, 16220,0
27556,11744,1
27556, 14419,0
1124,12218,1
1124, 15094,0
36262,7987,1
36262, 1571,0
36195,10867,1
36195, 5750,0
1151,9513,1
1151, 2518,0
43255,11097,1
43255, 19182,0
41986,2443,1
41986, 13427,0
38074,1111,1
38074, 11670,0
47145,16255,1
47145, 5493,0
29853,816,1
29853, 16214,0
15400,12341,1
15400, 7704,0
15693,863,1
15693, 5538,0
41475,2443,1
41475,5434,0
28881,504,1
28881, 12717,0
35590,6806,1
35590, 11966,0
5189,11889,1
5189, 16285,0
44111,14666,1
44111, 18365,0
29973,11892,1
29973,1510,0
5368,5203,1
5368, 18106,0
22453,10323,1
22453, 17217,0
48578,11920,1
48578,19243,0
23975,12150,1
23975, 1182,0
45864,19654,1
45864, 7095,0
6103,4138,1
6103, 68,0
42254,16382,1
42254, 4019,0
8891,2698,1
8891, 7766,0
30053,870,1
30053, 258,0
31930,2969,1
31930, 18606,0
8460,9512,1
8460, 2163,0
3704,3947,1
3704,6550,0
9094,12878,1
9094, 14408,0
41052,2157,1
41052, 5082,0
16608,12889,1
16608,279,0
18782,3614,1
18782,8321,0
5672,7586,1
5672, 2667,0
8615,11139,1
8615, 10444,0
2236,4138,1
2236, 6600,0
32748,17831,1
32748, 13622,0
48398,13683,1
48398, 17785,0
28937,5898,1
28937, 12196,0
32401,11509,1
32401, 12678,0
34192,11327,1
34192,16405,0
19988,15577,1
19988, 1925,0
30494,9042,1
30494, 19015,0
22488,15087,1
22488, 8643,0
36696,19087,1
36696, 8512,0
34018,14112,1
34018, 11012,0
46767,16827,1
46767, 8519,0
36411,10950,1
36411, 19100,0
27429,3785,1
27429, 8096,0
27548,8660,1
27548, 13528,0
9830,2443,1
9830, 5525,0
12377,12358,1
12377, 2479,0
2394,3877,1
2394, 9352,0
33629,9512,1
33629, 1973,0
29863,9665,1
29863, 6374,0
40885,1612,1
40885, 17401,0
26190,10008,1
26190, 9999,0
41088,14343,1
41088, 15384,0
26523,8996,1
26523, 16420,0
25295,19537,1
25295,11307,0
32334,18860,1
32334, 3341,0
6130,6738,1
6130, 13905,0
30813,2099,1
30813, 9808,0
15737,3988,1
15737, 9369,0
20836,1575,1
20836, 17538,0
47951,2443,1
47951, 7252,0
6901,9797,1
6901, 13080,0
1239,7431,1
1239, 7570,0
23971,326,1
23971, 580,0
12692,13200,1
12692, 4924,0
2338,17416,1
2338, 13687,0
5149,7038,1
5149, 10437,0
3372,8387,1
3372, 1505,0
41446,916,1
41446,13510,0
36193,5737,1
36193, 3365,0
43160,4921,1
43160, 14493,0
1495,8262,1
1495, 10974,0
14218,6014,1
14218, 1501,0
38135,4986,1
38135, 11692,0
3602,15585,1
3602, 17176,0
41543,8271,1
41543, 11708,0
45388,17928,1
45388, 11632,0
15296,18516,1
15296, 12961,0
44888,7920,1
44888, 8379,0
17578,8860,1
17578, 15955,0
32532,6448,1
32532, 3725,0
39026,2969,1
39026, 14716,0
36585,11915,1
36585, 1460,0
9998,14032,1
9998, 16848,0
20213,2335,1
20213, 464,0
16526,17431,1
16526, 9563,0
40972,13009,1
40972, 18225,0
33359,13379,1
33359, 8903,0
41609,1091,1
41609, 14223,0
30071,5260,1
30071, 3491,0
34571,13074,1
34571, 9333,0
5974,7029,1
5974, 11975,0
23457,17072,1
23457, 3744,0
7275,13438,1
7275, 16462,0
24798,16280,1
24798, 10399,0
11761,15784,1
11761, 13320,0
30970,13072,1
30970, 17053,0
19149,5897,1
19149, 5503,0
3169,13622,1
3169, 6348,0
33931,19439,1
33931, 15122,0
25422,5978,1
25422, 12844,0
27709,14128,1
27709, 4985,0
675,17982,1
675, 7169,0
12295,10374,1
12295, 9288,0
9313,11924,1
9313, 13211,0
49055,12348,1
49055,9972,0
11924,15400,1
11924, 17418,0
10984,8109,1
10984, 16427,0
21292,835,1
21292,3081,0
43464,6183,1
43464, 559,0
40983,14055,1
40983, 7948,0
2426,13809,1
2426, 13675,0
34426,3272,1
34426, 10910,0
5556,18419,1
5556, 10949,0
39683,16613,1
39683, 3847,0
9543,6814,1
9543, 19107,0
45315,8085,1
45315, 16590,0
29169,482,1
29169, 622,0
1735,7192,1
1735, 17190,0
26303,17072,1
26303, 10163,0
42505,12327,1
42505, 14055,0
29369,1691,1
29369, 12990,0
21234,1002,1
21234,16464,0
17296,16280,1
17296, 6045,0
3988,17777,1
3988, 15564,0
34897,14343,1
34897, 14903,0
6057,3410,1
6057, 11896,0
13624,8096,1
13624, 16978,0
40255,9719,1
40255, 16417,0
23140,13800,1
23140, 17228,0
16471,15965,1
16471, 7127,0
43989,14536,1
43989, 8025,0
4648,14799,1
4648, 5069,0
20833,2379,1
20833, 2663,0
24092,17997,1
24092,340,0
47480,6913,1
47480, 10369,0
40442,18337,1
40442, 1969,0
31300,10686,1
31300, 15452,0
27222,15845,1
27222, 10858,0
46061,7079,1
46061, 3572,0
47258,1163,1
47258, 17434,0
5293,3715,1
5293, 17104,0
3235,9797,1
3235, 12951,0
21498,13082,1
21498, 6894,0
26197,6369,1
26197, 15482,0
28487,11103,1
28487, 8649,0
11534,7940,1
11534, 7380,0
45165,888,1
45165,15744,0
2557,11924,1
2557, 12603,0
39812,14458,1
39812, 10676,0
10765,17785,1
10765, 7950,0
4605,6647,1
4605, 269,0
25741,18522,1
25741, 15764,0
39915,17431,1
39915, 2465,0
26092,7110,1
26092, 9896,0
47316,8095,1
47316, 16748,0
16070,7511,1
16070, 6445,0
10709,11920,1
10709, 16826,0
5953,3779,1
5953, 15436,0
4744,17567,1
4744, 9058,0
2578,8117,1
2578, 16560,0
14133,16827,1
14133, 12180,0
32386,3998,1
32386, 1177,0
41143,10311,1
41143, 11612,0
23634,733,1
23634, 17905,0
4151,54,1
4151, 11337,0
40771,15955,1
40771, 9082,0
28142,5294,1
28142, 13657,0
26549,16319,1
26549, 16771,0
661,1689,1
661, 2263,0
34230,9128,1
34230, 19130,0
47570,13664,1
47570, 2702,0
9606,7098,1
9606, 13983,0
36597,2815,1
36597, 4245,0
32435,12789,1
32435, 5826,0
41057,18825,1
41057, 10955,0
174,878,1
174, 2849,0
41017,16033,1
41017, 838,0
30365,9512,1
30365, 5750,0
45937,11778,1
45937, 13481,0
34171,14433,1
34171, 10766,0
28009,10611,1
28009, 8636,0
15925,2646,1
15925, 8976,0
24030,6183,1
24030, 15680,0
20539,15955,1
20539, 7538,0
11508,17546,1
11508, 21,0
27880,8155,1
27880, 10557,0
10887,7316,1
10887, 15800,0
17980,776,1
17980, 13834,0
24691,15026,1
24691, 2968,0
43284,17205,1
43284, 18652,0
16250,18965,1
16250, 17097,0
17057,4896,1
17057, 3210,0
3275,12400,1
3275, 1455,0
8623,10926,1
8623, 1978,0
47904,989,1
47904, 6294,0
19309,6980,1
19309, 16419,0
17144,15242,1
17144, 2168,0
1054,3628,1
1054, 4268,0
14171,432,1
14171,15477,0
21243,5977,1
21243, 17117,0
38356,11920,1
38356, 8258,0
25112,8217,1
25112, 6073,0
41974,16794,1
41974, 2497,0
10665,19664,1
10665, 5680,0
17845,16726,1
17845, 8030,0
5920,1002,1
5920, 6971,0
1937,12072,1
1937, 17454,0
6801,13688,1
6801, 2883,0
15282,6541,1
15282, 11325,0
41509,14124,1
41509, 3721,0
29703,8371,1
29703, 5977,0
33631,10648,1
33631, 4315,0
23999,11663,1
23999, 4913,0
20921,19591,1
20921, 13800,0
46623,8371,1
46623, 8228,0
44675,10508,1
44675, 9816,0
28631,11924,1
28631, 1379,0
43492,8272,1
43492, 16456,0
22391,18617,1
22391, 12362,0
43869,16920,1
43869, 7123,0
21049,15663,1
21049, 11000,0
47510,17432,1
47510, 1811,0
11378,3895,1
11378, 6876,0
18320,4902,1
18320, 2963,0
26046,156,1
26046, 8927,0
30442,6282,1
30442, 14908,0
43789,54,1
43789, 5057,0
42643,16413,1
42643, 18574,0
12191,9014,1
12191, 1131,0
39787,3614,1
39787, 9975,0
36331,19283,1
36331, 16214,0
11873,8768,1
11873, 859,0
3904,2540,1
3904, 9728,0
18686,7963,1
18686, 10684,0
10436,13550,1
10436, 17592,0
25931,18961,1
25931, 12529,0
24940,16964,1
24940, 3138,0
4155,8766,1
4155, 1064,0
27122,10665,1
27122, 14638,0
24644,2929,1
24644, 436,0
16028,19432,1
16028, 544,0
8798,680,1
8798, 8206,0
31545,17946,1
31545, 16943,0
11347,14799,1
11347, 7713,0
17728,247,1
17728, 18174,0
30631,11202,1
30631, 17236,0
37012,9938,1
37012, 5484,0
17824,9797,1
17824,7939,0
33339,9017,1
33339, 7252,0
35959,8739,1
35959, 13053,0
14160,17704,1
14160, 18074,0
28625,18482,1
28625,4986,0
6217,9539,1
6217, 8690,0
35008,8997,1
35008, 11351,0
954,5116,1
954, 7023,0
44546,4473,1
44546, 9102,0
41106,11321,1
41106, 11070,0
6802,19558,1
6802, 11517,0
46218,5549,1
46218, 3180,0
30270,5301,1
30270, 4244,0
46527,13328,1
46527, 13351,0
15773,12623,1
15773, 2102,0
9053,8704,1
9053, 1672,0
44222,13696,1
44222, 13069,0
14874,4896,1
14874, 10745,0
25627,11299,1
25627, 1911,0
47812,11726,1
47812, 10979,0
34310,277,1
34310, 9856,0
31262,4047,1
31262, 5061,0
17638,8067,1
17638, 7038,0
22543,17474,1
22543, 2725,0
2747,17850,1
2747, 1207,0
12075,6539,1
12075, 12991,0
28403,11148,1
28403, 14489,0
14172,10678,1
14172, 17080,0
2788,5749,1
2788, 6299,0
42918,3260,1
42918, 867,0
42523,10237,1
42523,19110,0
26252,14475,1
26252, 10887,0
49832,11078,1
49832, 13198,0
6367,14768,1
6367, 10025,0
24704,2099,1
24704, 3341,0
43670,18400,1
43670, 15471,0
4804,3614,1
4804, 13381,0
45336,9651,1
45336, 1612,0
32449,2245,1
32449, 12383,0
46995,19283,1
46995, 19292,0
40091,15372,1
40091,428,0
17478,1243,1
17478, 15192,0
21913,4110,1
21913, 18,0
13917,8739,1
13917, 12170,0
49676,831,1
49676, 4436,0
27075,16615,1
27075, 6041,0
12879,1482,1
12879, 11393,0
12779,14738,1
12779, 14176,0
41211,16827,1
41211, 12536,0
36121,675,1
36121, 10066,0
2546,18608,1
2546,1036,0
45930,6590,1
45930, 13001,0
41110,3614,1
41110, 17369,0
34082,10445,1
34082, 2386,0
48112,13607,1
48112, 4029,0
4655,8224,1
4655, 19394,0
2070,10322,1
2070, 43,0
13343,8418,1
13343, 12238,0
44440,11501,1
44440, 4402,0
17567,9128,1
17567, 5123,0
20989,12400,1
20989, 17824,0
37562,17113,1
37562, 5125,0
45362,127,1
45362, 12900,0
18216,9203,1
18216, 17753,0
48240,13934,1
48240, 1317,0
6965,12495,1
6965,18741,0
6575,13489,1
6575, 3741,0
38916,19439,1
38916, 5514,0
49329,17409,1
49329, 14667,0
20542,17946,1
20542, 6020,0
42958,12210,1
42958, 8726,0
46019,7254,1
46019, 9519,0
14394,3694,1
14394, 5626,0
18010,6316,1
18010, 13082,0
37319,1468,1
37319, 10451,0
33468,10678,1
33468, 4691,0
38603,7133,1
38603,10217,0
34099,7383,1
34099, 3032,0
21152,19182,1
21152, 8723,0
4520,9926,1
4520, 18746,0
1415,15856,1
1415,695,0
35055,8109,1
35055, 5686,0
31868,9596,1
31868, 5274,0
16801,10655,1
16801, 14721,0
33453,4509,1
33453, 4882,0
25447,11437,1
25447, 17425,0
45316,3614,1
45316, 6980,0
30958,3293,1
30958, 13442,0
21880,12180,1
21880, 17675,0
42030,18342,1
42030,11028,0
48866,5778,1
48866, 2357,0
23524,9797,1
23524, 1130,0
31748,15031,1
31748, 463,0
30992,11811,1
30992, 16414,0
31698,5355,1
31698, 8412,0
35371,9612,1
35371, 18562,0
11879,1463,1
11879, 15037,0
18201,16893,1
18201, 17463,0
48115,16046,1
48115, 11359,0
19334,9863,1
19334, 12456,0
8378,4385,1
8378, 10547,0
12949,18225,1
12949, 14167,0
37750,16786,1
37750, 2929,0
6211,947,1
6211, 15304,0
32282,8890,1
32282, 8981,0
20411,14683,1
20411, 10797,0
47718,9720,1
47718, 14089,0
33275,16391,1
33275, 7757,0
44696,15372,1
44696, 11060,0
14719,17585,1
14719, 4254,0
6357,4995,1
6357, 8256,0
33120,16077,1
33120, 3828,0
28922,12327,1
28922, 3683,0
39811,2013,1
39811, 207,0
21675,15086,1
21675, 3605,0
29230,12150,1
29230, 10332,0
25963,12341,1
25963, 10042,0
2033,7776,1
2033, 3821,0
11459,18877,1
11459, 18849,0
13883,6191,1
13883, 19254,0
9550,16695,1
9550, 6285,0
15417,11423,1
15417, 14686,0
34496,15817,1
34496, 7585,0
10734,9033,1
10734, 89,0
34425,14377,1
34425, 12748,0
34581,14257,1
34581, 8796,0
42753,3614,1
42753, 11791,0
30197,14109,1
30197, 5686,0
38285,9863,1
38285, 14533,0
46373,18961,1
46373, 19112,0
49780,11920,1
49780, 15745,0
40763,274,1
40763, 4670,0
49485,19459,1
49485, 2693,0
49286,950,1
49286, 17072,0
25571,8817,1
25571, 4962,0
34391,18335,1
34391, 1978,0
12035,17053,1
12035, 13366,0
9333,13441,1
9333, 16780,0
43527,14951,1
43527, 13269,0
1726,13104,1
1726, 5919,0
3985,13842,1
3985, 5451,0
28286,8336,1
28286, 15128,0
44773,6769,1
44773, 7223,0
39606,19635,1
39606, 13899,0
8496,19537,1
8496, 19458,0
4480,12488,1
4480, 9926,0
39944,5645,1
39944, 17396,0
44498,13086,1
44498, 15775,0
38786,7940,1
38786, 19028,0
15041,638,1
15041, 16173,0
14845,16537,1
14845, 12182,0
3676,2672,1
3676, 3013,0
187,4490,1
187, 12620,0
9838,13012,1
9838, 10323,0
15415,6505,1
15415, 9589,0
2658,7063,1
2658, 11857,0
20421,17763,1
20421, 3030,0
15918,4601,1
15918, 10389,0
28886,3966,1
28886, 17417,0
44389,7767,1
44389, 19047,0
31480,11185,1
31480, 15652,0
33518,5432,1
33518, 14826,0
25269,19727,1
25269, 3656,0
16798,6598,1
16798, 18396,0
7876,680,1
7876, 6570,0
40285,4558,1
40285, 1292,0
45136,6903,1
45136, 17261,0
2718,18781,1
2718, 16803,0
15402,16417,1
15402, 13333,0
9199,6392,1
9199, 16766,0
31986,15345,1
31986, 9452,0
43526,7436,1
43526, 10141,0
15044,16462,1
15044, 5419,0
23479,7367,1
23479, 9215,0
8170,1621,1
8170, 5015,0
40740,3947,1
40740, 16893,0
32466,6729,1
32466, 918,0
18026,2267,1
18026, 8336,0
3175,15266,1
3175, 3694,0
34926,19465,1
34926, 7021,0
39189,9339,1
39189, 6570,0
12505,4509,1
12505, 9639,0
48283,4434,1
48283, 19649,0
28913,4986,1
28913, 621,0
33942,19589,1
33942, 12210,0
22267,4825,1
22267, 3789,0
37204,18224,1
37204, 12591,0
37687,10397,1
37687, 16333,0
42798,7258,1
42798, 9932,0
7871,18066,1
7871, 3582,0
3428,7996,1
3428, 8623,0
5044,17456,1
5044, 2667,0
26836,5413,1
26836, 8568,0
35522,19123,1
35522, 13772,0
24354,13200,1
24354, 15336,0
40507,2443,1
40507, 3284,0
12166,11603,1
12166, 4434,0
22188,481,1
22188, 13415,0
9710,18398,1
9710, 18150,0
42456,5572,1
42456, 18872,0
10891,11033,1
10891, 2157,0
33706,4968,1
33706, 16084,0
25700,8085,1
25700, 16824,0
2600,13086,1
2600, 9846,0
47271,2831,1
47271,6010,0
20952,6839,1
20952, 3459,0
21279,1267,1
21279, 14094,0
47479,8382,1
47479, 7523,0
35591,17659,1
35591, 12203,0
44576,18617,1
44576, 8484,0
12419,2099,1
12419, 18666,0
26392,10715,1
26392, 9833,0
20203,11607,1
20203, 1261,0
31727,12846,1
31727, 6269,0
18756,4365,1
18756, 11199,0
42115,8319,1
42115, 12546,0
4567,7607,1
4567, 6622,0
3579,17790,1
3579, 2005,0
3953,9214,1
3953, 13889,0
43082,9291,1
43082, 8118,0
41721,2010,1
41721, 15032,0
28606,8085,1
28606, 10774,0
48073,8096,1
48073, 9638,0
45847,16259,1
45847,4188,0
6572,7087,1
6572, 8119,0
36612,7962,1
36612, 113,0
21447,11582,1
21447, 18962,0
999,19717,1
999, 4446,0
15153,6126,1
15153, 17629,0
46209,7207,1
46209, 970,0
43782,3527,1
43782, 3266,0
40560,6505,1
40560, 9249,0
47176,4578,1
47176, 7607,0
47028,5338,1
47028, 986,0
29946,17151,1
29946, 7383,0
6134,17467,1
6134, 13448,0
37383,16195,1
37383, 11791,0
49113,5188,1
49113, 307,0
25248,7383,1
25248, 3618,0
868,11441,1
868, 1233,0
24144,6038,1
24144, 1106,0
23857,8324,1
23857, 8074,0
33102,156,1
33102, 15666,0
31577,15673,1
31577, 10824,0
28720,7963,1
28720, 11752,0
7227,16520,1
7227, 9499,0
43113,15382,1
43113, 4867,0
6659,1568,1
6659, 7731,0
15375,9384,1
15375, 9050,0
47496,4994,1
47496, 18366,0
24546,16112,1
24546, 7904,0
28118,4627,1
28118, 11254,0
32134,7940,1
32134, 2087,0
35114,6581,1
35114, 11957,0
41016,6448,1
41016, 9660,0
6321,18361,1
6321, 4818,0
31083,13200,1
31083, 14940,0
42055,5716,1
42055, 16014,0
15110,8283,1
15110, 16532,0
43141,9512,1
43141, 18396,0
27862,8199,1
27862, 17148,0
30405,11804,1
30405, 1763,0
2887,73,1
2887, 7287,0
38343,10167,1
38343, 16258,0
43605,13126,1
43605, 5325,0
30663,7607,1
30663, 5475,0
48467,6889,1
48467, 702,0
36489,1712,1
36489, 10726,0
20845,7821,1
20845, 7208,0
42378,776,1
42378, 3848,0
32968,10684,1
32968, 2631,0
12670,16190,1
12670, 5963,0
31241,3670,1
31241, 12373,0
3785,265,1
3785, 13139,0
10071,17318,1
10071, 16141,0
23096,19439,1
23096, 8977,0
12344,6017,1
12344, 936,0
33746,15363,1
33746, 3079,0
4201,9596,1
4201, 12342,0
9232,12327,1
9232, 16463,0
5155,15881,1
5155, 16688,0
48472,8294,1
48472, 765,0
49537,6741,1
49537, 15060,0
23550,11122,1
23550, 9881,0
22128,6349,1
22128, 2848,0
28105,8319,1
28105, 5899,0
26174,14105,1
26174, 2949,0
27536,18229,1
27536, 19559,0
34501,17787,1
34501, 10003,0
11782,11471,1
11782, 12611,0
8364,18629,1
8364, 1410,0
45461,15072,1
45461, 16718,0
41557,11395,1
41557, 10233,0
4245,7258,1
4245,13849,0
4566,4341,1
4566, 4094,0
11037,7695,1
11037, 5428,0
9388,13932,1
9388, 10135,0
35726,17223,1
35726, 13884,0
5942,7029,1
5942, 18937,0
42751,7079,1
42751, 14680,0
9609,1327,1
9609, 7110,0
17497,11177,1
17497, 1960,0
34526,2458,1
34526, 1955,0
10425,7317,1
10425, 5565,0
34902,4134,1
34902, 3517,0
8723,11857,1
8723, 17987,0
44318,18225,1
44318, 1650,0
34735,14049,1
34735, 3336,0
18700,6285,1
18700, 6666,0
32270,5722,1
32270, 19594,0
48875,6225,1
48875, 10939,0
17717,17024,1
17717, 81,0
23500,14558,1
23500, 13313,0
27492,177,1
27492, 13975,0
4085,848,1
4085, 3673,0
38081,17071,1
38081, 15224,0
4673,1277,1
4673, 8120,0
48065,960,1
48065, 16809,0
41320,15881,1
41320, 4583,0
31098,19221,1
31098, 17614,0
27230,11948,1
27230, 12858,0
35503,8944,1
35503, 5541,0
29686,14187,1
29686, 8495,0
29651,2646,1
29651, 15563,0
35233,12916,1
35233, 5222,0
18415,5556,1
18415, 19251,0
3412,11858,1
3412, 6868,0
998,19654,1
998,7830,0
38240,18043,1
38240, 16559,0
17021,18270,1
17021, 14050,0
5717,13397,1
5717, 3483,0
30151,13241,1
30151, 11075,0
22544,3411,1
22544, 3658,0
37828,16734,1
37828, 10273,0
29300,19572,1
29300, 8047,0
6050,8116,1
6050, 15308,0
24606,9816,1
24606, 1956,0
38544,1010,1
38544, 3890,0
7995,12950,1
7995, 18060,0
7403,5789,1
7403, 3772,0
31867,18879,1
31867, 12026,0
22926,209,1
22926, 19104,0
4955,13929,1
4955, 17898,0
9822,18214,1
9822, 11294,0
26960,16121,1
26960, 12944,0
22561,6015,1
22561, 18335,0
49381,5211,1
49381, 19161,0
21858,9234,1
21858, 2646,0
34136,14273,1
34136, 16111,0
29970,12718,1
29970, 17168,0
32920,14644,1
32920, 14239,0
8576,387,1
8576, 6241,0
39270,13298,1
39270, 19688,0
12447,8758,1
12447, 9991,0
6366,4085,1
6366, 5084,0
36379,6333,1
36379, 8093,0
47593,267,1
47593, 14776,0
33422,8205,1
33422, 421,0
26997,2959,1
26997, 13610,0
44534,16061,1
44534, 19361,0
47233,13583,1
47233, 15933,0
34255,18392,1
34255, 14274,0
48459,5458,1
48459, 15132,0
29312,18173,1
29312, 14463,0
17337,4988,1
17337, 19170,0
48314,504,1
48314, 9779,0
25745,17704,1
25745, 16918,0
33640,7023,1
33640, 13716,0
37689,10280,1
37689, 6971,0
36734,14498,1
36734, 12303,0
5686,11570,1
5686, 11764,0
949,14575,1
949, 12257,0
43345,4896,1
43345, 5877,0
13320,15633,1
13320, 1739,0
6440,3260,1
6440, 10870,0
24883,3895,1
24883, 9632,0
5673,1173,1
5673, 4290,0
4333,4138,1
4333, 6245,0
10402,7695,1
10402, 2548,0
48050,13637,1
48050, 15476,0
1484,8786,1
1484, 8617,0
27947,65,1
27947, 9071,0
18976,17059,1
18976, 16006,0
19068,13298,1
19068, 14761,0
15170,15936,1
15170, 19193,0
3272,16629,1
3272, 1299,0
16052,1206,1
16052, 1974,0
24915,14458,1
24915, 2923,0
8411,8054,1
8411,4437,0
13643,15807,1
13643, 6243,0
2817,9734,1
2817, 4563,0
7328,10167,1
7328, 11819,0
697,14834,1
697, 8645,0
32670,7090,1
32670, 3757,0
35673,14692,1
35673, 16432,0
32036,10305,1
32036, 6469,0
25610,19486,1
25610, 12923,0
34336,19384,1
34336, 12615,0
26743,680,1
26743, 16608,0
38929,4572,1
38929, 17867,0
42504,7087,1
42504,13039,0
14897,5003,1
14897, 13953,0
3167,7937,1
3167, 11302,0
24279,18013,1
24279, 9666,0
1021,6572,1
1021, 1427,0
29229,11920,1
29229,15207,0
45312,2054,1
45312, 5436,0
16649,17013,1
16649, 16876,0
47436,122,1
47436, 3888,0
34015,11875,1
34015, 14865,0
451,633,1
451, 6159,0
8350,19297,1
8350, 1498,0
11157,11202,1
11157, 19150,0
26363,16398,1
26363, 15445,0
3347,10712,1
3347, 964,0
11619,18950,1
11619, 16117,0
13441,14476,1
13441, 4152,0
2772,13537,1
2772, 7006,0
14057,7780,1
14057, 7858,0
30686,3895,1
30686, 2791,0
32209,11148,1
32209, 11528,0
2894,6729,1
2894, 12017,0
22446,7628,1
22446, 6265,0
26500,6438,1
26500, 15793,0
33544,18392,1
33544, 12950,0
48623,6017,1
48623, 5742,0
46896,2675,1
46896, 2750,0
32009,9384,1
32009, 5678,0
8836,2479,1
8836, 13536,0
30818,15940,1
30818, 18014,0
11998,19537,1
11998, 9006,0
30595,3170,1
30595,5168,0
25127,6309,1
25127, 5774,0
42886,19574,1
42886, 16588,0
42887,10570,1
42887, 16740,0
11839,7687,1
11839, 3091,0
37354,9923,1
37354, 13473,0
4598,7038,1
4598, 17621,0
38613,9472,1
38613, 17651,0
12224,776,1
12224, 18957,0
15160,8702,1
15160, 6991,0
44294,19644,1
44294, 1750,0
47600,2282,1
47600, 14805,0
12390,9512,1
12390,8918,0
10728,8319,1
10728, 9619,0
5421,3621,1
5421, 15857,0
6004,8085,1
6004, 8513,0
21314,9797,1
21314, 10434,0
14598,16675,1
14598, 5100,0
29366,19537,1
29366, 9604,0
1165,14583,1
1165, 10620,0
16367,14564,1
16367, 817,0
14780,5739,1
14780, 17460,0
9103,8671,1
9103, 3577,0
36953,6389,1
36953, 5200,0
46343,12667,1
46343, 2091,0
47504,12026,1
47504, 6787,0
29402,14273,1
29402, 7493,0
43474,13350,1
43474, 3428,0
43942,8382,1
43942, 8636,0
5509,12191,1
5509, 13152,0
4987,13576,1
4987, 8337,0
38804,15493,1
38804, 15345,0
25655,6177,1
25655, 3078,0
48069,18516,1
48069, 19469,0
22590,19465,1
22590, 18674,0
33404,14895,1
33404, 18859,0
46651,11918,1
46651,19101,0
42083,5739,1
42083,17030,0
8807,19629,1
8807, 720,0
7455,15793,1
7455, 2871,0
7252,15651,1
7252, 4516,0
49587,8527,1
49587, 9139,0
41827,3683,1
41827, 7977,0
43626,4211,1
43626, 17424,0
34530,12997,1
34530, 9439,0
17374,1990,1
17374, 4473,0
34369,10154,1
34369, 11216,0
14812,12205,1
14812, 622,0
16218,14049,1
16218, 9856,0
37552,916,1
37552, 17404,0
28774,7212,1
28774,1479,0
42306,3549,1
42306, 140,0
969,5318,1
969, 5004,0
27521,5946,1
27521, 7362,0
11199,15372,1
11199, 10117,0
43223,8085,1
43223, 13359,0
9158,759,1
9158, 2698,0
6300,14124,1
6300, 3296,0
25542,8882,1
25542, 6392,0
22191,19446,1
22191, 17875,0
37735,3555,1
37735, 4474,0
40133,8283,1
40133, 19169,0
31941,3614,1
31941, 5944,0
18541,680,1
18541, 5629,0
27124,14234,1
27124, 19448,0
33342,5573,1
33342, 18490,0
37291,12184,1
37291, 9590,0
48726,15372,1
48726, 5877,0
16466,9564,1
16466, 18504,0
24585,16780,1
24585, 14839,0
27246,10144,1
27246, 10371,0
5078,5401,1
5078, 5725,0
26328,15119,1
26328, 783,0
39228,14435,1
39228, 17879,0
10881,3851,1
10881, 1764,0
13100,6389,1
13100, 2735,0
37334,8155,1
37334, 2379,0
29979,10351,1
29979, 13680,0
47289,10754,1
47289, 8539,0
45344,767,1
45344, 7432,0
31961,680,1
31961, 12485,0
49390,3785,1
49390, 1177,0
46498,12844,1
46498, 3879,0
36225,574,1
36225, 17858,0
39608,1751,1
39608,10839,0
32482,2392,1
32482, 11337,0
15576,7619,1
15576, 14105,0
15061,10694,1
15061, 4909,0
41403,832,1
41403, 5131,0
12383,17942,1
12383, 11987,0
1244,6581,1
1244, 4290,0
21054,16398,1
21054, 18021,0
37412,16402,1
37412, 14803,0
23161,10314,1
23161, 5066,0
37276,982,1
37276, 9127,0
61,14199,1
61, 17325,0
15872,717,1
15872, 7837,0
31828,19531,1
31828, 17489,0
29999,9537,1
29999, 17900,0
27689,16541,1
27689, 10305,0
23498,11924,1
23498, 8973,0
227,13285,1
227, 9495,0
22088,2010,1
22088, 11884,0
6820,14564,1
6820, 14685,0
31956,1133,1
31956, 7223,0
48322,3838,1
48322, 16769,0
22380,5294,1
22380, 14666,0
37430,15651,1
37430, 5288,0
4117,11929,1
4117, 15124,0
41402,17223,1
41402, 10849,0
3308,17875,1
3308, 4646,0
47721,5899,1
47721, 14610,0
42724,7254,1
42724, 16943,0
28827,278,1
28827, 6216,0
12711,12348,1
12711, 7867,0
16771,4404,1
16771, 2546,0
31937,7042,1
31937, 15808,0
44925,928,1
44925, 12591,0
21347,19545,1
21347, 6473,0
43318,8972,1
43318, 6275,0
35412,6217,1
35412, 7093,0
37125,15083,1
37125, 15511,0
27731,17041,1
27731, 17293,0
17868,4991,1
17868, 17213,0
9079,16577,1
9079, 15977,0
27829,19654,1
27829, 18735,0
5031,1207,1
5031, 7450,0
35266,4072,1
35266, 4384,0
39254,11804,1
39254,3812,0
6109,19473,1
6109, 18754,0
8865,4630,1
8865, 2004,0
27501,5759,1
27501, 14102,0
11595,2870,1
11595, 17081,0
46223,5100,1
46223, 1277,0
20622,17534,1
20622, 7233,0
1412,18879,1
1412, 17228,0
48704,8041,1
48704, 14794,0
4216,4292,1
4216, 6376,0
13794,18639,1
13794, 8025,0
18237,181,1
18237, 12611,0
3505,6167,1
3505, 10576,0
13095,16624,1
13095, 19307,0
34703,11000,1
34703,7791,0
42811,2676,1
42811, 4368,0
42001,2369,1
42001, 5946,0
5995,2936,1
5995, 6837,0
24029,14049,1
24029, 5556,0
20149,4583,1
20149, 16446,0
7576,371,1
7576, 17074,0
29364,6349,1
29364, 14563,0
35548,6245,1
35548, 2069,0
36653,18882,1
36653, 957,0
9956,870,1
9956, 7089,0
15939,8671,1
15939, 7720,0
4568,19384,1
4568, 573,0
32248,17824,1
32248, 1557,0
41521,2099,1
41521, 19257,0
17862,6448,1
17862, 7226,0
17639,9583,1
17639, 11352,0
7864,5345,1
7864, 13658,0
13076,9051,1
13076,17151,0
35370,13860,1
35370, 10084,0
15578,9164,1
15578, 2471,0
48988,16981,1
48988,17512,0
37225,8096,1
37225, 4699,0
10239,10475,1
10239, 19152,0
8447,15253,1
8447, 12492,0
37807,8085,1
37807, 14038,0
41064,6903,1
41064, 10023,0
11577,18628,1
11577, 9807,0
37418,11920,1
37418, 7034,0
17415,10830,1
17415, 13348,0
36421,17156,1
36421, 7307,0
539,8155,1
539, 9809,0
6829,15815,1
6829, 16679,0
2418,13082,1
2418, 8104,0
18439,10144,1
18439, 1477,0
1639,12545,1
1639, 14230,0
21670,1270,1
21670, 2140,0
38194,15411,1
38194,11890,0
2194,6537,1
2194,13626,0
12788,4924,1
12788, 9317,0
6000,7963,1
6000, 2942,0
37010,17013,1
37010, 14414,0
39844,11607,1
39844, 11644,0
20647,5032,1
20647, 18927,0
8924,7254,1
8924, 14480,0
45861,9842,1
45861, 3405,0
39977,19572,1
39977, 15514,0
37394,1169,1
37394, 17875,0
29642,1689,1
29642, 13199,0
48219,3612,1
48219, 10795,0
3935,776,1
3935, 15759,0
33012,2470,1
33012, 754,0
17390,9756,1
17390, 5405,0
10257,14513,1
10257, 1974,0
18276,16993,1
18276, 8639,0
30786,254,1
30786, 8794,0
48022,2687,1
48022, 1410,0
9157,941,1
9157, 10554,0
46867,5155,1
46867, 9708,0
21262,11194,1
21262, 4783,0
11714,16501,1
11714, 14821,0
20756,12294,1
20756, 12342,0
39337,10570,1
39337, 10622,0
285,682,1
285, 19063,0
28724,2960,1
28724, 8812,0
40887,7607,1
40887, 14116,0
48586,17223,1
48586, 4273,0
45633,6188,1
45633, 3991,0
32974,15363,1
32974, 13624,0
2472,13929,1
2472, 19332,0
49045,4238,1
49045, 13030,0
17452,3302,1
17452, 11859,0
40235,8660,1
40235, 7263,0
35669,9464,1
35669, 12177,0
20541,19188,1
20541, 4433,0
9322,11373,1
9322, 5696,0
22566,3078,1
22566, 1687,0
620,9596,1
620, 3960,0
6008,5009,1
6008, 3191,0
22900,15758,1
22900, 1091,0
35124,7607,1
35124, 15952,0
19439,12349,1
19439,12816,0
17050,1993,1
17050, 5579,0
30975,1753,1
30975, 10834,0
48477,4134,1
48477, 8957,0
45730,7373,1
45730, 7023,0
14278,3238,1
14278, 1676,0
34021,12635,1
34021, 9858,0
25817,4924,1
25817, 11141,0
44824,17001,1
44824, 10560,0
19795,5413,1
19795,19713,0
38663,7588,1
38663, 19708,0
16910,11758,1
16910, 10210,0
11052,12150,1
11052, 12919,0
40355,680,1
40355, 6148,0
39195,12218,1
39195, 5902,0
34632,1809,1
34632, 1834,0
12709,3474,1
12709, 13728,0
14621,11098,1
14621, 10561,0
39819,10557,1
39819, 10686,0
44000,4896,1
44000,14757,0
10619,960,1
10619, 5828,0
32922,17687,1
32922, 11441,0
15319,6815,1
15319, 15530,0
48130,5455,1
48130, 15563,0
9978,3214,1
9978, 17941,0
47565,15897,1
47565, 15346,0
19063,8417,1
19063, 15416,0
3900,2942,1
3900, 6597,0
28491,15174,1
28491, 8790,0
11235,6369,1
11235, 3821,0
2337,15791,1
2337, 13433,0
32061,16697,1
32061, 18684,0
33007,13640,1
33007, 17733,0
36522,11570,1
36522, 11654,0
37098,12961,1
37098, 11308,0
13251,5345,1
13251, 18956,0
45514,13096,1
45514, 9590,0
40675,2608,1
40675, 17452,0
41233,3748,1
41233,17448,0
42671,12635,1
42671, 10628,0
19472,6994,1
19472, 19009,0
21477,761,1
21477, 5504,0
10143,10710,1
10143, 17701,0
33672,6300,1
33672, 17506,0
24386,5044,1
24386, 547,0
24229,18746,1
24229, 15719,0
12251,2770,1
12251, 10026,0
48824,10348,1
48824, 5418,0
41513,11663,1
41513, 11961,0
34168,7233,1
34168, 15476,0
42628,11437,1
42628,4464,0
43301,10146,1
43301, 10967,0
18124,6822,1
18124, 10870,0
33385,11052,1
33385, 3888,0
29144,17605,1
29144, 9617,0
39453,18559,1
39453, 5619,0
31258,8160,1
31258, 16379,0
8304,13356,1
8304, 3541,0
214,1277,1
214, 2267,0
3373,680,1
3373, 7848,0
35127,14791,1
35127,1947,0
32804,14332,1
32804, 17646,0
3147,823,1
3147, 6672,0
2655,6713,1
2655, 18793,0
13242,6579,1
13242, 2497,0
26234,7645,1
26234, 17522,0
40328,10374,1
40328, 15590,0
26600,574,1
26600, 18691,0
26203,19537,1
26203, 8231,0
18475,11648,1
18475, 10437,0
16386,11749,1
16386, 100,0
37460,16653,1
37460, 18991,0
30612,16209,1
30612, 15759,0
37895,6554,1
37895, 17103,0
29087,19537,1
29087, 7210,0
1808,17521,1
1808, 8213,0
15527,373,1
15527, 19258,0
10297,18556,1
10297, 16190,0
14579,5481,1
14579, 17535,0
35329,17280,1
35329, 16695,0
46002,16030,1
46002, 12914,0
33891,16139,1
33891, 5100,0
35527,9665,1
35527, 11682,0
10960,7687,1
10960, 10419,0
35541,3674,1
35541, 13613,0
4402,2065,1
4402, 17763,0
20776,13039,1
20776, 4783,0
24189,66,1
24189, 6156,0
44134,9675,1
44134, 15478,0
46618,12545,1
46618,9797,0
38562,18296,1
38562, 8392,0
24108,9651,1
24108, 4657,0
48838,7858,1
48838, 7343,0
4424,6039,1
4424, 15173,0
41356,11649,1
41356, 1067,0
44101,6051,1
44101, 13292,0
23054,15777,1
23054, 11346,0
2144,4123,1
2144, 1231,0
19839,185,1
19839, 19052,0
17932,13381,1
17932, 13811,0
14112,10548,1
14112, 18066,0
45407,10154,1
45407, 17898,0
13709,17778,1
13709, 11627,0
49432,3941,1
49432, 14553,0
38627,14270,1
38627, 364,0
45238,10517,1
45238, 11876,0
38340,9985,1
38340, 14248,0
13150,18225,1
13150, 15940,0
34156,5768,1
34156, 17834,0
5899,5815,1
5899, 8475,0
45509,4041,1
45509, 17987,0
26513,3851,1
26513, 9937,0
15574,12545,1
15574, 17185,0
47557,11177,1
47557, 1649,0
16300,10908,1
16300, 14949,0
33377,6500,1
33377, 9796,0
30189,1451,1
30189, 11142,0
28382,7621,1
28382, 14786,0
12770,680,1
12770, 14105,0
31003,2675,1
31003,16909,0
33332,6077,1
33332, 10950,0
12637,7905,1
12637,16967,0
22950,16678,1
22950, 15477,0
32679,8980,1
32679, 907,0
11742,1915,1
11742, 10487,0
48148,12324,1
48148, 14541,0
40179,7867,1
40179, 2010,0
23320,12495,1
23320, 9005,0
48944,14351,1
48944, 15651,0
25322,2008,1
25322, 18528,0
11771,209,1
11771, 11244,0
20262,14140,1
20262, 14217,0
4268,7607,1
4268, 8776,0
46355,14261,1
46355, 8790,0
34389,5219,1
34389, 12527,0
9714,9114,1
9714, 16756,0
36483,17111,1
36483, 13003,0
20592,14049,1
20592, 3326,0
6048,8389,1
6048, 13860,0
27044,3079,1
27044,15952,0
33600,5935,1
33600, 5455,0
1872,18880,1
1872, 14114,0
41151,1643,1
41151, 12980,0
36288,15084,1
36288, 11484,0
32902,18746,1
32902, 18680,0
2897,15514,1
2897, 16853,0
18006,6183,1
18006, 17545,0
16334,870,1
16334, 14588,0
28707,18173,1
28707,14102,0
49654,8190,1
49654, 16377,0
12858,9118,1
12858, 2602,0
27228,14223,1
27228, 19121,0
12778,3614,1
12778, 11355,0
42364,14498,1
42364, 6631,0
38830,7940,1
38830, 764,0
9274,12827,1
9274, 16351,0
45908,13051,1
45908, 912,0
2838,14683,1
2838, 2882,0
14123,5448,1
14123, 12206,0
36863,10128,1
36863, 2183,0
21706,19311,1
21706, 3053,0
33163,2315,1
33163, 4776,0
34659,16023,1
34659, 2363,0
37705,19300,1
37705, 18890,0
48790,17251,1
48790, 13470,0
27395,5082,1
27395, 10377,0
13315,8382,1
13315, 10193,0
42096,12133,1
42096, 4691,0
32360,10859,1
32360, 6381,0
46777,2414,1
46777, 10971,0
44428,3998,1
44428, 5339,0
47457,156,1
47457, 8649,0
14980,4341,1
14980, 13390,0
36721,473,1
36721,12448,0
5839,18950,1
5839, 14843,0
45328,3271,1
45328, 9449,0
16387,13342,1
16387, 13226,0
25342,14629,1
25342, 18806,0
34868,515,1
34868, 8632,0
49901,6772,1
49901, 4171,0
3710,4437,1
3710, 18098,0
49301,11819,1
49301, 5707,0
14028,3035,1
14028, 1967,0
39034,5337,1
39034,18144,0
39948,18380,1
39948, 11806,0
11197,2251,1
11197, 17821,0
46946,4559,1
46946, 411,0
22103,5165,1
22103, 3284,0
43824,18303,1
43824, 7103,0
28564,8457,1
28564, 12831,0
19260,3291,1
19260, 6070,0
44967,9553,1
44967, 12034,0
3526,14754,1
3526, 15117,0
7518,17879,1
7518, 18392,0
48365,6136,1
48365,8715,0
28635,19707,1
28635,15459,0
8440,2969,1
8440, 3434,0
40655,12789,1
40655, 6951,0
28160,4587,1
28160, 5043,0
31980,8671,1
31980, 10513,0
49691,2399,1
49691, 3628,0
36905,8468,1
36905, 13583,0
1876,8480,1
1876, 231,0
11725,3614,1
11725, 7304,0
17763,14120,1
17763, 4801,0
10588,18127,1
10588, 3870,0
3612,15435,1
3612, 16705,0
10466,6838,1
10466, 15504,0
39877,12721,1
39877, 3014,0
43635,911,1
43635, 16322,0
12007,2770,1
12007, 16590,0
18644,10712,1
18644, 12896,0
6986,15881,1
6986, 11119,0
9827,17579,1
9827, 18991,0
15738,19624,1
15738, 6066,0
20588,15841,1
20588, 5602,0
31669,8417,1
31669, 12613,0
33829,14123,1
33829, 17556,0
39414,3302,1
39414, 1772,0
3921,9199,1
3921, 13248,0
28717,4870,1
28717, 1702,0
36510,11918,1
36510, 326,0
43610,9985,1
43610, 3935,0
20210,7598,1
20210, 4440,0
43182,14472,1
43182, 6138,0
11239,4071,1
11239, 19559,0
20825,9416,1
20825, 15531,0
16217,12327,1
16217, 1221,0
6056,3928,1
6056, 18497,0
7512,11200,1
7512, 12124,0
31705,10732,1
31705, 7263,0
42258,8375,1
42258, 17858,0
20859,4156,1
20859, 7586,0
34226,9225,1
34226, 19648,0
44578,6810,1
44578, 13611,0
22540,4611,1
22540,10576,0
16026,16455,1
16026, 4921,0
17352,14747,1
17352, 6180,0
29603,15316,1
29603, 2834,0
11318,17178,1
11318, 17576,0
33597,14255,1
33597, 17093,0
28219,3679,1
28219, 12172,0
40571,10314,1
40571, 14480,0
28162,18225,1
28162, 12474,0
7081,15712,1
7081, 417,0
12652,16316,1
12652, 18748,0
32959,6010,1
32959, 4909,0
13213,2770,1
13213, 3067,0
28593,5032,1
28593, 9,0
28093,3293,1
28093, 16213,0
27586,5044,1
27586, 15691,0
22263,15841,1
22263, 5631,0
22592,674,1
22592, 5123,0
30988,12463,1
30988, 17117,0
45827,5885,1
45827, 9451,0
12856,156,1
12856, 11657,0
6151,4775,1
6151, 11145,0
6018,5815,1
6018, 9190,0
6983,1173,1
6983, 3068,0
15390,7695,1
15390, 3545,0
42174,16893,1
42174, 3137,0
7061,2443,1
7061, 18536,0
38932,11828,1
38932, 16862,0
18341,1277,1
18341, 11095,0
42984,156,1
42984, 2679,0
40393,19139,1
40393, 3495,0
20992,16955,1
20992, 19159,0
27620,14928,1
27620, 13307,0
14976,12341,1
14976, 15825,0
3997,1650,1
3997, 8196,0
42447,3679,1
42447, 6494,0
15797,15483,1
15797, 8533,0
14778,6331,1
14778, 5098,0
1434,6017,1
1434, 14277,0
25304,16316,1
25304,2742,0
48135,10970,1
48135, 16142,0
47546,6163,1
47546, 12620,0
32236,14069,1
32236, 19627,0
40043,8581,1
40043, 18002,0
6157,3293,1
6157, 9622,0
3994,15694,1
3994, 7369,0
39269,3359,1
39269, 13405,0
14739,13082,1
14739, 11264,0
32837,14412,1
32837, 2538,0
39492,6369,1
39492, 11208,0
5698,6328,1
5698, 14564,0
23993,3779,1
23993, 10984,0
37753,657,1
37753, 18487,0
17442,9574,1
17442, 19101,0
36146,3614,1
36146, 13839,0
47124,2267,1
47124, 16305,0
32677,8070,1
32677, 8021,0
34563,18505,1
34563, 17521,0
22658,6354,1
22658, 5719,0
25776,1676,1
25776, 3067,0
48831,5815,1
48831, 6832,0
16747,3293,1
16747, 19310,0
34343,12361,1
34343, 5843,0
3190,54,1
3190, 3762,0
23,18296,1
23, 14575,0
46776,19654,1
46776, 1356,0
6291,8413,1
6291, 8550,0
2020,14692,1
2020,6586,0
43836,17456,1
43836, 5520,0
40844,265,1
40844, 12110,0
40748,4818,1
40748, 16604,0
13949,11793,1
13949, 1978,0
23819,13829,1
23819, 3890,0
7417,7440,1
7417, 1844,0
45644,6539,1
45644, 14232,0
10160,3696,1
10160, 3277,0
29406,6338,1
29406, 3927,0
19289,11721,1
19289, 54,0
33224,15738,1
33224, 7500,0
46351,14054,1
46351, 5021,0
25680,2027,1
25680, 10765,0
15964,19489,1
15964, 19319,0
11366,6729,1
11366, 4968,0
20769,13690,1
20769, 6818,0
17009,14049,1
17009, 728,0
30672,2770,1
30672, 11710,0
7124,1361,1
7124, 1681,0
3794,18629,1
3794, 8785,0
14935,16656,1
14935, 10550,0
4276,7079,1
4276, 14124,0
11439,11570,1
11439, 3284,0
1090,12327,1
1090, 16786,0
46957,19276,1
46957, 13349,0
31079,18066,1
31079, 12005,0
5331,10678,1
5331, 12811,0
3197,14588,1
3197, 17887,0
8269,15955,1
8269, 4737,0
31281,4772,1
31281, 18335,0
35866,4558,1
35866, 7346,0
15652,7436,1
15652, 19727,0
145,11151,1
145,15834,0
31659,19537,1
31659, 10923,0
6643,1188,1
6643, 10228,0
41172,15988,1
41172, 11888,0
34133,6188,1
34133, 11774,0
40310,15312,1
40310, 14828,0
49201,14332,1
49201, 2540,0
21835,6680,1
21835, 4214,0
19074,6970,1
19074, 18248,0
17108,9719,1
17108, 4149,0
31581,6660,1
31581, 716,0
12020,7959,1
12020, 3015,0
41856,13583,1
41856, 650,0
15187,12601,1
15187, 4870,0
18890,6579,1
18890, 11648,0
1403,16024,1
1403, 15661,0
43107,5100,1
43107, 8624,0
11063,5274,1
11063, 14635,0
40561,1700,1
40561, 6498,0
28385,17024,1
28385, 18503,0
23965,19537,1
23965, 18496,0
46979,18637,1
46979, 11458,0
3269,13448,1
3269, 19599,0
7762,19700,1
7762, 14324,0
41479,18108,1
41479, 8281,0
23545,12173,1
23545, 4303,0
14390,15621,1
14390, 2657,0
20288,8678,1
20288, 13803,0
4949,4798,1
4949, 5641,0
47389,12324,1
47389, 1248,0
2875,3614,1
2875, 4569,0
26207,3485,1
26207, 12366,0
37968,12896,1
37968, 9378,0
8860,5199,1
8860, 1763,0
35369,8678,1
35369, 6245,0
5460,2200,1
5460, 365,0
23534,1151,1
23534, 17078,0
47377,6593,1
47377, 3949,0
23177,11498,1
23177, 15124,0
6792,3614,1
6792, 695,0
46333,2831,1
46333, 7855,0
23636,8304,1
23636, 18914,0
26554,19126,1
26554, 3992,0
29109,2332,1
29109, 3081,0
35157,19609,1
35157, 535,0
32337,11293,1
32337, 5742,0
12540,15890,1
12540, 14829,0
4720,11536,1
4720, 13284,0
42420,10735,1
42420, 6647,0
12174,11202,1
12174, 15458,0
27933,7133,1
27933, 19161,0
26873,12994,1
26873, 4621,0
25409,6513,1
25409, 2157,0
26000,664,1
26000, 19454,0
25241,1091,1
25241,10773,0
5167,4994,1
5167, 19563,0
8785,6893,1
8785, 16058,0
13862,2089,1
13862, 16985,0
10377,1982,1
10377, 3673,0
8167,5105,1
8167, 3045,0
19376,12150,1
19376, 3637,0
18449,8283,1
18449, 1818,0
10681,11168,1
10681, 7730,0
16694,15559,1
16694, 574,0
38063,12951,1
38063, 14435,0
19764,1312,1
19764, 15781,0
39695,832,1
39695, 9719,0
25235,3851,1
25235, 8075,0
29161,16736,1
29161, 15632,0
1698,17063,1
1698, 4166,0
28380,19654,1
28380, 9578,0
32634,7038,1
32634, 18329,0
34582,14049,1
34582, 1716,0
49939,16462,1
49939, 11352,0
6853,16731,1
6853, 13888,0
10289,6826,1
10289, 18346,0
25311,11607,1
25311, 11208,0
34182,3359,1
34182, 7753,0
17094,1694,1
17094, 19467,0
38668,15372,1
38668, 5752,0
43042,11437,1
43042, 17140,0
36239,482,1
36239, 1915,0
9737,17885,1
9737, 6413,0
46464,13353,1
46464, 7000,0
40138,17474,1
40138, 5988,0
20641,4870,1
20641, 5542,0
17768,4569,1
17768, 11228,0
26583,14461,1
26583, 14864,0
9220,13173,1
9220, 7507,0
17651,2675,1
17651, 10424,0
20211,14387,1
20211, 16732,0
32495,6505,1
32495, 4657,0
9856,16398,1
9856,10517,0
47657,10383,1
47657, 1002,0
17928,17695,1
17928, 12182,0
1539,16788,1
1539,6638,0
10001,12073,1
10001, 19430,0
19121,17881,1
19121, 9021,0
30266,14558,1
30266, 3813,0
27909,12614,1
27909, 14910,0
8234,16155,1
8234, 2072,0
14694,12789,1
14694,4831,0
10338,14373,1
10338, 977,0
39736,18879,1
39736, 12811,0
3065,6713,1
3065, 11172,0
24048,16378,1
24048, 8440,0
39237,16886,1
39237, 1703,0
17309,1987,1
17309, 13830,0
46431,12073,1
46431, 2911,0
46146,6883,1
46146, 7694,0
46262,3864,1
46262, 11244,0
18488,12327,1
18488, 15793,0
9343,2443,1
9343, 8214,0
15227,15031,1
15227, 12424,0
1746,18097,1
1746, 5822,0
6269,4870,1
6269, 18904,0
23941,4870,1
23941, 7285,0
5747,7598,1
5747, 4829,0
25621,11422,1
25621, 8344,0
15151,6736,1
15151, 19065,0
2971,10311,1
2971, 13461,0
22690,4977,1
22690, 1947,0
38065,3005,1
38065, 17292,0
4795,15988,1
4795, 18120,0
38453,12397,1
38453, 1333,0
45872,11352,1
45872, 17844,0
13043,14533,1
13043, 15858,0
35053,18407,1
35053, 4441,0
47688,123,1
47688, 13627,0
36931,12327,1
36931, 5947,0
31010,11202,1
31010, 18121,0
39641,11663,1
39641, 2854,0
45607,534,1
45607, 5659,0
14974,19349,1
14974, 15978,0
25902,17302,1
25902, 18062,0
47493,1612,1
47493,1921,0
38326,5704,1
38326, 16944,0
1664,18407,1
1664, 16709,0
15603,11920,1
15603, 9079,0
23830,18303,1
23830, 5422,0
46977,1923,1
46977, 266,0
6341,953,1
6341, 3496,0
16528,4997,1
16528,2934,0
22344,8987,1
22344, 8830,0
29284,6532,1
29284, 6314,0
10486,15825,1
10486, 982,0
14309,11202,1
14309, 13864,0
34626,8123,1
34626, 13397,0
43495,4087,1
43495, 16128,0
8974,14267,1
8974, 13490,0
18746,8447,1
18746, 15677,0
13612,5363,1
13612, 15152,0
13954,213,1
13954,2679,0
34413,3710,1
34413, 10766,0
19246,996,1
19246, 13024,0
17380,15457,1
17380, 19574,0
10641,8203,1
10641, 15354,0
33818,667,1
33818, 6427,0
23973,1753,1
23973, 15696,0
3947,13811,1
3947, 11530,0
19402,14791,1
19402, 12820,0
33727,6590,1
33727, 2545,0
34098,11539,1
34098, 9176,0
12054,9596,1
12054, 3411,0
382,2946,1
382,8565,0
26259,8559,1
26259, 4454,0
16216,15577,1
16216, 1031,0
1075,10932,1
1075, 10715,0
31595,209,1
31595, 6225,0
31207,16313,1
31207, 10434,0
8371,12400,1
8371, 17900,0
4956,15381,1
4956, 13051,0
21792,18419,1
21792, 17456,0
7672,8324,1
7672, 1357,0
20618,12026,1
20618, 11345,0
13473,8702,1
13473, 4084,0
17934,1624,1
17934, 7859,0
3624,3808,1
3624, 6126,0
29321,17234,1
29321, 17689,0
26357,156,1
26357, 17170,0
14092,16634,1
14092, 6998,0
4258,10498,1
4258, 10374,0
18302,14208,1
18302, 66,0
5079,7629,1
5079, 5134,0
21257,8874,1
21257, 11586,0
6929,7044,1
6929, 2974,0
17942,16462,1
17942, 15895,0
49425,870,1
49425,3886,0
47834,340,1
47834, 17864,0
23660,16794,1
23660, 12792,0
40610,12990,1
40610, 8310,0
20810,1005,1
20810, 11544,0
14615,7940,1
14615,19196,0
30142,11858,1
30142, 15600,0
41156,15174,1
41156, 2763,0
45502,690,1
45502,6950,0
3530,236,1
3530, 834,0
11722,18724,1
11722, 7551,0
32089,12327,1
32089, 875,0
29777,14430,1
29777, 989,0
7164,19710,1
7164, 3012,0
40011,17212,1
40011, 14458,0
4847,17148,1
4847, 7757,0
16022,7607,1
16022, 6034,0
6594,16061,1
6594, 7383,0
38901,9749,1
38901, 8945,0
22670,9816,1
22670, 15057,0
47073,11929,1
47073, 12463,0
7339,5237,1
7339, 19302,0
40278,17946,1
40278, 19523,0
10217,3555,1
10217, 9190,0
26593,5888,1
26593, 19446,0
24348,2470,1
24348, 19252,0
7736,1498,1
7736, 174,0
13818,10062,1
13818, 6350,0
39880,8678,1
39880, 8601,0
48122,16190,1
48122, 19633,0
44887,18102,1
44887, 15542,0
45393,16325,1
45393, 5553,0
12596,3710,1
12596, 16842,0
35863,7710,1
35863, 14231,0
37614,7223,1
37614, 14805,0
4179,12953,1
4179, 16475,0
34788,15068,1
34788, 18206,0
40215,12395,1
40215, 17815,0
40695,6285,1
40695,19379,0
30674,11494,1
30674,3733,0
6129,15702,1
6129, 15814,0
44159,4365,1
44159, 15874,0
42383,19283,1
42383, 14241,0
43138,6908,1
43138, 5324,0
35262,2965,1
35262, 19626,0
9283,8768,1
9283, 831,0
38053,1359,1
38053, 5396,0
41317,16112,1
41317, 6796,0
48503,8447,1
48503, 12665,0
28120,15544,1
28120, 14784,0
27368,11384,1
27368, 17524,0
36049,6994,1
36049, 17795,0
14553,11114,1
14553, 206,0
42145,574,1
42145, 7281,0
30118,13220,1
30118, 17302,0
23861,7301,1
23861, 17668,0
37575,3899,1
37575, 10780,0
3114,3886,1
3114, 3408,0
42770,17063,1
42770, 10543,0
27100,9971,1
27100, 6086,0
25343,13594,1
25343, 11449,0
6744,9228,1
6744, 5155,0
30040,3614,1
30040, 17795,0
35105,6051,1
35105, 3186,0
44421,5719,1
44421, 10523,0
17239,10114,1
17239,13066,0
17501,5131,1
17501, 8490,0
30203,6539,1
30203, 6737,0
1481,9665,1
1481, 8319,0
22053,5739,1
22053, 1305,0
44076,9958,1
44076, 5084,0
38408,1782,1
38408, 17982,0
34346,18488,1
34346, 17821,0
38166,7346,1
38166, 6829,0
7747,3614,1
7747, 16125,0
19773,17148,1
19773, 3366,0
4116,18781,1
4116, 5838,0
21716,11202,1
21716, 3621,0
33204,11378,1
33204, 7818,0
38283,960,1
38283, 16310,0
16739,5522,1
16739, 14131,0
28047,16741,1
28047, 7990,0
42993,2969,1
42993,14017,0
19526,14199,1
19526, 17292,0
25226,8198,1
25226, 2835,0
43149,17288,1
43149, 5166,0
36177,10008,1
36177, 10829,0
7270,8085,1
7270, 13088,0
25472,13767,1
25472, 967,0
48272,9858,1
48272, 18772,0
46804,16850,1
46804, 18074,0
46027,11274,1
46027, 2862,0
23015,14243,1
23015, 2790,0
48573,4149,1
48573, 19091,0
9756,5165,1
9756, 1050,0
34608,1588,1
34608, 4138,0
37718,11345,1
37718, 14843,0
35524,19639,1
35524,15058,0
36140,16077,1
36140, 15633,0
35831,9410,1
35831, 19082,0
21018,552,1
21018, 9015,0
25016,5401,1
25016, 18323,0
3066,11113,1
3066, 15202,0
40199,6389,1
40199, 480,0
41795,4489,1
41795, 14746,0
41638,15059,1
41638, 10943,0
33497,19324,1
33497, 8693,0
42717,573,1
42717, 5611,0
34193,16405,1
34193, 11896,0
30798,7899,1
30798, 3035,0
29880,7553,1
29880, 18967,0
40522,3665,1
40522, 2848,0
42078,10311,1
42078, 18259,0
31562,8548,1
31562, 2087,0
14632,6392,1
14632, 11453,0
5964,13905,1
5964, 3378,0
33620,18013,1
33620, 4443,0
28017,2565,1
28017, 15921,0
4349,8766,1
4349, 19305,0
27993,14808,1
27993, 10082,0
11281,6188,1
11281, 4286,0
33930,13524,1
33930, 19683,0
42330,1568,1
42330, 13987,0
45277,16447,1
45277, 16629,0
48104,3947,1
48104, 5318,0
39722,2969,1
39722, 12709,0
1733,10932,1
1733, 8992,0
38646,3535,1
38646, 12276,0
32162,17902,1
32162, 19113,0
1115,17796,1
1115,16058,0
26645,18173,1
26645, 10135,0
48121,4991,1
48121, 8633,0
45324,127,1
45324, 19591,0
35334,8392,1
35334, 8075,0
45996,14498,1
45996, 15038,0
1365,4208,1
1365, 3657,0
13038,9512,1
13038, 13008,0
37428,17707,1
37428, 2795,0
49283,3136,1
49283, 19571,0
42379,7917,1
42379, 6464,0
9923,15372,1
9923,9691,0
28335,3341,1
28335, 8565,0
176,6700,1
176, 7237,0
37521,6369,1
37521, 12490,0
15004,11631,1
15004, 16914,0
37781,8980,1
37781, 19045,0
40495,5556,1
40495, 14271,0
41307,2660,1
41307, 1612,0
41820,9720,1
41820, 7326,0
35416,19504,1
35416, 8925,0
11425,13051,1
11425, 16733,0
47626,18488,1
47626, 14248,0
41718,8254,1
41718, 10618,0
49198,18308,1
49198, 12481,0
49073,8203,1
49073, 5300,0
37107,19677,1
37107, 9377,0
16861,7607,1
16861, 9352,0
36125,12327,1
36125, 19664,0
46089,8997,1
46089, 19645,0
27507,10830,1
27507, 11028,0
40206,15087,1
40206, 16842,0
29649,14187,1
29649, 13966,0
12502,2514,1
12502, 19583,0
35218,12745,1
35218, 2081,0
11792,7962,1
11792, 1855,0
16257,19385,1
16257, 11604,0
36357,17151,1
36357, 7632,0
13578,12195,1
13578, 18916,0
24164,127,1
24164, 16871,0
9096,17424,1
9096, 6074,0
41219,6369,1
41219, 6732,0
12962,5572,1
12962, 5519,0
22773,19182,1
22773, 1682,0
44777,776,1
44777, 5308,0
19808,8016,1
19808, 19045,0
30547,18249,1
30547, 6401,0
40735,16382,1
40735, 14023,0
34614,16683,1
34614, 4063,0
10606,13082,1
10606, 7314,0
33498,8785,1
33498, 3405,0
6186,15707,1
6186, 9438,0
9621,12545,1
9621, 4957,0
32933,2969,1
32933, 3639,0
28715,13996,1
28715, 8586,0
26676,1753,1
26676, 3690,0
37869,5935,1
37869, 14826,0
6282,12495,1
6282, 490,0
32234,17526,1
32234, 14959,0
36107,18556,1
36107, 8356,0
42801,12327,1
42801, 12944,0
29504,4870,1
29504, 16569,0
44459,12924,1
44459, 7983,0
39182,15738,1
39182, 17549,0
7949,8085,1
7949, 15255,0
48743,7254,1
48743, 4734,0
30990,8183,1
30990, 2823,0
49640,16057,1
49640, 11982,0
48008,10423,1
48008, 4146,0
36705,12470,1
36705, 8001,0
2323,13749,1
2323, 10984,0
5275,17072,1
5275, 3866,0
42292,15663,1
42292, 12997,0
35700,1245,1
35700, 6446,0
11621,13842,1
11621, 17169,0
20998,13487,1
20998, 8523,0
5759,3079,1
5759, 11690,0
18887,15578,1
18887, 14131,0
20370,13065,1
20370, 4619,0
22286,2770,1
22286, 12867,0
7414,8062,1
7414, 16836,0
34292,9578,1
34292, 8482,0
18286,13012,1
18286, 18970,0
26522,15940,1
26522, 3409,0
11700,12327,1
11700, 6337,0
27240,13197,1
27240, 10000,0
23726,12327,1
23726, 16425,0
43137,7800,1
43137, 17267,0
18663,17672,1
18663, 8699,0
33914,13387,1
33914, 5355,0
43350,17453,1
43350, 7058,0
48598,7585,1
48598, 5917,0
49644,16577,1
49644, 2668,0
26845,1169,1
26845, 3067,0
9654,5325,1
9654, 19486,0
47470,12896,1
47470, 19700,0
47806,13200,1
47806, 10748,0
13663,10049,1
13663, 2190,0
12424,11498,1
12424, 1926,0
21474,10450,1
21474, 13803,0
2436,16385,1
2436, 12659,0
44948,9078,1
44948, 2968,0
1486,7486,1
1486, 13625,0
22214,6188,1
22214, 15414,0
24563,18522,1
24563, 6690,0
8480,12827,1
8480, 7830,0
10462,1666,1
10462, 17013,0
34944,16920,1
34944, 12816,0
31578,3272,1
31578, 6572,0
39032,1463,1
39032, 3797,0
12298,8678,1
12298, 6761,0
22482,16541,1
22482, 5176,0
28759,8687,1
28759, 12572,0
1702,6300,1
1702, 11484,0
8923,13788,1
8923, 1482,0
23429,5025,1
23429, 5729,0
20914,8342,1
20914, 11620,0
15238,15920,1
15238, 7700,0
44585,4138,1
44585, 11068,0
7898,6309,1
7898, 5628,0
24025,17366,1
24025, 17662,0
34653,9074,1
34653, 4084,0
20707,4142,1
20707,18106,0
14221,1005,1
14221, 9622,0
6873,16653,1
6873, 13788,0
38307,9187,1
38307, 5121,0
17618,3851,1
17618, 3664,0
39622,15400,1
39622, 8702,0
15395,17957,1
15395, 7278,0
39272,5118,1
39272, 10042,0
25161,11687,1
25161, 3965,0
37133,888,1
37133, 13706,0
40124,3821,1
40124, 7599,0
12940,2099,1
12940, 16539,0
36533,4684,1
36533, 8701,0
44084,6845,1
44084, 12827,0
13633,4870,1
13633, 8086,0
37345,10942,1
37345, 18285,0
48366,13706,1
48366, 8980,0
31812,3293,1
31812, 12049,0
37970,16413,1
37970, 19302,0
39274,16464,1
39274,9642,0
34047,9063,1
34047,16886,0
27227,4986,1
27227, 19644,0
45338,4986,1
45338,15810,0
42526,11255,1
42526, 3569,0
41908,7963,1
41908, 7038,0
21380,13487,1
21380, 201,0
14229,10013,1
14229, 3317,0
34716,4896,1
34716, 13975,0
11364,4921,1
11364, 9329,0
12127,6539,1
12127,10849,0
15835,4301,1
15835, 9727,0
21568,5942,1
21568, 578,0
30845,10456,1
30845, 12726,0
10521,10535,1
10521, 11515,0
8590,3313,1
8590, 12541,0
16589,3293,1
16589, 16050,0
31815,6832,1
31815, 9439,0
27204,9017,1
27204, 9322,0
20500,4939,1
20500, 13808,0
5506,13704,1
5506, 12028,0
30492,19283,1
30492, 3172,0
24118,15182,1
24118, 17304,0
8748,7940,1
8748, 6734,0
35080,4663,1
35080, 15678,0
4269,7383,1
4269, 19696,0
8825,3021,1
8825, 5243,0
32534,9596,1
32534, 5349,0
49155,15881,1
49155, 3017,0
46310,13295,1
46310, 14206,0
2867,4412,1
2867, 9474,0
4185,17413,1
4185, 18025,0
13925,2469,1
13925, 12832,0
37172,10830,1
37172, 3527,0
12919,11920,1
12919, 2379,0
29678,4169,1
29678, 12732,0
37330,17191,1
37330, 1653,0
36894,7712,1
36894, 6482,0
30861,19167,1
30861, 12049,0
39544,2459,1
39544, 16463,0
24116,17047,1
24116, 16384,0
18377,6448,1
18377, 2702,0
29502,6188,1
29502,15742,0
15330,7607,1
15330, 19626,0
2366,16636,1
2366, 623,0
31151,8580,1
31151, 7180,0
13992,19574,1
13992, 7523,0
15289,12339,1
15289, 16371,0
34353,13220,1
34353, 4858,0
7105,4268,1
7105, 18873,0
26592,3928,1
26592, 6479,0
1426,15068,1
1426, 4133,0
22266,7700,1
22266, 5049,0
45560,17998,1
45560, 3677,0
5983,4991,1
5983, 1431,0
15324,7079,1
15324, 9756,0
46301,4587,1
46301, 10775,0
2420,10694,1
2420, 18206,0
36509,19707,1
36509, 12478,0
44156,12334,1
44156, 4144,0
18059,10146,1
18059, 4630,0
35632,9957,1
35632, 16484,0
40249,1708,1
40249, 18262,0
19444,13434,1
19444, 9728,0
33240,5977,1
33240, 3343,0
23748,12820,1
23748, 3301,0
22635,2871,1
22635, 471,0
28125,8382,1
28125, 17546,0
4288,198,1
4288, 12875,0
16790,8262,1
16790, 1923,0
9720,19059,1
9720, 10294,0
33985,12457,1
33985, 7756,0
25193,18434,1
25193, 18700,0
7461,4509,1
7461, 10550,0
4901,7553,1
4901, 8673,0
15085,6342,1
15085, 3271,0
30772,6312,1
30772, 15107,0
4120,916,1
4120, 2741,0
16780,18096,1
16780, 9181,0
43745,4903,1
43745, 11647,0
41228,9449,1
41228, 10869,0
39280,5885,1
39280, 260,0
15134,707,1
15134, 13423,0
14628,19538,1
14628, 14137,0
25827,11839,1
25827, 6845,0
45772,1411,1
45772, 11228,0
38008,9470,1
38008, 19115,0
49297,5021,1
49297, 9490,0
9940,9599,1
9940, 18811,0
4799,18036,1
4799, 18713,0
34049,3896,1
34049, 1245,0
34445,19537,1
34445, 4902,0
25849,6688,1
25849, 9886,0
12427,7114,1
12427, 17452,0
26871,17569,1
26871, 9596,0
4852,3555,1
4852, 7288,0
6967,680,1
6967, 4502,0
47151,4014,1
47151, 11125,0
15426,17255,1
15426, 4207,0
19629,12327,1
19629,8833,0
38271,3293,1
38271, 18023,0
40470,19188,1
40470, 8945,0
611,12495,1
611, 5808,0
47959,4587,1
47959, 1922,0
10032,13658,1
10032,17933,0
7475,4489,1
7475, 2112,0
24284,4587,1
24284, 6145,0
10465,11576,1
10465, 16936,0
37440,7861,1
37440, 14361,0
13861,4792,1
13861, 12326,0
19734,11620,1
19734, 13461,0
47466,6979,1
47466, 5353,0
31751,3202,1
31751, 18435,0
42274,8671,1
42274, 18527,0
25009,12160,1
25009, 13600,0
6955,8702,1
6955, 13350,0
5753,16033,1
5753, 16419,0
6128,9075,1
6128, 1461,0
6730,6433,1
6730, 10727,0
33096,7526,1
33096, 12666,0
11256,13263,1
11256, 16006,0
34460,4138,1
34460, 9338,0
26825,9672,1
26825, 18974,0
26992,393,1
26992, 6532,0
33788,19726,1
33788, 352,0
46276,10187,1
46276, 11437,0
25599,19541,1
25599, 11361,0
38735,4986,1
38735, 8093,0
27736,10830,1
27736, 11638,0
5593,9813,1
5593, 11530,0
14283,10513,1
14283, 10785,0
5567,2469,1
5567, 15274,0
43998,12896,1
43998, 10200,0
18226,17523,1
18226, 11894,0
3489,7375,1
3489, 10042,0
47277,2106,1
47277, 5323,0
48735,16683,1
48735, 15946,0
35601,960,1
35601, 4825,0
26238,10400,1
26238, 8541,0
27945,6438,1
27945, 8484,0
10492,8980,1
10492, 5962,0
2090,9419,1
2090, 11644,0
16275,3704,1
16275, 13429,0
1246,6135,1
1246, 13987,0
16534,18775,1
16534, 13105,0
37695,16488,1
37695, 712,0
5656,3475,1
5656, 6240,0
1022,18397,1
1022, 367,0
1494,776,1
1494, 5919,0
140,13222,1
140, 9900,0
26732,16398,1
26732, 8856,0
44367,6188,1
44367, 104,0
9109,4014,1
9109, 16102,0
29665,5549,1
29665, 6998,0
25430,9372,1
25430, 2016,0
36440,18392,1
36440, 5405,0
39832,9911,1
39832, 6532,0
2255,17151,1
2255, 9445,0
40714,1923,1
40714, 17827,0
8499,185,1
8499, 12153,0
40052,11398,1
40052, 17331,0
40123,13771,1
40123, 19192,0
21502,16975,1
21502, 2137,0
5199,3870,1
5199, 16518,0
43494,1231,1
43494, 14442,0
15423,7668,1
15423, 18891,0
44783,14054,1
44783, 15478,0
14022,15816,1
14022, 6364,0
26251,14791,1
26251, 6938,0
25960,15702,1
25960, 4798,0
20741,17790,1
20741, 9878,0
46168,19008,1
46168, 7509,0
32853,16380,1
32853, 17660,0
6980,16163,1
6980, 15463,0
26814,13356,1
26814, 10782,0
48742,15633,1
48742, 6765,0
19421,1363,1
19421,1182,0
37201,16594,1
37201, 14453,0
38710,5759,1
38710, 13520,0
34722,16455,1
34722, 9574,0
18264,8067,1
18264, 17945,0
5054,16391,1
5054, 7500,0
36753,16766,1
36753, 4766,0
42305,680,1
42305, 15988,0
31993,16944,1
31993,3677,0
4298,2834,1
4298, 482,0
46621,14802,1
46621, 10663,0
39232,707,1
39232, 8989,0
36970,9449,1
36970, 14730,0
21402,15363,1
21402, 14417,0
7436,1743,1
7436, 15606,0
22753,17634,1
22753, 3324,0
16936,2099,1
16936, 17402,0
24090,18419,1
24090, 5130,0
37981,3412,1
37981, 5795,0
45411,13356,1
45411, 2285,0
7368,3951,1
7368, 10988,0
37288,17993,1
37288, 5712,0
31185,7963,1
31185, 12935,0
40275,16409,1
40275, 1066,0
13359,14558,1
13359, 7997,0
10172,19569,1
10172, 5802,0
21811,12990,1
21811, 3634,0
49366,7288,1
49366, 11133,0
11628,3828,1
11628, 8533,0
1621,2004,1
1621, 6889,0
3439,6073,1
3439, 14770,0
49550,18097,1
49550, 6459,0
11588,16675,1
11588, 14664,0
47348,18418,1
47348, 6218,0
8217,10080,1
8217, 3616,0
2776,16726,1
2776, 43,0
11663,9589,1
11663, 186,0
9308,9842,1
9308, 12302,0
2142,4053,1
2142, 12182,0
13180,680,1
13180, 116,0
27465,19654,1
27465, 18321,0
6268,18186,1
6268, 19310,0
16746,15301,1
16746, 19009,0
5930,18398,1
5930, 468,0
46815,12923,1
46815, 12239,0
2963,12325,1
2963, 11250,0
27707,6505,1
27707, 16396,0
28177,12061,1
28177, 928,0
17983,265,1
17983, 12091,0
9420,19385,1
9420, 4341,0
38671,198,1
38671, 6621,0
38493,10950,1
38493, 10268,0
17922,14757,1
17922, 12054,0
28042,5003,1
28042, 15127,0
20049,14105,1
20049, 8407,0
2766,11052,1
2766, 15335,0
43772,6754,1
43772, 16480,0
45335,3612,1
45335, 1239,0
4081,127,1
4081, 5877,0
46467,7002,1
46467, 17454,0
36039,13489,1
36039, 12068,0
3400,6331,1
3400, 19514,0
44146,13342,1
44146,3190,0
20619,13800,1
20619, 13598,0
36883,16674,1
36883, 7528,0
3370,15372,1
3370, 8042,0
20573,11915,1
20573, 460,0
3174,9334,1
3174, 17007,0
3233,1363,1
3233, 9720,0
15284,14332,1
15284, 6644,0
44247,6015,1
44247, 18260,0
5629,5155,1
5629, 2216,0
47920,17431,1
47920, 15643,0
48896,3966,1
48896,8699,0
28277,12985,1
28277,2209,0
36304,11615,1
36304, 19061,0
18310,17082,1
18310,16673,0
23189,11726,1
23189, 7839,0
43901,4986,1
43901, 16237,0
44902,18400,1
44902, 1956,0
26849,17371,1
26849, 3928,0
23768,13637,1
23768, 17624,0
47907,7038,1
47907, 13898,0
10233,13649,1
10233, 12637,0
49166,7317,1
49166, 16349,0
34966,11719,1
34966, 1459,0
21225,6094,1
21225, 14007,0
16484,8987,1
16484, 5610,0
24869,2137,1
24869,8160,0
40988,8104,1
40988, 12049,0
37732,15477,1
37732, 14293,0
26285,10199,1
26285, 2010,0
48864,57,1
48864, 10702,0
44224,5722,1
44224, 12097,0
21265,4509,1
21265, 9358,0
18438,2668,1
18438, 9834,0
23231,3614,1
23231, 19704,0
44319,12545,1
44319, 14273,0
45371,43,1
45371, 6615,0
109,13101,1
109, 10616,0
13608,19569,1
13608, 2658,0
10353,46,1
10353, 6819,0
36779,14343,1
36779, 11632,0
39642,5916,1
39642, 7621,0
16254,5410,1
16254, 3136,0
18800,17678,1
18800, 13122,0
30014,14433,1
30014, 6788,0
12092,18308,1
12092, 16027,0
30312,5168,1
30312, 10410,0
40562,19574,1
40562, 4780,0
47274,14049,1
47274, 9244,0
23671,4532,1
23671, 5719,0
21515,1777,1
21515, 4412,0
19325,4852,1
19325, 18284,0
9571,5308,1
9571, 19465,0
34131,13232,1
34131, 3358,0
24225,8550,1
24225, 4078,0
31009,17778,1
31009, 9779,0
38798,16569,1
38798, 14418,0
21724,16083,1
21724, 6877,0
35443,5021,1
35443, 4108,0
3818,8615,1
3818, 5848,0
43205,13065,1
43205, 17111,0
26340,4818,1
26340, 11544,0
4470,15539,1
4470, 14842,0
25423,15260,1
25423, 9178,0
37385,4780,1
37385, 1553,0
25454,9566,1
25454, 11930,0
12459,15997,1
12459,13577,0
8892,13508,1
8892, 1369,0
18814,8109,1
18814, 7754,0
36478,11378,1
36478, 17812,0
8768,8550,1
8768,11033,0
17001,8520,1
17001, 18388,0
35900,6677,1
35900, 14899,0
35279,10950,1
35279, 18080,0
972,5358,1
972, 9960,0
44100,15661,1
44100, 10389,0
3337,6814,1
3337, 16629,0
17185,11029,1
17185, 12061,0
34535,5260,1
34535, 14381,0
38156,19537,1
38156, 915,0
9729,10950,1
9729, 10128,0
6521,4412,1
6521, 2574,0
1992,14667,1
1992, 11411,0
42881,15694,1
42881, 19452,0
41218,11437,1
41218, 659,0
26565,16541,1
26565, 8755,0
29307,12327,1
29307, 9965,0
7393,12218,1
7393, 2406,0
45976,18096,1
45976, 14406,0
18251,15858,1
18251,15644,0
48227,11378,1
48227, 17367,0
12584,9487,1
12584, 14186,0
7863,11202,1
7863, 6699,0
24744,2969,1
24744, 2978,0
5358,5722,1
5358, 10144,0
10744,9813,1
10744, 16845,0
34061,15890,1
34061, 12061,0
43820,18303,1
43820, 8776,0
4711,5659,1
4711, 1511,0
1357,11008,1
1357, 17296,0
30711,10042,1
30711, 9077,0
27293,15792,1
27293, 18699,0
27773,14692,1
27773, 17624,0
49101,226,1
49101,9715,0
42311,16789,1
42311, 9075,0
18794,2775,1
18794, 18136,0
6780,6560,1
6780,12748,0
39461,18781,1
39461, 15681,0
1768,3614,1
1768, 3142,0
1687,5978,1
1687, 3889,0
16494,5935,1
16494, 17097,0
13104,504,1
13104, 12434,0
14586,18127,1
14586, 15062,0
30855,3851,1
30855, 9638,0
28536,15976,1
28536, 229,0
47701,19609,1
47701, 4414,0
20702,16577,1
20702, 18285,0
30201,8687,1
30201, 6748,0
15009,16741,1
15009, 15467,0
8565,10025,1
8565, 4489,0
13852,14493,1
13852, 19557,0
11906,10712,1
11906, 1373,0
9143,12205,1
9143, 10560,0
40538,7731,1
40538, 16322,0
31463,7575,1
31463, 13568,0
25258,18238,1
25258, 15738,0
4335,9780,1
4335,2908,0
46620,10278,1
46620, 16157,0
7158,17609,1
7158, 15957,0
38199,6331,1
38199,12401,0
32600,19028,1
32600, 5339,0
13863,14001,1
13863, 15877,0
14258,5100,1
14258, 6598,0
46285,17467,1
46285, 439,0
22973,5802,1
22973, 3450,0
45122,4435,1
45122, 716,0
166,11437,1
166, 906,0
6599,11924,1
6599, 9822,0
732,8446,1
732, 12824,0
39753,9512,1
39753, 11999,0
47477,3772,1
47477, 18193,0
7089,1411,1
7089, 15254,0
11651,1864,1
11651, 2384,0
8735,3851,1
8735,18957,0
39792,2443,1
39792, 12120,0
48289,11894,1
48289, 877,0
36259,19710,1
36259, 18328,0
12539,2964,1
12539, 5947,0
29852,12327,1
29852, 2341,0
45527,16020,1
45527, 899,0
34070,7575,1
34070, 17616,0
32529,3578,1
32529, 17777,0
32274,3720,1
32274, 18895,0
32313,6788,1
32313, 10862,0
7005,6115,1
7005, 5498,0
46055,4950,1
46055,761,0
37058,17223,1
37058, 5892,0
47397,16712,1
47397, 9208,0
37457,5522,1
37457, 739,0
36474,18407,1
36474, 788,0
21831,1112,1
21831, 4308,0
30870,6542,1
30870, 2540,0
23668,6285,1
23668, 3053,0
49123,18770,1
49123, 9551,0
31917,2072,1
31917, 3546,0
48903,3998,1
48903, 7352,0
24039,3998,1
24039, 2693,0
18597,17726,1
18597, 9415,0
3940,7846,1
3940, 5562,0
9370,14199,1
9370, 11097,0
30179,1169,1
30179, 15476,0
35093,1691,1
35093, 13600,0
22682,6736,1
22682, 6636,0
4562,17212,1
4562, 10332,0
15886,2575,1
15886, 6032,0
28823,8408,1
28823, 14820,0
34066,2831,1
34066, 13676,0
31247,8636,1
31247, 4628,0
47200,953,1
47200, 12132,0
4507,2737,1
4507, 13233,0
25767,6960,1
25767, 10424,0
37462,677,1
37462,10305,0
5083,18787,1
5083, 3882,0
29697,18714,1
29697, 15092,0
1766,13568,1
1766, 7114,0
12728,8409,1
12728, 10043,0
3160,17615,1
3160, 17097,0
40438,7252,1
40438,18533,0
5305,18937,1
5305, 2698,0
22268,123,1
22268, 16978,0
45481,12953,1
45481, 9672,0
522,8547,1
522, 2099,0
39943,17172,1
39943, 7375,0
3205,2183,1
3205, 6821,0
27667,17402,1
27667, 14920,0
48356,7607,1
48356, 17578,0
28445,574,1
28445, 4463,0
48683,7451,1
48683, 8800,0
15464,17187,1
15464, 2195,0
24812,7593,1
24812, 14810,0
11967,14802,1
11967,3012,0
34550,14682,1
34550, 3289,0
24069,18407,1
24069, 16743,0
30186,16020,1
30186, 5965,0
21163,17946,1
21163, 8338,0
23539,2,1
23539, 1973,0
9554,13175,1
9554,11604,0
48930,3614,1
48930, 12203,0
6474,4578,1
6474, 3496,0
2815,19537,1
2815,6893,0
6220,6349,1
6220,12706,0
47739,8945,1
47739, 12668,0
21181,7383,1
21181, 5274,0
37108,12093,1
37108, 18469,0
27875,15816,1
27875, 2491,0
42192,18108,1
42192, 4131,0
1944,3579,1
1944, 15753,0
27969,16700,1
27969, 7561,0
20259,2646,1
20259, 15623,0
29546,17320,1
29546, 5428,0
26326,7767,1
26326, 17924,0
36581,1690,1
36581, 13926,0
20215,14772,1
20215, 15188,0
9573,8568,1
9573, 6599,0
21228,7133,1
21228, 4193,0
43196,12327,1
43196, 17567,0
26837,6015,1
26837, 19381,0
40044,2470,1
40044, 18415,0
38532,17862,1
38532, 8213,0
3912,19329,1
3912, 16588,0
9093,13915,1
9093, 3205,0
25021,12327,1
25021, 5197,0
20318,73,1
20318, 19252,0
19001,4346,1
19001,17620,0
31616,3683,1
31616, 5650,0
25051,11605,1
25051, 10961,0
29433,2929,1
29433, 11877,0
13444,3582,1
13444, 974,0
42821,11570,1
42821, 17885,0
31841,18817,1
31841, 15498,0
5623,7079,1
5623, 17705,0
36491,3104,1
36491, 8830,0
38692,15014,1
38692, 7604,0
36976,15372,1
36976, 13659,0
38207,4870,1
38207, 15491,0
5573,3013,1
5573, 16339,0
48298,19175,1
48298, 15816,0
43644,11054,1
43644, 6528,0
31193,7695,1
31193, 15512,0
46256,7079,1
46256, 12342,0
25348,16286,1
25348, 18897,0
43448,3710,1
43448, 4532,0
27331,16908,1
27331, 8062,0
44075,6181,1
44075, 13576,0
14321,17255,1
14321, 7355,0
28415,4023,1
28415, 1091,0
18819,7029,1
18819, 5885,0
17915,12129,1
17915, 14706,0
25008,13848,1
25008, 13766,0
32434,18518,1
32434, 17581,0
36993,2698,1
36993, 3473,0
5451,17471,1
5451, 14948,0
41030,10026,1
41030, 11055,0
34959,14054,1
34959, 16255,0
49956,2884,1
49956, 12897,0
23502,8027,1
23502, 13495,0
48739,5549,1
48739, 19069,0
3311,14414,1
3311, 7408,0
19278,832,1
19278, 3213,0
39981,6275,1
39981, 5338,0
13567,10333,1
13567, 13122,0
25294,14842,1
25294, 18027,0
30465,776,1
30465, 1754,0
27478,1694,1
27478, 9639,0
29478,2010,1
29478, 1114,0
22499,12451,1
22499, 14671,0
18769,7133,1
18769, 19122,0
36880,1595,1
36880, 6192,0
7668,11623,1
7668, 11522,0
32069,14049,1
32069, 1501,0
39778,19609,1
39778, 11124,0
38708,16104,1
38708, 11225,0
1483,19049,1
1483, 12418,0
48736,54,1
48736, 9046,0
27158,16741,1
27158, 9972,0
25039,8096,1
25039, 17095,0
38632,6188,1
38632, 16757,0
34403,15577,1
34403, 2311,0
44062,17013,1
44062, 8920,0
42457,3096,1
42457, 3253,0
35009,2708,1
35009, 17364,0
28853,13285,1
28853, 15572,0
22418,16464,1
22418, 11819,0
41530,1595,1
41530, 17088,0
23763,14638,1
23763, 10049,0
26716,1856,1
26716, 4365,0
6748,705,1
6748, 11495,0
27093,288,1
27093, 9277,0
16542,19569,1
16542, 6181,0
34338,3839,1
34338, 3041,0
178,4818,1
178, 18700,0
707,5405,1
707, 7483,0
44437,17521,1
44437, 15968,0
3250,15791,1
3250, 4727,0
9740,4509,1
9740, 1455,0
14736,17522,1
14736, 13206,0
46378,19324,1
46378, 15815,0
29224,15457,1
29224, 6666,0
37263,16780,1
37263, 11302,0
20189,9374,1
20189, 8823,0
30558,7962,1
30558, 17432,0
26747,10668,1
26747, 12135,0
48355,5410,1
48355, 3115,0
37036,3567,1
37036, 6375,0
10755,4238,1
10755, 843,0
38902,7940,1
38902, 7570,0
13609,9343,1
13609, 10146,0
8874,15400,1
8874, 10367,0
3218,12403,1
3218, 15499,0
7896,18488,1
7896, 3574,0
45775,19549,1
45775, 10477,0
8673,11819,1
8673, 9223,0
10680,7254,1
10680, 17154,0
13279,9495,1
13279, 16984,0
38288,9128,1
38288, 11930,0
13582,11202,1
13582, 8741,0
24922,12327,1
24922, 4378,0
1712,16464,1
1712, 3466,0
3131,14533,1
3131, 12210,0
33595,11378,1
33595, 4637,0
8208,14419,1
8208, 12996,0
22365,17467,1
22365, 7189,0
35932,7962,1
35932, 14287,0
41724,980,1
41724, 1207,0
2044,19489,1
2044, 266,0
600,5032,1
600, 9593,0
17765,1595,1
17765, 17738,0
3919,2659,1
3919, 17601,0
18374,18308,1
18374, 8461,0
39611,9719,1
39611, 11324,0
19854,14414,1
19854, 7920,0
41164,3896,1
41164, 4408,0
27755,12073,1
27755, 15311,0
20792,990,1
20792, 7381,0
43326,7247,1
43326, 6180,0
4727,19188,1
4727, 19364,0
18854,3167,1
18854,5475,0
48232,19459,1
48232, 17372,0
6339,3293,1
6339, 17351,0
31648,15914,1
31648, 7805,0
18617,5159,1
18617, 10311,0
22113,11570,1
22113, 18027,0
34569,989,1
34569, 8386,0
39986,17778,1
39986, 16650,0
8500,10557,1
8500, 17567,0
14942,11920,1
14942, 68,0
12564,17586,1
12564, 11865,0
25784,6581,1
25784, 1430,0
29624,1117,1
29624, 14564,0
43128,6126,1
43128, 18485,0
47896,9564,1
47896, 11033,0
10770,19362,1
10770, 15874,0
39859,128,1
39859, 5541,0
25634,8790,1
25634, 19129,0
38689,6770,1
38689, 9843,0
9574,13489,1
9574, 8848,0
29295,875,1
29295, 12530,0
13034,13356,1
13034, 17191,0
26372,14754,1
26372, 19206,0
13474,8759,1
13474, 16257,0
32115,1753,1
32115, 19612,0
44443,7755,1
44443, 4873,0
37032,15372,1
37032, 2884,0
43622,11669,1
43622, 2191,0
9564,7212,1
9564, 16748,0
34079,12327,1
34079, 13649,0
24186,680,1
24186, 4676,0
589,8465,1
589, 16770,0
13913,9911,1
13913, 4942,0
21937,15988,1
21937, 2099,0
8962,12082,1
8962, 12637,0
6271,6381,1
6271, 19621,0
12907,11419,1
12907, 558,0
1301,2271,1
1301, 5031,0
46398,5274,1
46398, 830,0
47374,1243,1
47374, 8663,0
41551,15692,1
41551, 14821,0
11440,8420,1
11440, 1716,0
15796,2676,1
15796, 6191,0
34032,14758,1
34032, 4687,0
24368,4870,1
24368, 8216,0
23100,3483,1
23100, 12703,0
28936,2599,1
28936, 12742,0
21435,15057,1
21435, 321,0
4951,13236,1
4951, 14951,0
48129,5686,1
48129, 6675,0
47099,7607,1
47099, 156,0
49979,198,1
49979, 18522,0
20330,14476,1
20330, 1699,0
8467,2546,1
8467, 5789,0
745,4521,1
745, 6604,0
29131,14049,1
29131, 16964,0
2275,1778,1
2275,16463,0
36907,11679,1
36907, 5809,0
29591,1411,1
29591, 14662,0
38904,11920,1
38904,10038,0
35178,3821,1
35178, 18579,0
8072,13709,1
8072, 3513,0
22120,3337,1
22120, 11252,0
34808,12497,1
34808, 5757,0
24159,9797,1
24159, 3413,0
34932,12533,1
34932,8842,0
13429,15362,1
13429, 12711,0
42774,8759,1
42774, 4432,0
27925,10448,1
27925, 13701,0
48572,18587,1
48572, 4063,0
19358,10591,1
19358, 2787,0
12506,8820,1
12506, 5469,0
43240,13888,1
43240, 16567,0
8435,2026,1
8435, 12341,0
48286,1396,1
48286, 16437,0
6276,6322,1
6276, 9050,0
5420,17133,1
5420, 10056,0
38201,3555,1
38201, 14863,0
34961,2525,1
34961, 18429,0
10988,11352,1
10988, 8794,0
19941,19649,1
19941, 18066,0
34479,5100,1
34479, 2497,0
28014,16316,1
28014, 5203,0
40396,2687,1
40396, 1086,0
3368,10323,1
3368, 7967,0
6891,14484,1
6891, 5836,0
5019,3614,1
5019, 19571,0
15706,4870,1
15706, 6760,0
13413,4986,1
13413, 13161,0
31328,3854,1
31328, 5637,0
21240,7607,1
21240, 15820,0
12824,7254,1
12824, 19076,0
27370,1463,1
27370, 4046,0
37886,849,1
37886, 11316,0
45403,19481,1
45403, 18270,0
30889,11888,1
30889, 16880,0
10431,680,1
10431, 5015,0
5893,3134,1
5893, 17492,0
43642,776,1
43642, 14091,0
31591,13406,1
31591, 8492,0
18926,12150,1
18926, 7487,0
5517,17072,1
5517, 8596,0
1152,685,1
1152, 3310,0
29524,16652,1
29524, 14332,0
46945,6188,1
46945, 8269,0
40985,15452,1
40985, 11087,0
8915,14835,1
8915, 3927,0
22565,832,1
22565, 6748,0
12556,6630,1
12556, 17324,0
49394,19264,1
49394, 3351,0
4359,16789,1
4359, 10358,0
4410,16852,1
4410, 17442,0
20402,12671,1
20402, 15759,0
4242,16398,1
4242, 9489,0
7226,18488,1
7226, 15795,0
28063,13564,1
28063, 18968,0
42413,16398,1
42413, 2656,0
31821,14815,1
31821, 19171,0
15370,18225,1
15370, 10001,0
17964,12711,1
17964, 3778,0
40908,1777,1
40908, 8637,0
34282,326,1
34282, 5603,0
144,8283,1
144, 16569,0
19218,16780,1
19218, 2893,0
40189,18337,1
40189, 14345,0
8726,5522,1
8726, 16644,0
17890,1363,1
17890, 12400,0
13127,13978,1
13127, 5632,0
45672,4580,1
45672, 6903,0
23463,17217,1
23463, 13866,0
16430,4968,1
16430, 725,0
3359,3828,1
3359, 19729,0
45247,19082,1
45247, 2368,0
1236,18407,1
1236, 6055,0
46713,15758,1
46713, 16314,0
46482,3536,1
46482, 9635,0
45533,13489,1
45533, 4096,0
38625,15724,1
38625, 5470,0
8215,9938,1
8215, 2842,0
933,7207,1
933, 4301,0
26964,19635,1
26964, 7448,0
24977,4558,1
24977, 14947,0
15312,11920,1
15312,6994,0
5024,19065,1
5024, 18822,0
36731,3394,1
36731, 6596,0
18915,9402,1
18915, 6554,0
5803,3895,1
5803,8275,0
46326,18937,1
46326, 12663,0
8718,46,1
8718,3155,0
2017,5413,1
2017, 9865,0
13530,10347,1
13530, 6159,0
28111,13495,1
28111, 4140,0
574,16879,1
574, 5707,0
49942,14869,1
49942, 17284,0
16965,1002,1
16965, 3438,0
10439,2514,1
10439, 15115,0
17095,5572,1
17095, 15666,0
10837,14079,1
10837, 12273,0
2923,11780,1
2923, 3683,0
37725,7242,1
37725, 11904,0
5132,9153,1
5132, 122,0
39593,10948,1
39593, 5065,0
10882,2039,1
10882, 11984,0
30392,15663,1
30392, 17498,0
7588,776,1
7588, 5049,0
8066,16464,1
8066, 13964,0
18041,4850,1
18041, 11565,0
4000,7963,1
4000, 6307,0
26072,680,1
26072, 8735,0
13231,4587,1
13231,14954,0
7695,10297,1
7695, 982,0
27678,11175,1
27678, 7434,0
22200,15663,1
22200, 11,0
37158,8638,1
37158, 13714,0
45021,7806,1
45021, 11890,0
34923,9675,1
34923,13803,0
13011,7440,1
13011, 8397,0
18917,7247,1
18917, 9587,0
36396,1352,1
36396, 9473,0
23400,3073,1
23400, 16823,0
25970,3614,1
25970, 11362,0
33035,680,1
33035, 17735,0
48694,13173,1
48694, 3551,0
21750,4138,1
21750, 15577,0
46424,6292,1
46424, 11869,0
7159,11603,1
7159, 6956,0
36191,2256,1
36191,9555,0
42658,12195,1
42658, 18144,0
28287,2065,1
28287, 11263,0
47118,2969,1
47118,17787,0
43429,13688,1
43429, 17360,0
6558,7511,1
6558, 12795,0
32894,13163,1
32894, 3488,0
4942,4870,1
4942, 13507,0
23399,5128,1
23399, 15826,0
16814,5739,1
16814, 19470,0
48814,6279,1
48814, 3955,0
5289,9589,1
5289, 13140,0
37138,3851,1
37138, 8644,0
41288,9863,1
41288, 19612,0
5166,14345,1
5166, 47,0
21961,19635,1
21961, 4359,0
22180,776,1
22180, 10451,0
4073,9487,1
4073, 15356,0
2892,4838,1
2892, 5946,0
2201,9701,1
2201, 11034,0
41616,19572,1
41616,6015,0
43898,14708,1
43898, 12612,0
29597,9938,1
29597, 4041,0
48640,3614,1
48640, 7860,0
29714,19165,1
29714, 9834,0
21457,11920,1
21457, 3734,0
46142,14136,1
46142, 2541,0
21087,5176,1
21087, 4939,0
1221,953,1
1221, 12508,0
25002,19637,1
25002, 11522,0
48394,12953,1
48394, 14570,0
43413,10512,1
43413, 18698,0
9925,17749,1
9925, 4137,0
13165,3293,1
13165, 18643,0
24953,18249,1
24953, 19328,0
30942,16385,1
30942, 2997,0
8183,17038,1
8183, 13907,0
26786,6883,1
26786, 18956,0
16468,3214,1
16468, 2332,0
45853,7887,1
45853, 3618,0
49428,4164,1
49428, 12282,0
19103,2099,1
19103, 13782,0
29251,13641,1
29251, 10849,0
32696,198,1
32696, 16797,0
10976,13495,1
10976, 10123,0
7836,5948,1
7836, 14288,0
29915,4708,1
29915, 10327,0
10401,638,1
10401, 8049,0
33392,12846,1
33392,11744,0
43899,6183,1
43899, 12319,0
34917,1374,1
34917, 9401,0
23701,14332,1
23701, 8217,0
40209,4292,1
40209, 13602,0
18217,3236,1
18217, 16808,0
31571,482,1
31571, 1510,0
15722,9652,1
15722, 5201,0
30380,11570,1
30380, 5227,0
42488,15372,1
42488, 10858,0
16025,10343,1
16025, 9777,0
4946,11828,1
4946, 7876,0
34101,13173,1
34101, 3808,0
11317,11889,1
11317, 7558,0
37071,19525,1
37071, 18003,0
1916,11868,1
1916, 12888,0
5242,13966,1
5242, 2082,0
7629,15732,1
7629, 4565,0
4970,12640,1
4970, 4090,0
19956,7593,1
19956, 8262,0
17803,13086,1
17803, 17561,0
28535,5100,1
28535, 8520,0
10197,14124,1
10197, 1424,0
16335,16978,1
16335, 3411,0
37434,17439,1
37434, 7512,0
46832,11583,1
46832, 11402,0
15615,17862,1
15615, 16034,0
20861,9910,1
20861, 9766,0
33125,5516,1
33125, 13847,0
16500,17538,1
16500, 4647,0
39990,15673,1
39990, 16385,0
34685,7963,1
34685, 3050,0
28998,10154,1
28998, 9342,0
40036,2200,1
40036, 9071,0
33472,16981,1
33472, 3096,0
21192,947,1
21192, 17054,0
40622,13660,1
40622, 9938,0
24071,3235,1
24071, 2235,0
26940,6597,1
26940, 18147,0
3263,12434,1
3263, 14800,0
26236,15777,1
26236, 15384,0
1105,13808,1
1105, 8551,0
31168,6381,1
31168, 7296,0
7609,12500,1
7609, 6192,0
2119,10201,1
2119, 11362,0
26682,19537,1
26682, 14145,0
8954,4211,1
8954, 2187,0
20091,8605,1
20091, 17287,0
46135,14683,1
46135,17900,0
18457,1640,1
18457, 2958,0
41526,768,1
41526, 6971,0
11703,5432,1
11703, 8564,0
13230,5232,1
13230, 14655,0
4107,7628,1
4107, 13697,0
14072,534,1
14072, 7393,0
46624,222,1
46624, 6941,0
40162,8605,1
40162, 15644,0
17500,9267,1
17500, 8607,0
19114,4627,1
19114, 2023,0
37883,16675,1
37883, 10722,0
49681,13082,1
49681, 10124,0
1401,5049,1
1401, 13284,0
33867,9719,1
33867, 14671,0
20126,3966,1
20126, 1682,0
35968,12254,1
35968, 12383,0
34796,19484,1
34796, 9816,0
44539,7133,1
44539, 6299,0
44145,1267,1
44145, 2344,0
44831,12547,1
44831, 1091,0
36164,5345,1
36164, 10368,0
42642,14234,1
42642, 17364,0
5654,7767,1
5654, 17760,0
10706,15881,1
10706, 7914,0
18463,5413,1
18463, 12189,0
38286,13131,1
38286, 10105,0
27388,4493,1
27388, 16886,0
40503,18609,1
40503, 11627,0
12567,3824,1
12567, 15032,0
2171,14049,1
2171, 7487,0
11426,9579,1
11426, 14424,0
45439,16466,1
45439, 6638,0
37551,18657,1
37551, 7123,0
6868,11393,1
6868, 16146,0
4393,19369,1
4393, 745,0
46769,4699,1
46769, 4613,0
17998,14259,1
17998, 7393,0
10900,13637,1
10900, 12613,0
22661,18589,1
22661, 229,0
16776,9669,1
16776, 14475,0
29598,11419,1
29598, 15577,0
2843,6138,1
2843, 4075,0
1954,9384,1
1954, 14287,0
21231,18303,1
21231, 5758,0
5646,17778,1
5646, 10078,0
9769,15929,1
9769,12948,0
24062,10187,1
24062, 10457,0
32120,19110,1
32120, 12344,0
31370,19537,1
31370, 19711,0
31340,6165,1
31340, 13595,0
38784,6994,1
38784, 6375,0
15204,18611,1
15204, 790,0
7706,5165,1
7706, 848,0
4576,14514,1
4576, 17953,0
16346,12051,1
16346, 6214,0
49903,11297,1
49903, 12721,0
10341,2493,1
10341, 3011,0
34208,10876,1
34208, 14422,0
33352,6188,1
33352, 391,0
45113,14644,1
45113, 6839,0
5928,13052,1
5928, 4341,0
7377,7553,1
7377, 13348,0
7011,14280,1
7011, 4676,0
41662,707,1
41662,16980,0
48031,3013,1
48031, 19016,0
12862,1312,1
12862, 4572,0
5283,8660,1
5283, 17088,0
49737,12073,1
49737, 3429,0
9230,2914,1
9230, 890,0
5256,3337,1
5256, 12622,0
19899,12641,1
19899, 339,0
46274,4412,1
46274, 10242,0
42068,3877,1
42068, 5424,0
3839,11185,1
3839, 13656,0
43805,14784,1
43805, 14980,0
44525,4611,1
44525,9524,0
28272,16418,1
28272, 2835,0
2733,690,1
2733, 7236,0
40690,8512,1
40690, 1571,0
1234,12545,1
1234, 1046,0
28356,1753,1
28356,7224,0
29683,54,1
29683, 1267,0
11487,10475,1
11487, 1146,0
27094,7632,1
27094, 3429,0
31505,8520,1
31505, 11987,0
9070,4328,1
9070, 4080,0
12098,7092,1
12098, 12945,0
11597,11052,1
11597, 7103,0
16760,8085,1
16760, 12843,0
9317,4277,1
9317, 15816,0
42044,17453,1
42044, 4014,0
3790,13829,1
3790, 46,0
25590,10902,1
25590, 1043,0
39887,15203,1
39887, 2547,0
32151,7115,1
32151, 12396,0
46937,6389,1
46937, 11364,0
32000,9438,1
32000, 6982,0
23049,10638,1
23049, 9678,0
30705,5287,1
30705, 10884,0
48248,6183,1
48248, 15842,0
25151,17376,1
25151, 18263,0
19754,5681,1
19754, 19121,0
7684,5021,1
7684, 15136,0
18313,19349,1
18313, 3195,0
29837,5908,1
29837, 450,0
5580,2065,1
5580, 5128,0
48094,13492,1
48094, 16046,0
16082,15057,1
16082, 12067,0
43347,3044,1
43347, 18601,0
37183,3828,1
37183, 11534,0
32420,1570,1
32420, 576,0
3299,18308,1
3299, 3113,0
19824,825,1
19824, 5948,0
15424,2010,1
15424, 8823,0
33450,6329,1
33450, 14934,0
41635,17474,1
41635, 2789,0
36388,10449,1
36388, 13148,0
25532,709,1
25532, 17781,0
49600,875,1
49600, 124,0
23548,11920,1
23548, 5487,0
15124,19654,1
15124, 510,0
12078,9672,1
12078, 6579,0
228,15800,1
228, 18870,0
22197,19569,1
22197, 18820,0
37912,6567,1
37912, 8605,0
21184,559,1
21184, 4446,0
45432,15530,1
45432, 201,0
18168,3899,1
18168, 10046,0
17463,5012,1
17463, 12536,0
24514,19324,1
24514, 6020,0
5317,5300,1
5317, 1623,0
5540,5124,1
5540, 8041,0
47438,7369,1
47438, 14414,0
13257,17796,1
13257, 4238,0
20624,776,1
20624, 17269,0
40037,13637,1
40037, 389,0
35194,14533,1
35194, 14102,0
30732,482,1
30732, 1434,0
27225,7861,1
27225, 7669,0
33535,5750,1
33535, 873,0
24837,2698,1
24837, 10163,0
7215,11670,1
7215, 10615,0
41341,12708,1
41341, 15494,0
17637,15940,1
17637, 2911,0
45043,18096,1
45043, 11754,0
43882,10201,1
43882, 1960,0
20470,9233,1
20470, 9906,0
26329,12569,1
26329, 12016,0
6059,2870,1
6059, 17933,0
13291,524,1
13291,9702,0
49398,10542,1
49398, 9841,0
31536,12218,1
31536, 2225,0
37078,15712,1
37078, 856,0
45119,16560,1
45119, 5873,0
41597,4896,1
41597, 12918,0
22630,15765,1
22630, 4905,0
17055,14167,1
17055, 8964,0
1936,3741,1
1936, 2398,0
30744,17605,1
30744, 14082,0
6692,5121,1
6692,17466,0
7654,16112,1
7654, 1890,0
26893,18961,1
26893, 8345,0
18891,12305,1
18891, 10389,0
26076,11498,1
26076, 13844,0
47776,5534,1
47776, 12321,0
42741,4798,1
42741, 11860,0
20951,11920,1
20951, 15900,0
18706,13767,1
18706, 10731,0
21648,5186,1
21648, 17781,0
28883,5818,1
28883, 6826,0
976,18498,1
976, 6663,0
2548,7079,1
2548, 5024,0
32045,16314,1
32045, 8409,0
29316,7940,1
29316, 4924,0
2227,156,1
2227, 1906,0
9764,3259,1
9764, 16942,0
20212,17338,1
20212, 5506,0
36248,14716,1
36248, 17749,0
36529,14199,1
36529, 13295,0
11667,12327,1
11667, 18246,0
9851,15841,1
9851, 5592,0
42818,17212,1
42818, 7986,0
4234,19175,1
4234,813,0
36567,3135,1
36567,19308,0
47481,13612,1
47481, 5074,0
5217,11368,1
5217, 5353,0
28393,13516,1
28393, 3053,0
13336,6038,1
13336, 5926,0
23740,3772,1
23740, 15572,0
39959,18066,1
39959, 8113,0
3386,4551,1
3386, 15860,0
35974,185,1
35974, 2296,0
14215,13342,1
14215, 453,0
820,11889,1
820, 2094,0
20983,12961,1
20983, 4086,0
43595,6389,1
43595, 1730,0
29588,7174,1
29588, 5159,0
1411,16119,1
1411, 3327,0
35121,18224,1
35121, 14842,0
47811,6505,1
47811, 4900,0
20270,6344,1
20270, 6314,0
7991,5260,1
7991, 10919,0
4145,7575,1
4145, 12746,0
17036,8218,1
17036, 12860,0
14380,2137,1
14380, 10524,0
42086,19179,1
42086, 14430,0
5684,10517,1
5684, 12051,0
41698,9128,1
41698, 9450,0
6879,12474,1
6879, 6769,0
201,12305,1
201, 9702,0
7731,10720,1
7731, 13349,0
36070,17474,1
36070,4766,0
34945,5276,1
34945, 5826,0
18973,18568,1
18973, 7258,0
1020,2099,1
1020, 9966,0
24190,953,1
24190, 3385,0
11647,7575,1
11647, 11122,0
45108,90,1
45108, 4790,0
12510,8217,1
12510, 4644,0
30055,8594,1
30055, 2923,0
21906,3341,1
21906, 1818,0
49754,3271,1
49754, 11171,0
2122,3704,1
2122, 18006,0
48562,6225,1
48562, 7021,0
35613,5032,1
35613, 4390,0
30468,3710,1
30468, 4435,0
28691,16677,1
28691, 1939,0
10411,1465,1
10411, 17424,0
34658,19475,1
34658, 9810,0
11929,14190,1
11929, 12633,0
5393,2761,1
5393, 16749,0
32320,1229,1
32320, 2375,0
36607,3170,1
36607, 11060,0
45720,2443,1
45720, 18558,0
39865,3998,1
39865, 8266,0
12362,10834,1
12362, 6600,0
27525,19715,1
27525, 8256,0
33853,200,1
33853, 10268,0
2948,8484,1
2948, 19212,0
3026,17795,1
3026, 12551,0
32477,15539,1
32477, 5739,0
22727,14066,1
22727, 11103,0
31696,11419,1
31696, 13808,0
4769,12715,1
4769, 17615,0
13021,5645,1
13021, 10709,0
10444,11924,1
10444, 17996,0
28648,8272,1
28648, 9311,0
11079,12644,1
11079, 4602,0
44594,11175,1
44594, 9075,0
36343,3847,1
36343, 7177,0
39218,7849,1
39218, 6053,0
11377,17523,1
11377, 12342,0
20958,12944,1
20958, 1468,0
40845,2969,1
40845, 18251,0
16376,15372,1
16376, 5187,0
1296,5935,1
1296, 371,0
33113,3683,1
33113, 1673,0
6714,10782,1
6714, 3312,0
41748,18658,1
41748, 10432,0
38698,19726,1
38698, 759,0
49254,18781,1
49254, 13680,0
7666,19484,1
7666, 10751,0
18292,18312,1
18292, 2695,0
22954,4242,1
22954, 6779,0
3055,9863,1
3055, 9622,0
32388,17704,1
32388, 9275,0
26044,19574,1
26044, 8441,0
24737,5506,1
24737, 884,0
35934,9816,1
35934, 7861,0
37466,12761,1
37466, 11373,0
23475,2633,1
23475, 6074,0
2513,6165,1
2513, 15820,0
22170,1708,1
22170, 8434,0
5933,3443,1
5933, 5599,0
25463,15312,1
25463, 6980,0
21939,12699,1
21939, 7859,0
6347,3704,1
6347, 2808,0
28383,5043,1
28383, 16248,0
33512,2322,1
33512, 16016,0
2638,3341,1
2638, 12456,0
12932,7383,1
12932, 14800,0
22367,12745,1
22367, 17141,0
42598,5625,1
42598, 1772,0
43653,9017,1
43653, 19335,0
43755,16534,1
43755, 3227,0
23343,16077,1
23343, 3591,0
39327,10827,1
39327, 1231,0
39983,1844,1
39983, 9608,0
23891,16322,1
23891, 1646,0
38407,18780,1
38407, 18255,0
25052,12444,1
25052, 7442,0
44046,19245,1
44046, 10397,0
40435,7782,1
40435, 16951,0
38346,14433,1
38346, 5394,0
3178,13082,1
3178, 2188,0
13623,6138,1
13623,7741,0
13842,17402,1
13842, 17357,0
29513,90,1
29513, 3179,0
29220,17767,1
29220, 18206,0
25394,17823,1
25394, 18043,0
49453,4211,1
49453, 11172,0
21608,855,1
21608, 11665,0
19510,19188,1
19510, 6600,0
2064,13263,1
2064, 10343,0
28021,3021,1
28021,4040,0
21573,15136,1
21573, 5150,0
25917,6017,1
25917, 5125,0
3463,9651,1
3463, 11654,0
47698,5032,1
47698, 13502,0
37073,18143,1
37073, 6529,0
5410,911,1
5410, 3190,0
43603,6581,1
43603, 2311,0
7346,7254,1
7346, 12913,0
49818,5915,1
49818, 17488,0
25944,7223,1
25944, 18323,0
25588,17663,1
25588, 3674,0
46704,5301,1
46704, 11411,0
47976,11372,1
47976, 6771,0
742,8457,1
742, 16405,0
24252,9797,1
24252, 5288,0
28372,6756,1
28372, 8759,0
13339,18108,1
13339, 13406,0
15427,16741,1
15427, 7434,0
14251,156,1
14251, 677,0
15990,17672,1
15990, 1923,0
43208,11924,1
43208, 17552,0
47027,677,1
47027, 6077,0
24184,7383,1
24184, 8095,0
47856,12327,1
47856, 17707,0
38054,7089,1
38054, 13537,0
36532,12508,1
36532, 8972,0
18626,19465,1
18626, 4343,0
6120,11752,1
6120, 3775,0
26677,832,1
26677, 11389,0
9441,17497,1
9441, 14746,0
35196,2344,1
35196, 8615,0
8635,18495,1
8635, 4072,0
24555,15059,1
24555, 17133,0
20893,9322,1
20893, 554,0
5108,12500,1
5108, 8479,0
41643,5739,1
41643, 6705,0
1261,15775,1
1261, 15019,0
19145,7133,1
19145, 3341,0
11251,5946,1
11251, 12211,0
5764,2514,1
5764, 10278,0
46567,10667,1
46567, 4305,0
48191,13704,1
48191, 5990,0
37136,18225,1
37136, 1601,0
36322,7038,1
36322, 11087,0
32294,14234,1
32294, 2893,0
2162,16190,1
2162, 4708,0
24535,8085,1
24535, 15374,0
7947,17439,1
7947, 19168,0
44404,13316,1
44404, 19360,0
1831,9231,1
1831, 13348,0
956,3614,1
956, 2753,0
27069,11920,1
27069, 2553,0
33704,7254,1
33704, 7352,0
37910,9014,1
37910, 2284,0
12830,16697,1
12830, 10876,0
19311,4296,1
19311,6460,0
17020,5815,1
17020, 7664,0
20686,7455,1
20686, 4484,0
8006,18005,1
8006, 18398,0
31508,6806,1
31508,7588,0
29148,15091,1
29148, 12398,0
33384,4921,1
33384, 15816,0
48632,18745,1
48632, 5338,0
39596,16418,1
39596, 3551,0
824,19549,1
824, 7806,0
14480,12454,1
14480, 705,0
3843,8096,1
3843, 2251,0
5807,6104,1
5807, 12626,0
4572,14662,1
4572, 9178,0
22280,19349,1
22280, 17063,0
20685,11920,1
20685, 10513,0
26079,16501,1
26079, 18011,0
38295,16061,1
38295, 12529,0
8082,990,1
8082, 4649,0
30832,15182,1
30832, 8762,0
48946,7254,1
48946, 209,0
28651,7548,1
28651, 15490,0
32281,12327,1
32281, 9134,0
22523,16061,1
22523, 16446,0
39258,14928,1
39258, 2359,0
36231,12953,1
36231, 5935,0
43103,18398,1
43103, 7189,0
49513,19365,1
49513, 11986,0
43191,11175,1
43191,18043,0
19599,8086,1
19599, 4223,0
21911,6156,1
21911, 7544,0
9686,17796,1
9686, 16651,0
16793,8776,1
16793, 14784,0
45569,346,1
45569, 3797,0
14868,6433,1
14868, 15426,0
23349,8548,1
23349, 2004,0
40580,13842,1
40580, 16731,0
16987,15881,1
16987, 12463,0
21274,1448,1
21274, 13577,0
26782,11378,1
26782, 8526,0
25791,13249,1
25791, 2493,0
18401,15372,1
18401, 4790,0
1680,18730,1
1680, 12305,0
34538,5207,1
34538, 1694,0
40616,4792,1
40616, 1284,0
6862,2936,1
6862, 3429,0
25918,17023,1
25918,12264,0
37292,10132,1
37292, 5288,0
27173,14660,1
27173, 16139,0
44540,8605,1
44540,10199,0
7009,5432,1
7009, 14692,0
30249,12327,1
30249, 10397,0
19843,19130,1
19843, 5792,0
46870,16687,1
46870, 10023,0
23608,2775,1
23608, 19140,0
40524,11924,1
40524, 8750,0
40734,6983,1
40734, 717,0
49930,17350,1
49930, 4454,0
12057,17403,1
12057, 5776,0
27583,14692,1
27583, 13355,0
32013,15777,1
32013, 15950,0
18846,14551,1
18846, 15126,0
42516,7383,1
42516, 11721,0
39784,9128,1
39784, 8670,0
12975,5021,1
12975, 2089,0
7598,15363,1
7598, 3651,0
48627,12745,1
48627, 3798,0
41676,2271,1
41676,18875,0
16252,17835,1
16252, 12534,0
20334,14533,1
20334, 10449,0
37889,9333,1
37889, 11174,0
16699,15458,1
16699, 9058,0
39721,5207,1
39721, 2876,0
29456,12403,1
29456, 5716,0
5395,2942,1
5395,5579,0
44806,6774,1
44806, 16468,0
48154,19432,1
48154, 104,0
953,3826,1
953, 3236,0
27629,15929,1
27629, 712,0
25768,8856,1
25768, 8170,0
42409,5572,1
42409, 6157,0
13182,18654,1
13182, 17432,0
4884,4870,1
4884, 12914,0
28442,11278,1
28442, 2459,0
49040,8095,1
49040, 539,0
29301,12327,1
29301, 10530,0
29471,11576,1
29471, 15451,0
14511,5554,1
14511, 7815,0
44393,8163,1
44393, 4780,0
37754,16313,1
37754, 14430,0
37053,17736,1
37053, 3013,0
24808,7089,1
24808, 2594,0
2225,6448,1
2225, 16240,0
108,2758,1
108, 16963,0
38062,13131,1
38062, 16388,0
46287,18314,1
46287, 18359,0
34890,5300,1
34890, 6579,0
37429,6138,1
37429, 18295,0
43060,2322,1
43060, 3025,0
34016,9017,1
34016, 18179,0
22667,11924,1
22667,2725,0
15316,2336,1
15316, 13718,0
27307,3241,1
27307, 9402,0
37289,3966,1
37289, 2740,0
43268,5572,1
43268, 47,0
7299,7546,1
7299, 4687,0
37455,14558,1
37455, 3460,0
12912,5032,1
12912, 16428,0
31958,17704,1
31958, 1572,0
36594,2064,1
36594, 16986,0
13505,19121,1
13505, 10623,0
22787,12457,1
22787, 17417,0
39144,12549,1
39144, 706,0
34071,11920,1
34071, 10374,0
17517,8448,1
17517, 1352,0
24964,5159,1
24964, 12352,0
8599,2870,1
8599, 16419,0
18986,15301,1
18986, 8266,0
36076,3293,1
36076, 13680,0
9312,16190,1
9312, 12316,0
34981,19609,1
34981, 16738,0
24540,5756,1
24540, 947,0
30961,14489,1
30961, 17760,0
42241,16741,1
42241, 522,0
1111,9500,1
1111,13122,0
36283,14638,1
36283,15049,0
32753,11576,1
32753, 19073,0
45617,10393,1
45617,6557,0
16669,3947,1
16669, 13927,0
21540,13286,1
21540, 1640,0
36958,14123,1
36958, 13549,0
44454,19714,1
44454, 8098,0
21357,18398,1
21357, 12955,0
1760,19465,1
1760, 12781,0
33811,8109,1
33811, 17720,0
34862,7950,1
34862, 3368,0
16093,3947,1
16093, 10194,0
20802,8183,1
20802, 5252,0
33465,14432,1
33465, 6500,0
4564,5659,1
4564, 3136,0
20321,3236,1
20321, 10711,0
41962,19484,1
41962, 1973,0
18740,12745,1
18740, 17403,0
11887,19654,1
11887, 6459,0
700,6774,1
700, 10027,0
5135,16936,1
5135,3972,0
20453,18654,1
20453, 9968,0
36126,10323,1
36126, 1183,0
1009,11948,1
1009, 18843,0
20476,15362,1
20476,7434,0
24827,6782,1
24827, 5144,0
3712,4541,1
3712, 11897,0
36927,19206,1
36927, 17356,0
39624,14082,1
39624, 3203,0
9959,12602,1
9959, 16579,0
13078,11028,1
13078, 8199,0
28513,15031,1
28513, 7407,0
19827,3704,1
19827, 10451,0
27074,12327,1
27074, 4521,0
40113,11242,1
40113, 15897,0
25391,1312,1
25391, 13216,0
35100,15709,1
35100, 19206,0
46208,8064,1
46208, 10742,0
18859,17322,1
18859, 223,0
38142,11185,1
38142, 3554,0
37954,14032,1
37954, 11648,0
33370,11437,1
33370, 7171,0
8945,12992,1
8945, 9654,0
23556,17113,1
23556, 11199,0
47008,15060,1
47008, 10996,0
32032,16919,1
32032, 2845,0
23954,12249,1
23954, 11746,0
32562,2420,1
32562, 18495,0
18385,14899,1
18385, 10351,0
7093,13082,1
7093, 11623,0
24073,5711,1
24073, 17664,0
8766,4684,1
8766, 2069,0
44586,3614,1
44586, 7366,0
409,10231,1
409, 3024,0
15718,6772,1
15718, 17865,0
5485,6729,1
5485, 2191,0
36937,9416,1
36937, 12476,0
19826,10374,1
19826, 6812,0
25826,15881,1
25826, 1689,0
46920,16736,1
46920, 17532,0
35814,3097,1
35814, 4985,0
47013,13051,1
47013, 8442,0
2228,19569,1
2228, 4815,0
49759,11494,1
49759, 7930,0
11837,16417,1
11837, 17569,0
10999,9634,1
10999, 8412,0
25824,13871,1
25824,7298,0
33063,4549,1
33063, 15906,0
18962,10602,1
18962, 19120,0
7534,19369,1
7534, 15633,0
20819,15374,1
20819,3852,0
16896,3361,1
16896, 15906,0
16985,17879,1
16985, 4818,0
26376,7296,1
26376, 8310,0
41633,13770,1
41633, 17470,0
18334,1198,1
18334, 45,0
30283,6554,1
30283, 5873,0
26039,4596,1
26039, 8676,0
210,15086,1
210, 1077,0
29986,1648,1
29986, 18944,0
8823,14513,1
8823, 10600,0
49015,8016,1
49015, 15122,0
16303,6913,1
16303, 16119,0
44283,4708,1
44283, 11478,0
34411,10765,1
34411, 2862,0
39173,9971,1
39173, 2025,0
19707,16267,1
19707, 4102,0
41880,2849,1
41880, 9415,0
27159,5125,1
27159,15810,0
38164,428,1
38164, 15991,0
39708,2770,1
39708,10168,0
11221,7575,1
11221, 8941,0
38583,18901,1
38583, 6400,0
5295,10298,1
5295, 12547,0
28046,7369,1
28046, 18316,0
9699,8687,1
9699, 17355,0
32602,6015,1
32602, 17165,0
1920,8605,1
1920, 9998,0
25061,3847,1
25061, 9333,0
49036,10744,1
49036, 138,0
4925,15174,1
4925, 824,0
14246,12254,1
14246, 6799,0
3039,5739,1
3039, 8249,0
36027,15363,1
36027,13848,0
32210,18246,1
32210, 18647,0
31102,15363,1
31102, 9216,0
43017,15593,1
43017,7288,0
14308,3947,1
14308, 6230,0
13249,18730,1
13249, 19052,0
28284,6126,1
28284,8735,0
27658,16682,1
27658, 15260,0
6781,5195,1
6781, 11752,0
42972,11804,1
42972, 18819,0
29935,10726,1
29935, 2029,0
33264,12994,1
33264, 17008,0
17760,18005,1
17760, 10804,0
33841,6381,1
33841, 17038,0
25600,18308,1
25600, 9968,0
27608,3634,1
27608, 8686,0
33748,10146,1
33748, 8481,0
371,5358,1
371, 5885,0
23285,13626,1
23285, 18066,0
20773,680,1
20773, 11839,0
39353,1163,1
39353, 8643,0
7474,2320,1
7474, 5789,0
36685,11924,1
36685, 4718,0
19014,7851,1
19014, 17701,0
35170,14049,1
35170, 5149,0
10525,12565,1
10525, 8829,0
797,2034,1
797, 8209,0
43398,13929,1
43398, 13815,0
16866,16852,1
16866, 10458,0
39156,8671,1
39156, 16033,0
35661,12316,1
35661, 16896,0
46314,14272,1
46314, 554,0
16889,15766,1
16889, 16133,0
27085,181,1
27085, 15080,0
45352,8527,1
45352, 12042,0
8443,5530,1
8443, 2122,0
46910,14054,1
46910, 19529,0
31629,4277,1
31629, 16936,0
45421,11025,1
45421, 12073,0
22846,3772,1
22846, 14730,0
13766,6741,1
13766, 11794,0
24594,18249,1
24594, 2685,0
30807,6729,1
30807, 3628,0
42368,775,1
42368, 10360,0
22759,8671,1
22759, 12182,0
27477,7767,1
27477,15490,0
37408,19282,1
37408, 3185,0
23808,9384,1
23808, 19292,0
43062,8324,1
43062, 14882,0
21390,18392,1
21390, 334,0
36442,4069,1
36442, 6354,0
8586,3621,1
8586, 13284,0
21713,8890,1
21713, 12028,0
16546,3293,1
16546,12612,0
28,18993,1
28, 2963,0
25111,339,1
25111, 2876,0
42925,16613,1
42925, 3851,0
8568,4621,1
8568, 12314,0
49729,4031,1
49729, 3739,0
29574,4870,1
29574, 8830,0
4511,1231,1
4511, 10575,0
2485,2703,1
2485, 1691,0
6259,14558,1
6259, 19179,0
26708,8671,1
26708, 4049,0
40691,15673,1
40691, 18947,0
25766,12622,1
25766, 15692,0
24456,8739,1
24456, 18736,0
42861,13012,1
42861, 16965,0
34933,18589,1
34933, 14535,0
4561,18781,1
4561, 19525,0
32055,8480,1
32055, 17156,0
18045,14167,1
18045, 14570,0
20322,17279,1
20322, 12885,0
23201,5405,1
23201, 10643,0
23106,11839,1
23106, 11719,0
15798,15860,1
15798, 13333,0
21686,10622,1
21686, 16160,0
41655,18005,1
41655, 15646,0
23825,6911,1
23825, 15984,0
45321,2969,1
45321,1928,0
30188,9963,1
30188, 6007,0
43963,296,1
43963, 6089,0
49724,5659,1
49724, 14951,0
23663,16197,1
23663, 4823,0
6455,17695,1
6455,15846,0
48920,12361,1
48920, 3012,0
19378,3808,1
19378, 6570,0
34985,4509,1
34985, 16030,0
23366,11437,1
23366, 1144,0
3336,7316,1
3336, 7382,0
3043,12316,1
3043, 19565,0
25751,3328,1
25751, 8676,0
29304,3963,1
29304, 14429,0
9296,11924,1
9296, 16158,0
12647,18775,1
12647, 11827,0
35186,6913,1
35186, 6601,0
37544,7963,1
37544, 12757,0
37813,54,1
37813, 15201,0
31177,4825,1
31177,5159,0
47822,2065,1
47822, 15712,0
26412,75,1
26412, 2145,0
12761,15897,1
12761, 9991,0
44909,680,1
44909, 17219,0
18279,18741,1
18279, 15431,0
19348,12953,1
19348, 780,0
27041,8264,1
27041, 16937,0
48007,11151,1
48007, 358,0
29857,19537,1
29857, 17398,0
46327,14683,1
46327, 1925,0
49029,12418,1
49029,13603,0
36342,6960,1
36342, 5325,0
3363,11434,1
3363, 8095,0
24402,10025,1
24402, 7230,0
3532,8925,1
3532, 6433,0
1743,7223,1
1743, 19276,0
19450,15304,1
19450, 19567,0
18363,1214,1
18363, 2204,0
40184,18516,1
40184, 6380,0
5902,2543,1
5902, 2159,0
1178,17684,1
1178, 8617,0
39617,14692,1
39617, 14230,0
46503,12397,1
46503, 10844,0
49403,4865,1
49403, 824,0
3796,11758,1
3796, 17122,0
43102,19572,1
43102, 15420,0
21727,4991,1
21727, 6127,0
26199,274,1
26199, 14304,0
24463,16986,1
24463, 6073,0
26596,2273,1
26596, 1986,0
39680,13438,1
39680, 13948,0
36694,4988,1
36694, 7899,0
13540,6256,1
13540, 7998,0
4954,15807,1
4954, 11438,0
38540,15094,1
38540, 4111,0
38322,16248,1
38322, 1704,0
25854,2963,1
25854, 3723,0
26535,8678,1
26535, 8533,0
5718,6568,1
5718, 10201,0
22721,12545,1
22721, 1361,0
11899,16190,1
11899, 8803,0
24966,8160,1
24966, 6499,0
48292,574,1
48292, 15893,0
32387,504,1
32387, 7186,0
6292,8480,1
6292, 4,0
48149,7252,1
48149, 19567,0
12553,18715,1
12553, 13194,0
34704,12678,1
34704, 14141,0
30067,18781,1
30067, 9244,0
12108,6349,1
12108, 5552,0
39014,12827,1
39014, 2232,0
24610,9952,1
24610, 6338,0
15866,8856,1
15866, 12674,0
44254,6690,1
44254, 12510,0
7386,10682,1
7386, 6045,0
43594,16936,1
43594, 16310,0
7443,19465,1
7443, 9896,0
23790,8336,1
23790, 4990,0
6962,10114,1
6962, 2632,0
45571,12724,1
45571, 16897,0
6463,2470,1
6463, 377,0
39494,5232,1
39494, 4727,0
648,6743,1
648, 11318,0
28766,14032,1
28766, 9021,0
49409,4909,1
49409, 3851,0
44327,9042,1
44327, 11660,0
39574,8324,1
39574, 8917,0
40950,18265,1
40950, 13081,0
12671,4404,1
12671, 4976,0
26055,7222,1
26055, 13143,0
11658,16074,1
11658, 11910,0
28106,2852,1
28106, 4530,0
914,19172,1
914, 13512,0
35729,2761,1
35729, 2183,0
47805,18715,1
47805, 15157,0
31026,1986,1
31026, 8103,0
49826,2065,1
49826, 10045,0
47828,15581,1
47828, 414,0
14014,13065,1
14014, 19058,0
25583,4366,1
25583,5979,0
16177,15955,1
16177, 13524,0
22614,16541,1
22614, 7016,0
15239,226,1
15239, 18688,0
24332,8446,1
24332, 8804,0
1294,17263,1
1294, 17798,0
19503,14124,1
19503, 16896,0
9346,7963,1
9346, 4105,0
21417,14433,1
21417,9966,0
33678,16378,1
33678, 4166,0
24660,16850,1
24660, 1850,0
137,13526,1
137, 7247,0
18923,13842,1
18923, 13865,0
8454,7548,1
8454, 3195,0
2593,1363,1
2593, 19201,0
30748,14343,1
30748, 17971,0
24238,4029,1
24238, 17867,0
39633,12358,1
39633, 18813,0
36805,11444,1
36805, 11551,0
17419,7271,1
17419,4359,0
14011,5940,1
14011,11295,0
5840,8209,1
5840,10904,0
23646,848,1
23646, 2980,0
37815,4731,1
37815, 18238,0
25911,574,1
25911, 14803,0
20174,6572,1
20174,2931,0
12976,17001,1
12976, 5739,0
21003,1002,1
21003, 9364,0
16444,15372,1
16444, 3591,0
16924,16128,1
16924, 16451,0
20832,6814,1
20832, 1380,0
10551,1024,1
10551,16960,0
7337,9564,1
7337, 17755,0
10867,16892,1
10867, 12398,0
32439,4583,1
32439, 4591,0
34833,16529,1
34833, 16187,0
15278,4286,1
15278, 12893,0
29647,8096,1
29647, 11743,0
29126,6138,1
29126, 10135,0
29948,8637,1
29948, 10829,0
31297,19245,1
31297, 4064,0
42287,8953,1
42287, 1098,0
6751,13932,1
6751, 2575,0
43685,7804,1
43685, 18984,0
49141,4075,1
49141, 14794,0
4101,5293,1
4101, 17294,0
36000,17413,1
36000, 8699,0
6445,5044,1
6445, 6757,0
18998,13379,1
18998, 17163,0
18948,8085,1
18948, 12653,0
18525,5430,1
18525, 19601,0
30727,15277,1
30727, 18875,0
23396,7854,1
23396, 14466,0
32393,8324,1
32393, 9270,0
4860,4208,1
4860, 5004,0
21048,8671,1
21048, 9403,0
46139,10090,1
46139, 4575,0
43126,5719,1
43126, 6871,0
39659,18407,1
39659, 2394,0
13762,19182,1
13762, 19690,0
46000,3851,1
46000, 18566,0
3199,14878,1
3199, 13546,0
8278,9075,1
8278, 4060,0
10516,16174,1
10516, 9510,0
918,2389,1
918, 9659,0
47727,2795,1
47727, 6732,0
49828,11920,1
49828,36,0
652,1864,1
652, 12816,0
5291,9128,1
5291, 15066,0
42214,12745,1
42214, 15732,0
31897,7383,1
31897, 3549,0
5918,18253,1
5918, 10443,0
18546,1974,1
18546, 15037,0
3660,18981,1
3660, 6537,0
37419,7063,1
37419, 17835,0
6712,18224,1
6712, 16705,0
31138,11920,1
31138, 5601,0
5699,4,1
5699, 18967,0
331,10021,1
331, 19711,0
40417,19486,1
40417, 9055,0
8607,4541,1
8607, 2104,0
38662,7818,1
38662, 9823,0
35619,12072,1
35619, 7990,0
10229,15031,1
10229, 4829,0
35387,10314,1
35387, 13093,0
43453,1258,1
43453, 17022,0
6705,11649,1
6705, 1443,0
29983,2137,1
29983, 929,0
22671,12361,1
22671, 8668,0
10720,3527,1
10720, 17163,0
49309,3890,1
49309, 468,0
17695,15498,1
17695, 4232,0
37877,3614,1
37877, 10598,0
44872,13406,1
44872, 1808,0
49248,8829,1
49248, 12672,0
2609,17171,1
2609, 18514,0
10208,4870,1
10208, 15763,0
25003,17322,1
25003, 8647,0
6567,15581,1
6567, 16462,0
447,240,1
447, 9548,0
38023,14564,1
38023, 10645,0
13420,12675,1
13420, 2612,0
22151,16861,1
22151, 17424,0
41018,8693,1
41018, 5206,0
44792,14682,1
44792, 13380,0
42100,10367,1
42100, 531,0
4462,14558,1
4462, 11572,0
22579,156,1
22579, 11642,0
16916,18488,1
16916,5696,0
14603,4612,1
14603, 10722,0
5725,19541,1
5725, 3933,0
15265,2267,1
15265, 4858,0
14341,17374,1
14341, 17974,0
31485,6126,1
31485, 6156,0
15472,9500,1
15472,5636,0
41159,2486,1
41159, 10575,0
11775,5911,1
11775, 17183,0
2828,707,1
2828, 12994,0
9696,12023,1
9696, 15162,0
967,16155,1
967, 12436,0
7681,16794,1
7681, 12457,0
31832,16794,1
31832, 12028,0
1553,7252,1
1553, 3782,0
9850,16240,1
9850,19249,0
8398,10718,1
8398, 19243,0
28730,1690,1
28730, 4247,0
23012,19217,1
23012, 18596,0
13010,15673,1
13010,7210,0
14756,3895,1
14756, 8357,0
19316,5578,1
19316,17063,0
6006,12073,1
6006, 12918,0
9829,453,1
9829, 8475,0
1625,12630,1
1625, 3078,0
22568,7393,1
22568, 6982,0
4172,18900,1
4172, 2066,0
43485,6783,1
43485, 3954,0
14165,16027,1
14165, 9091,0
27683,6826,1
27683, 11174,0
15380,5572,1
15380, 3991,0
32845,2211,1
32845, 11114,0
24496,3772,1
24496, 1036,0
21000,14343,1
21000, 12328,0
35516,3468,1
35516, 485,0
5405,4736,1
5405, 2908,0
26733,8678,1
26733, 1853,0
29409,680,1
29409, 8578,0
26082,13934,1
26082, 12398,0
43152,19481,1
43152, 10549,0
12638,7316,1
12638, 3210,0
43210,8155,1
43210, 6281,0
31688,1186,1
31688, 16994,0
21149,776,1
21149, 4677,0
39536,6138,1
39536, 18088,0
44633,18407,1
44633,2845,0
35839,17497,1
35839, 2864,0
26330,19088,1
26330, 907,0
20625,6143,1
20625, 5652,0
48654,9128,1
48654, 9415,0
6029,266,1
6029, 195,0
17968,6579,1
17968, 13076,0
47666,14433,1
47666, 5390,0
31660,6897,1
31660, 5401,0
45865,9675,1
45865, 13009,0
11027,9449,1
11027, 18805,0
44399,7821,1
44399, 47,0
34063,1728,1
34063, 2987,0
35317,6845,1
35317, 13791,0
29443,16252,1
29443, 8313,0
39339,6150,1
39339, 4578,0
34289,4558,1
34289, 6734,0
11521,3614,1
11521, 9072,0
14001,634,1
14001, 12764,0
12175,7694,1
12175, 15313,0
12297,13356,1
12297, 11997,0
46356,15781,1
46356, 11458,0
22306,6557,1
22306, 12028,0
22232,7996,1
22232, 9451,0
43057,9651,1
43057, 16513,0
7349,19299,1
7349, 6413,0
12489,908,1
12489, 3328,0
8854,4072,1
8854, 8836,0
1814,4818,1
1814, 17422,0
16064,12241,1
16064, 17067,0
33615,14574,1
33615, 411,0
43040,15825,1
43040, 13359,0
3597,15988,1
3597, 18180,0
27351,3621,1
27351, 19156,0
8624,6188,1
8624, 13321,0
9514,825,1
9514, 16036,0
49308,14049,1
49308, 1299,0
15892,13767,1
15892, 19135,0
7408,12946,1
7408, 1700,0
31965,17824,1
31965, 4385,0
21944,16734,1
21944, 2371,0
34672,8218,1
34672, 10145,0
9375,7607,1
9375, 17662,0
10446,3998,1
10446, 10415,0
16118,3941,1
16118, 10053,0
18636,1463,1
18636, 18249,0
25643,13829,1
25643, 14182,0
487,17624,1
487,2756,0
46056,9665,1
46056, 17924,0
13072,7917,1
13072, 10822,0
15739,11924,1
15739, 7189,0
49239,3271,1
49239, 12549,0
7080,6571,1
7080, 17403,0
17857,8349,1
17857, 5550,0
30005,4638,1
30005, 10611,0
3566,17467,1
3566, 11948,0
29495,18538,1
29495, 4627,0
24832,13996,1
24832, 7180,0
13930,3614,1
13930, 17465,0
18522,17787,1
18522, 18952,0
15101,17364,1
15101,3541,0
29392,11082,1
29392, 19645,0
47794,7731,1
47794, 8639,0
27271,5106,1
27271, 18745,0
42444,18097,1
42444, 7846,0
32496,11889,1
32496, 7155,0
12776,17053,1
12776, 1571,0
9819,11419,1
9819, 14840,0
20909,12339,1
20909, 3705,0
36978,274,1
36978, 18206,0
40082,18392,1
40082, 4551,0
38744,10114,1
38744, 12241,0
7313,19188,1
7313, 5569,0
28763,16780,1
28763, 6127,0
15058,6883,1
15058, 741,0
13088,15965,1
13088, 838,0
47790,13576,1
47790, 4465,0
1890,11875,1
1890, 913,0
23860,8420,1
23860, 10053,0
30132,5149,1
30132, 2016,0
47305,15914,1
47305, 6036,0
8664,17072,1
8664, 13461,0
806,10647,1
806, 13393,0
34924,12327,1
34924, 8069,0
39906,10736,1
39906, 18864,0
12081,8820,1
12081, 3428,0
21809,15182,1
21809, 15308,0
41622,6282,1
41622, 15255,0
14151,10080,1
14151, 15066,0
29184,3614,1
29184, 724,0
25551,6646,1
25551, 9737,0
47025,10097,1
47025, 15192,0
12309,939,1
12309, 5966,0
21739,15372,1
21739, 18926,0
33479,14332,1
33479, 18754,0
10552,1357,1
10552, 9799,0
19492,4882,1
19492, 5099,0
47838,2633,1
47838, 15936,0
20917,11386,1
20917,5842,0
38880,12327,1
38880, 17561,0
6434,15988,1
6434, 17228,0
28109,14564,1
28109, 3920,0
31741,11175,1
31741, 19459,0
19171,947,1
19171, 8042,0
13899,12533,1
13899, 10955,0
45297,7963,1
45297, 19308,0
10816,5795,1
10816, 13142,0
26840,6469,1
26840, 11021,0
16601,10099,1
16601, 18579,0
39804,16316,1
39804, 1339,0
22611,2521,1
22611, 5822,0
23220,12802,1
23220, 11987,0
48385,19626,1
48385, 16046,0
14905,4069,1
14905, 12315,0
9187,15559,1
9187, 3114,0
15914,3601,1
15914, 16908,0
10957,7546,1
10957, 2026,0
13799,11241,1
13799, 6277,0
39217,12808,1
39217, 196,0
14792,4142,1
14792, 207,0
21251,9489,1
21251, 3439,0
42107,15498,1
42107, 10833,0
8819,7896,1
8819, 4028,0
27381,6390,1
27381, 15122,0
49861,4274,1
49861, 4115,0
30140,11570,1
30140, 12970,0
36300,18225,1
36300, 12315,0
26968,12470,1
26968, 10950,0
15683,3443,1
15683, 13454,0
25106,19537,1
25106, 10697,0
31672,9596,1
31672,7996,0
1740,6188,1
1740, 14130,0
203,11929,1
203, 11315,0
43451,7204,1
43451, 12093,0
35337,6104,1
35337, 1015,0
13460,17142,1
13460, 16160,0
45483,5260,1
45483, 3812,0
9597,19182,1
9597, 15020,0
33948,10082,1
33948, 145,0
23367,8085,1
23367, 17865,0
17083,1982,1
17083, 14076,0
4968,3637,1
4968, 3052,0
3795,4997,1
3795, 16534,0
44335,12327,1
44335, 7796,0
2339,3704,1
2339, 17572,0
34834,18013,1
34834, 1608,0
23877,2659,1
23877, 17433,0
8302,8085,1
8302, 13803,0
40160,14345,1
40160, 15677,0
42112,7940,1
42112, 8766,0
26755,547,1
26755, 13066,0
36244,15539,1
36244, 5593,0
11878,7079,1
11878, 1081,0
28182,19129,1
28182, 14568,0
19214,4010,1
19214,17288,0
23202,960,1
23202, 19731,0
14637,13182,1
14637, 4900,0
21260,1650,1
21260, 3896,0
42108,2371,1
42108, 16805,0
44085,14190,1
44085, 775,0
27112,2567,1
27112, 11436,0
47071,10984,1
47071, 19422,0
38216,19307,1
38216, 16743,0
13909,7917,1
13909, 18893,0
33375,7191,1
33375, 10115,0
31700,11924,1
31700, 5049,0
7035,8671,1
7035,10165,0
49613,10190,1
49613, 19350,0
33991,10696,1
33991, 16027,0
28751,15312,1
28751, 10634,0
33226,4921,1
33226, 18555,0
11314,7798,1
11314, 15135,0
23881,12474,1
23881, 14564,0
49281,3157,1
49281, 19600,0
21210,3293,1
21210, 7767,0
24570,19315,1
24570, 16634,0
23059,11791,1
23059, 642,0
20374,17955,1
20374, 18293,0
28461,14383,1
28461, 7614,0
21854,7382,1
21854, 5892,0
39848,12205,1
39848, 4225,0
7691,1163,1
7691, 17695,0
3327,16398,1
3327, 10932,0
35285,15858,1
35285, 9763,0
47433,18654,1
47433, 9054,0
39940,10540,1
39940, 17401,0
48346,9975,1
48346, 6449,0
8375,7821,1
8375, 3097,0
16764,11033,1
16764, 1621,0
17142,16678,1
17142, 5300,0
1850,16158,1
1850, 13312,0
16562,8217,1
16562, 12650,0
36256,14638,1
36256, 9850,0
26815,9639,1
26815, 15478,0
48253,1454,1
48253, 8638,0
39124,3704,1
39124, 3625,0
45251,11785,1
45251, 7002,0
23085,8338,1
23085,7326,0
27229,18699,1
27229, 13140,0
17002,10323,1
17002, 9074,0
24408,16840,1
24408, 518,0
7268,3412,1
7268, 14891,0
10534,10830,1
10534, 11494,0
21969,14513,1
21969, 15314,0
43037,8945,1
43037, 15348,0
3574,17156,1
3574, 4103,0
46510,17858,1
46510, 891,0
20136,3847,1
20136, 13847,0
45850,14584,1
45850, 6073,0
37702,9343,1
37702, 6327,0
15190,5432,1
15190, 17640,0
5180,12196,1
5180, 90,0
5528,690,1
5528, 17431,0
29563,14610,1
29563, 4591,0
32140,8007,1
32140, 14483,0
7233,690,1
7233, 8784,0
33345,3614,1
33345, 17682,0
28633,14261,1
28633, 8356,0
12754,9701,1
12754, 17540,0
39870,11190,1
39870, 15566,0
44556,11148,1
44556, 12801,0
47849,2910,1
47849, 13156,0
29990,4338,1
29990, 9021,0
5264,16267,1
5264, 3951,0
16901,5044,1
16901, 6044,0
32555,15491,1
32555, 4776,0
47220,504,1
47220, 3002,0
10476,11752,1
10476, 19362,0
48141,11920,1
48141, 14980,0
19699,7227,1
19699, 15185,0
2781,10887,1
2781, 5310,0
11593,4618,1
11593, 7537,0
35711,16569,1
35711, 8461,0
30526,13767,1
30526, 12005,0
33580,12867,1
33580, 13675,0
41279,15363,1
41279, 5153,0
22725,10676,1
22725, 2332,0
31976,3851,1
31976, 13603,0
25250,17796,1
25250, 16769,0
3821,4440,1
3821, 16062,0
4702,6126,1
4702,18718,0
33558,17178,1
33558, 16268,0
38504,574,1
38504, 19559,0
16706,6099,1
16706, 19234,0
26080,5802,1
26080, 17063,0
36948,18332,1
36948, 5277,0
29171,4489,1
29171, 2282,0
4710,3596,1
4710, 16992,0
23897,4541,1
23897, 1682,0
28179,2344,1
28179, 12189,0
40585,18036,1
40585, 17512,0
1771,13356,1
1771, 5793,0
31664,15196,1
31664, 1231,0
40680,15775,1
40680, 14598,0
2226,18407,1
2226, 3705,0
23088,12299,1
23088, 7250,0
11863,9985,1
11863, 16329,0
1767,17656,1
1767, 14291,0
14967,15807,1
14967, 14843,0
13321,3563,1
13321, 19327,0
10448,644,1
10448, 5060,0
33417,17456,1
33417, 14727,0
8385,18879,1
8385, 16903,0
1752,13012,1
1752, 4171,0
17730,3614,1
17730, 7210,0
45398,1923,1
45398, 3372,0
320,270,1
320, 10085,0
27991,333,1
27991, 9366,0
192,3756,1
192, 11625,0
5850,5935,1
5850, 17879,0
40157,1592,1
40157, 15813,0
1501,12327,1
1501, 11470,0
21364,19082,1
21364, 15467,0
37974,8543,1
37974, 12655,0
48490,19182,1
48490, 17506,0
19507,5719,1
19507, 18180,0
1817,11615,1
1817, 8834,0
47484,683,1
47484, 3067,0
2030,1482,1
2030, 13932,0
44469,12752,1
44469, 2378,0
17653,11073,1
17653, 6811,0
4626,1243,1
4626, 1523,0
11561,5828,1
11561, 4948,0
34189,54,1
34189, 19277,0
30594,9489,1
30594, 16814,0
37161,15841,1
37161, 9985,0
45896,2806,1
45896, 3435,0
42777,4870,1
42777, 6615,0
14075,3167,1
14075, 15191,0
17356,9834,1
17356, 5470,0
41122,9822,1
41122, 1890,0
48096,8480,1
48096, 6777,0
43462,3097,1
43462, 3631,0
2669,11368,1
2669, 4191,0
129,11003,1
129, 4825,0
20871,4818,1
20871, 15505,0
6371,6369,1
6371, 10751,0
14060,3828,1
14060, 14891,0
41687,17192,1
41687, 17561,0
18651,9578,1
18651, 19559,0
14950,17472,1
14950, 17821,0
16954,13430,1
16954, 2279,0
1701,13012,1
1701, 13388,0
18942,3260,1
18942, 18929,0
44296,9926,1
44296, 130,0
8130,4421,1
8130, 9153,0
43604,12474,1
43604,13186,0
11974,7544,1
11974, 609,0
25412,8660,1
25412, 17322,0
33168,2010,1
33168,12953,0
3435,7233,1
3435, 12250,0
6667,4994,1
6667, 18486,0
30426,7494,1
30426, 17760,0
1039,14461,1
1039, 9108,0
25455,17520,1
25455, 953,0
7264,7583,1
7264,8907,0
13522,6015,1
13522, 19246,0
23684,2806,1
23684, 10088,0
37915,16924,1
37915, 12490,0
31495,15542,1
31495, 5955,0
37662,5021,1
37662,11795,0
33589,10782,1
33589, 1764,0
1634,5897,1
1634, 10908,0
8111,17407,1
8111, 3106,0
8132,11924,1
8132, 1177,0
31984,13603,1
31984, 5793,0
42926,5645,1
42926, 3005,0
27802,4939,1
27802, 899,0
42152,12763,1
42152, 5037,0
41293,2599,1
41293, 15738,0
28860,11744,1
28860, 6539,0
48567,8938,1
48567, 17771,0
26469,1448,1
26469, 3999,0
9295,2014,1
9295, 5079,0
11545,3851,1
11545, 14844,0
21196,12470,1
21196, 1463,0
34494,13074,1
34494, 4823,0
44622,1411,1
44622, 5166,0
3105,14140,1
3105, 5616,0
46176,6165,1
46176, 17839,0
4528,1570,1
4528, 17738,0
35537,19149,1
35537, 1819,0
8514,13126,1
8514,14716,0
38512,728,1
38512, 11408,0
15836,17113,1
15836,2360,0
7555,14365,1
7555, 10025,0
28094,13583,1
28094, 18118,0
46871,680,1
46871, 8699,0
34527,19572,1
34527, 15040,0
14646,14979,1
14646, 18507,0
18049,18870,1
18049, 2622,0
21994,12073,1
21994, 690,0
39425,16853,1
39425, 5295,0
26102,12990,1
26102, 8741,0
23632,12763,1
23632, 13042,0
16293,6680,1
16293, 17946,0
24376,12687,1
24376,18793,0
24152,14559,1
24152, 12745,0
9409,10493,1
9409, 15564,0
25188,18781,1
25188, 14105,0
30290,3890,1
30290, 12352,0
44974,14049,1
44974, 9114,0
40595,6160,1
40595,5686,0
11804,12191,1
11804, 13522,0
6355,16020,1
6355,9557,0
29485,6938,1
29485, 18397,0
44490,12896,1
44490, 17646,0
36661,4896,1
36661, 19449,0
45875,8288,1
45875, 9288,0
31000,533,1
31000, 14821,0
16454,8118,1
16454, 17864,0
4922,11924,1
4922, 7442,0
20682,9652,1
20682, 10551,0
20310,14054,1
20310, 658,0
37332,19278,1
37332, 17353,0
47194,3082,1
47194, 19635,0
32093,2585,1
32093, 10505,0
17267,16625,1
17267, 16102,0
32047,11920,1
32047, 11565,0
44920,8085,1
44920, 14860,0
28319,14167,1
28319, 73,0
2813,18820,1
2813, 3210,0
25638,16675,1
25638, 13996,0
1001,12703,1
1001, 194,0
24790,17778,1
24790, 18895,0
19447,990,1
19447, 5713,0
23309,9361,1
23309, 3579,0
23525,9042,1
23525, 9056,0
16946,5422,1
16946, 12999,0
33583,4509,1
33583, 11509,0
29836,5178,1
29836, 11052,0
10378,7056,1
10378, 14230,0
43973,7687,1
43973, 12746,0
21828,11498,1
21828, 9714,0
28893,7546,1
28893, 10299,0
27531,18849,1
27531, 2366,0
20220,11920,1
20220, 9098,0
49973,832,1
49973, 7243,0
7068,9544,1
7068, 2468,0
48727,776,1
48727,3477,0
11334,13694,1
11334, 13081,0
32871,15301,1
32871, 6513,0
18555,12959,1
18555, 894,0
35352,563,1
35352, 11793,0
16229,17740,1
16229, 12653,0
20427,1624,1
20427,19664,0
18450,13495,1
18450, 3134,0
42019,18341,1
42019, 6959,0
24586,6743,1
24586, 6423,0
16915,15694,1
16915, 4110,0
19096,5572,1
19096, 5260,0
24640,15348,1
24640, 3879,0
28952,8440,1
28952, 2326,0
32566,11003,1
32566, 11343,0
19838,9779,1
19838, 1651,0
14695,7247,1
14695, 1505,0
5023,13012,1
5023, 6633,0
23738,19165,1
23738,16027,0
36168,8160,1
36168, 2859,0
48933,5897,1
48933, 2232,0
12186,15988,1
12186, 7849,0
48233,6732,1
48233, 5300,0
41417,11367,1
41417, 5651,0
23750,16579,1
23750, 12052,0
17715,270,1
17715, 16572,0
13646,8203,1
13646, 12780,0
25489,3828,1
25489, 1448,0
31719,15955,1
31719, 8264,0
43888,12495,1
43888, 2315,0
12250,4069,1
12250, 10585,0
15743,9042,1
15743, 8907,0
16872,428,1
16872, 8827,0
12207,9490,1
12207, 19734,0
45645,5815,1
45645, 5802,0
37571,18480,1
37571, 17819,0
30149,18699,1
30149, 10273,0
7449,14049,1
7449, 5789,0
26878,12327,1
26878, 6381,0
13562,5192,1
13562, 27,0
20809,12952,1
20809, 6275,0
49797,16876,1
49797, 3410,0
37401,10291,1
37401, 16649,0
11632,6120,1
11632, 15895,0
7727,953,1
7727, 1177,0
43753,18341,1
43753, 14355,0
2719,19439,1
2719, 2121,0
3354,19432,1
3354, 12233,0
42424,8085,1
42424, 14435,0
23243,19158,1
23243, 2697,0
30905,10311,1
30905, 10932,0
15332,17611,1
15332, 1106,0
33092,17490,1
33092, 812,0
1933,372,1
1933, 44,0
14250,11890,1
14250, 15663,0
3480,4435,1
3480, 9005,0
34148,16124,1
34148, 9351,0
14398,7440,1
14398, 4622,0
27106,6543,1
27106, 13023,0
19082,16339,1
19082, 13837,0
23466,5337,1
23466, 10128,0
31873,2097,1
31873, 8198,0
112,989,1
112, 2602,0
29821,7446,1
29821, 3186,0
33429,3485,1
33429, 11140,0
17792,12495,1
17792, 14570,0
23988,8457,1
23988, 12191,0
29919,4138,1
29919, 12953,0
38321,533,1
38321, 12456,0
32593,4169,1
32593, 5526,0
32139,432,1
32139, 4310,0
28099,3582,1
28099, 5526,0
14441,2831,1
14441, 5060,0
25984,482,1
25984, 18265,0
28962,14885,1
28962, 5121,0
38324,8787,1
38324, 1339,0
16855,7940,1
16855, 3035,0
43831,7997,1
43831, 1051,0
47611,6094,1
47611, 4065,0
17537,14049,1
17537, 4670,0
34533,17212,1
34533, 9024,0
49334,9042,1
49334, 3778,0
19886,17053,1
19886, 263,0
35226,4072,1
35226,7001,0
3508,5757,1
3508, 14279,0
11072,13003,1
11072, 18115,0
4077,1411,1
4077, 15159,0
5679,10853,1
5679, 14791,0
48113,16385,1
48113, 10190,0
15105,16162,1
15105, 19612,0
44503,3022,1
44503,16625,0
16109,177,1
16109, 912,0
24534,14,1
24534, 8630,0
29090,16794,1
29090, 7573,0
33311,10732,1
33311, 6704,0
35533,11498,1
35533, 3631,0
5222,6615,1
5222, 15178,0
2483,5100,1
2483, 14950,0
35862,2831,1
35862, 6713,0
577,11920,1
577, 6650,0
49375,18407,1
49375, 4860,0
8960,18488,1
8960, 14834,0
6288,17243,1
6288, 9743,0
34642,6581,1
34642, 7591,0
33253,14259,1
33253, 2647,0
37694,17850,1
37694, 11052,0
11012,2273,1
11012, 3722,0
47201,8085,1
47201, 2065,0
16044,18013,1
16044, 13589,0
34502,19654,1
34502, 12292,0
25783,1451,1
25783, 8409,0
7656,1477,1
7656, 12500,0
42300,11544,1
42300, 12944,0
17093,15162,1
17093, 4178,0
11548,6167,1
11548, 2946,0
22595,18179,1
22595, 1973,0
5621,4412,1
5621, 7326,0
11287,19624,1
11287, 19131,0
19756,12924,1
19756, 2484,0
2622,2247,1
2622, 2271,0
9612,16981,1
9612, 12352,0
11523,19709,1
11523, 6857,0
22193,10513,1
22193, 7867,0
37530,15610,1
37530, 12732,0
13222,7094,1
13222, 18161,0
24349,12058,1
24349, 13512,0
40569,7029,1
40569, 17189,0
47177,5549,1
47177, 10367,0
530,8747,1
530, 12997,0
40259,11437,1
40259, 10902,0
35536,387,1
35536, 133,0
38413,18332,1
38413, 3582,0
1194,7767,1
1194, 5988,0
28746,18775,1
28746, 3515,0
46505,13356,1
46505, 11435,0
29243,4870,1
29243, 14981,0
14066,19706,1
14066, 16890,0
33507,8702,1
33507, 6417,0
16171,215,1
16171, 7854,0
16214,4289,1
16214, 599,0
46029,17292,1
46029, 4601,0
102,5759,1
102, 12612,0
27277,13353,1
27277, 8738,0
133,19541,1
133, 7079,0
34588,9273,1
34588, 3296,0
273,5739,1
273, 9450,0
24800,11645,1
24800, 19324,0
12964,4227,1
12964, 13211,0
6740,1921,1
6740, 17623,0
31469,9291,1
31469, 1846,0
35998,4818,1
35998,5556,0
5238,7607,1
5238,17227,0
15894,16796,1
15894, 894,0
17815,6713,1
17815, 16805,0
19161,6630,1
19161, 2777,0
27614,17821,1
27614, 9616,0
49732,16480,1
49732, 19583,0
13910,12451,1
13910, 15745,0
8479,10634,1
8479, 7096,0
8325,11202,1
8325, 15087,0
39997,18316,1
39997, 4687,0
11852,9098,1
11852, 12719,0
20432,18407,1
20432, 9245,0
8755,453,1
8755, 7643,0
43009,4924,1
43009, 8645,0
20611,17497,1
20611, 11202,0
7582,358,1
7582, 12827,0
16135,11920,1
16135, 8164,0
17049,5572,1
17049, 3157,0
14595,2667,1
14595, 8551,0
8804,634,1
8804, 16539,0
7307,15302,1
7307, 13096,0
49226,9651,1
49226, 7866,0
38693,707,1
38693, 19254,0
12886,16155,1
12886,14255,0
26127,6188,1
26127, 7495,0
10105,1493,1
10105, 13294,0
42605,12896,1
42605, 16525,0
2191,16418,1
2191, 5340,0
41516,14273,1
41516, 16510,0
25726,1002,1
25726, 17453,0
42229,9589,1
42229, 13454,0
15373,982,1
15373, 19316,0
39868,15830,1
39868, 10356,0
38377,12210,1
38377, 16596,0
586,2831,1
586, 2820,0
9446,7695,1
9446, 10037,0
15226,10534,1
15226, 14936,0
27622,7133,1
27622, 321,0
22837,4986,1
22837, 5750,0
42719,11052,1
42719, 15163,0
41181,5410,1
41181,9086,0
24019,12334,1
24019, 13083,0
2579,13568,1
2579, 11224,0
9348,17063,1
9348, 10887,0
12865,8953,1
12865, 3925,0
5526,18699,1
5526, 17381,0
35206,9128,1
35206, 19293,0
16130,16759,1
16130, 5409,0
43125,8096,1
43125, 4988,0
9325,19515,1
9325, 712,0
31511,18913,1
31511, 16267,0
1448,17293,1
1448, 14280,0
33549,7546,1
33549, 5300,0
36011,7511,1
36011, 14959,0
36030,18249,1
36030, 169,0
35281,6903,1
35281, 17331,0
38551,7233,1
38551, 5294,0
29333,11174,1
29333, 15312,0
40309,10904,1
40309, 2183,0
11388,8660,1
11388, 4421,0
16442,14392,1
16442, 2271,0
28146,11175,1
28146, 12186,0
48264,12168,1
48264, 3693,0
21207,680,1
21207, 9816,0
24656,14345,1
24656, 1512,0
30458,1739,1
30458,11161,0
49755,13440,1
49755, 1410,0
36257,15777,1
36257, 121,0
10975,12057,1
10975, 3808,0
23644,3555,1
23644, 17781,0
23215,14392,1
23215, 19102,0
33300,5159,1
33300, 15430,0
16544,3614,1
16544, 9816,0
3234,16391,1
3234, 1573,0
2293,4412,1
2293, 4164,0
14652,3839,1
14652, 5031,0
19586,7044,1
19586, 5392,0
948,9384,1
948, 5625,0
35275,14791,1
35275, 4108,0
384,6285,1
384, 15132,0
26595,5908,1
26595, 7996,0
2597,15542,1
2597, 19218,0
28750,14054,1
28750, 12423,0
639,14552,1
639, 14947,0
14433,11808,1
14433,4373,0
23377,17431,1
23377, 3838,0
33925,19217,1
33925, 2672,0
18773,1237,1
18773, 2088,0
3414,15702,1
3414, 16091,0
38370,13842,1
38370, 10393,0
32213,8660,1
32213, 10623,0
10188,8147,1
10188, 3930,0
1958,11297,1
1958, 1081,0
41129,11321,1
41129, 2580,0
4558,14747,1
4558, 16961,0
10180,6589,1
10180, 18421,0
1064,6665,1
1064, 13844,0
22043,7607,1
22043, 9015,0
13177,19504,1
13177, 5944,0
1796,10187,1
1796, 7791,0
30508,16741,1
30508, 11646,0
39442,7818,1
39442, 17002,0
94,10029,1
94, 7044,0
46150,7207,1
46150, 8829,0
42610,6660,1
42610, 3114,0
39817,4169,1
39817, 10272,0
34856,3851,1
34856, 18978,0
40715,13454,1
40715, 18356,0
42552,2115,1
42552, 8104,0
14033,6816,1
14033, 1279,0
29323,13065,1
29323, 144,0
21590,4896,1
21590,10702,0
48613,17072,1
48613, 18554,0
37482,4124,1
37482, 2399,0
36892,14815,1
36892, 365,0
34951,9708,1
34951, 1169,0
20263,15955,1
20263, 9945,0
39211,16178,1
39211, 7948,0
38014,17322,1
38014, 10157,0
28315,19130,1
28315, 9351,0
39974,13193,1
39974, 2594,0
12342,16682,1
12342,537,0
46198,15702,1
46198, 1111,0
125,18528,1
125, 15363,0
35223,2557,1
35223, 19200,0
27559,2204,1
27559, 9142,0
45038,17072,1
45038, 8850,0
22414,9033,1
22414, 13125,0
8465,10696,1
8465, 17682,0
16820,16541,1
16820, 11572,0
2507,16682,1
2507, 3341,0
8875,123,1
8875, 19130,0
39493,4912,1
39493, 14136,0
6675,8538,1
6675, 16079,0
46294,16536,1
46294, 19401,0
49454,3628,1
49454, 17578,0
45936,7186,1
45936, 2069,0
46874,13829,1
46874, 5138,0
39065,7038,1
39065, 19416,0
35835,8813,1
35835, 19224,0
4055,6505,1
4055, 15103,0
24862,5424,1
24862, 1646,0
15619,15471,1
15619, 1771,0
19633,1350,1
19633, 18682,0
6052,4342,1
6052, 15738,0
17829,13067,1
17829, 3963,0
27729,17704,1
27729, 7671,0
39410,982,1
39410, 13821,0
8801,18748,1
8801, 14768,0
40492,8165,1
40492, 19545,0
27717,7383,1
27717, 11033,0
11452,13709,1
11452, 8735,0
21914,11141,1
21914, 19434,0
515,11297,1
515, 4843,0
14825,6310,1
14825, 6709,0
33692,10932,1
33692, 1454,0
16593,1623,1
16593, 393,0
29608,12327,1
29608, 3526,0
40359,3601,1
40359, 16310,0
5056,17664,1
5056, 113,0
24280,9672,1
24280, 16146,0
22171,16061,1
22171, 17151,0
15785,13232,1
15785, 5853,0
23487,19569,1
23487, 7587,0
4816,4149,1
4816, 19387,0
8357,17210,1
8357,14716,0
27128,14684,1
27128, 2521,0
19581,7983,1
19581, 9334,0
36327,1624,1
36327, 14953,0
26048,7192,1
26048, 18120,0
13843,3078,1
13843, 12985,0
7177,9050,1
7177, 3149,0
40762,1777,1
40762, 10654,0
19119,7588,1
19119, 4254,0
21991,16104,1
21991, 7207,0
26672,4939,1
26672, 9015,0
3627,6448,1
3627, 16230,0
38459,6392,1
38459, 8871,0
25142,11544,1
25142, 16697,0
7740,7317,1
7740, 9254,0
46941,17946,1
46941, 8263,0
14062,16477,1
14062, 11022,0
25486,14552,1
25486, 11904,0
18946,17322,1
18946, 12168,0
30475,14558,1
30475, 7366,0
37897,6826,1
37897, 5632,0
40063,10754,1
40063, 11828,0
590,12846,1
590, 6062,0
3194,10602,1
3194, 8967,0
3288,16920,1
3288, 3324,0
28933,2380,1
28933, 8266,0
42518,3142,1
42518, 18379,0
38427,2546,1
38427, 9864,0
20025,16874,1
20025, 4917,0
25673,1349,1
25673, 18624,0
33721,11889,1
33721, 10867,0
48140,15165,1
48140, 18972,0
11827,8936,1
11827, 13818,0
3143,9449,1
3143, 16014,0
3842,7619,1
3842, 15188,0
48992,9153,1
48992, 37,0
41677,1411,1
41677, 19190,0
33363,8692,1
33363, 7211,0
18311,6167,1
18311,17440,0
29914,563,1
29914, 7316,0
29294,4328,1
29294, 1562,0
5133,7987,1
5133, 16413,0
39041,5948,1
39041, 10388,0
24809,14433,1
24809, 12214,0
41022,5225,1
41022, 7242,0
14525,3828,1
14525,2371,0
19195,1689,1
19195, 4865,0
16993,12495,1
16993, 15185,0
31860,3424,1
31860, 16718,0
47485,5919,1
47485, 15200,0
13267,13440,1
13267, 8206,0
18841,3337,1
18841, 3579,0
7095,3238,1
7095, 3202,0
34592,11202,1
34592, 5592,0
15895,5049,1
15895, 4171,0
9647,4183,1
9647, 16120,0
5532,2247,1
5532, 16121,0
21953,8945,1
21953, 13440,0
1326,4890,1
1326, 16505,0
25105,11178,1
25105, 13818,0
3590,5907,1
3590,5426,0
22710,19384,1
22710, 17037,0
36679,12914,1
36679, 15400,0
45264,5759,1
45264, 2363,0
30661,16474,1
30661, 4476,0
27782,12327,1
27782, 4838,0
12051,1977,1
12051, 17080,0
31130,9322,1
31130, 5845,0
36141,3637,1
36141, 8995,0
24055,5935,1
24055, 11869,0
40911,3361,1
40911, 7457,0
41780,16675,1
41780, 12949,0
35634,2384,1
35634, 11194,0
36464,4870,1
36464, 19729,0
13431,2204,1
13431, 9635,0
641,11920,1
641, 18867,0
18562,11920,1
18562, 15805,0
31883,4029,1
31883, 18972,0
16812,10583,1
16812, 1686,0
19564,10539,1
19564, 10562,0
25234,4289,1
25234, 13441,0
36180,2969,1
36180, 13351,0
35526,14953,1
35526, 4040,0
49509,18097,1
49509, 271,0
32018,15955,1
32018, 16024,0
13900,1856,1
13900, 2034,0
43034,11663,1
43034, 12510,0
46234,6732,1
46234, 12641,0
48638,12327,1
48638, 2960,0
46695,4583,1
46695, 2761,0
2566,13706,1
2566, 7749,0
22637,15260,1
22637, 3596,0
14286,17293,1
14286, 19563,0
17105,7486,1
17105, 2632,0
44661,8739,1
44661, 16095,0
10440,2775,1
10440, 13934,0
12933,16993,1
12933, 17440,0
13280,8349,1
13280, 365,0
43925,6539,1
43925, 11345,0
35011,12980,1
35011, 7038,0
45405,15368,1
45405, 7790,0
25794,5712,1
25794, 2573,0
27838,19324,1
27838, 13206,0
3553,11367,1
3553, 12615,0
1118,17946,1
1118, 1086,0
29883,9384,1
29883, 8005,0
29760,16879,1
29760, 9283,0
28186,17178,1
28186, 15093,0
37990,15955,1
37990, 11377,0
24950,2027,1
24950, 12148,0
39347,10830,1
39347,5734,0
8853,19135,1
8853, 9651,0
48182,14457,1
48182, 8290,0
24855,16682,1
24855,19314,0
43247,6241,1
43247,15661,0
27439,8096,1
27439, 13650,0
27616,12488,1
27616, 18713,0
12398,10167,1
12398, 13567,0
20128,643,1
20128, 4737,0
44453,3704,1
44453, 19039,0
18109,17402,1
18109, 2161,0
14927,8882,1
14927, 3145,0
8409,8836,1
8409, 5746,0
29287,17067,1
29287, 2237,0
10830,19469,1
10830, 10879,0
25030,18398,1
25030, 6080,0
22599,2870,1
22599, 1070,0
45833,10660,1
45833, 5573,0
43735,18028,1
43735, 411,0
13001,7847,1
13001, 1612,0
47641,18488,1
47641, 2744,0
21481,10374,1
21481, 19583,0
19000,6593,1
19000, 14575,0
581,9940,1
581, 12222,0
34201,17704,1
34201, 3488,0
9761,1751,1
9761, 13607,0
37890,4286,1
37890, 13233,0
25251,16409,1
25251, 16006,0
25858,1312,1
25858, 18495,0
29180,14533,1
29180,18421,0
17224,7512,1
17224, 17023,0
20703,16190,1
20703, 15782,0
29754,13082,1
29754, 1477,0
1098,17005,1
1098, 11374,0
2921,15881,1
2921, 15408,0
4086,18746,1
4086, 15836,0
29196,16734,1
29196, 6789,0
3392,12341,1
3392,783,0
42015,5100,1
42015, 14272,0
38965,3614,1
38965, 765,0
43679,16748,1
43679, 9410,0
7802,4699,1
7802, 6655,0
36416,12953,1
36416, 6147,0
34130,6938,1
34130, 5544,0
19123,6241,1
19123, 15072,0
34583,16128,1
34583, 17261,0
29894,7369,1
29894, 19458,0
47441,11202,1
47441, 18080,0
803,54,1
803, 8730,0
3164,19349,1
3164, 19129,0
41065,8203,1
41065, 6360,0
15920,5413,1
15920, 6157,0
20225,947,1
20225, 8694,0
14103,8435,1
14103, 4131,0
42515,13072,1
42515, 14583,0
33918,13222,1
33918, 2746,0
45243,2344,1
45243, 16920,0
6246,2815,1
6246, 387,0
45733,17474,1
45733, 14650,0
8601,10351,1
8601, 16375,0
44602,271,1
44602, 2766,0
37663,17778,1
37663, 19600,0
41407,10548,1
41407, 18027,0
30469,4123,1
30469, 3558,0
43053,7317,1
43053, 12344,0
3203,18348,1
3203, 917,0
43917,5432,1
43917, 8563,0
49695,18608,1
49695, 12662,0
911,10684,1
911, 12325,0
32059,18724,1
32059, 14907,0
28624,16682,1
28624, 7470,0
22563,10078,1
22563, 10806,0
32953,5459,1
32953, 624,0
19370,9684,1
19370, 10529,0
1614,5401,1
1614, 1028,0
30269,15775,1
30269, 14959,0
9753,17624,1
9753, 4440,0
15979,15363,1
15979, 19111,0
38757,10902,1
38757, 6899,0
44619,10561,1
44619, 4552,0
47898,6814,1
47898, 4502,0
19291,3527,1
19291, 6007,0
5100,14666,1
5100, 9628,0
39344,16413,1
39344, 5506,0
31377,3269,1
31377, 6928,0
1785,2546,1
1785, 2923,0
49457,18435,1
49457, 7182,0
16404,5885,1
16404, 6041,0
28904,9596,1
28904, 9843,0
32367,10830,1
32367, 6501,0
32518,3293,1
32518, 9005,0
32979,5573,1
32979, 2798,0
23982,9253,1
23982, 1290,0
35268,8759,1
35268, 1549,0
2431,15881,1
2431, 12339,0
49495,6505,1
49495, 4240,0
15891,18587,1
15891, 7200,0
48443,5413,1
48443, 17379,0
40587,2860,1
40587, 7537,0
43086,12144,1
43086, 9007,0
9734,18097,1
9734, 16843,0
31073,11920,1
31073, 18332,0
42328,2698,1
42328,7645,0
41805,6894,1
41805, 4065,0
21344,6017,1
21344, 1117,0
10983,17735,1
10983, 3240,0
36893,19499,1
36893, 9617,0
33603,3329,1
33603, 11315,0
17989,3571,1
17989, 18152,0
3981,15854,1
3981, 9233,0
28604,7254,1
28604, 17153,0
8446,15304,1
8446, 963,0
37749,2121,1
37749, 8441,0
39779,18287,1
39779, 13406,0
19771,9725,1
19771, 18962,0
8372,3909,1
8372, 7496,0
49948,13197,1
49948, 13253,0
2248,19637,1
2248, 15530,0
15601,12327,1
15601, 1923,0
5857,9369,1
5857, 1133,0
9628,15585,1
9628, 6225,0
24612,8085,1
24612, 2946,0
9478,4060,1
9478, 15997,0
27681,7089,1
27681, 17401,0
13973,2823,1
13973, 7742,0
40419,8408,1
40419, 14498,0
10294,2825,1
10294, 12120,0
5882,1408,1
5882, 14706,0
3831,6349,1
3831, 6816,0
2588,17321,1
2588, 19574,0
11688,17793,1
11688, 8480,0
2063,18337,1
2063, 11972,0
32350,6126,1
32350, 2106,0
34028,16777,1
34028, 10643,0
13214,5203,1
13214,2826,0
38870,16541,1
38870, 17720,0
18623,3583,1
18623, 15020,0
42649,17472,1
42649, 4644,0
4376,15059,1
4376, 3572,0
1347,3963,1
1347, 3269,0
37543,14241,1
37543, 15449,0
411,11747,1
411, 633,0
12246,18849,1
12246, 19708,0
28733,4902,1
28733, 8796,0
26150,4134,1
26150,7742,0
25116,8678,1
25116, 16786,0
42131,13342,1
42131, 19494,0
38084,4820,1
38084, 46,0
3084,12374,1
3084, 4874,0
9946,11963,1
9946, 13066,0
12258,19609,1
12258, 16125,0
2986,8067,1
2986, 13536,0
45319,2969,1
45319, 16578,0
19740,17790,1
19740, 7457,0
4986,10710,1
4986, 3899,0
12372,17453,1
12372, 19308,0
22176,8224,1
22176, 9661,0
15307,15401,1
15307, 2813,0
37476,14422,1
37476, 8996,0
9810,16944,1
9810, 12072,0
32163,2344,1
32163, 12656,0
19710,15372,1
19710, 3752,0
43578,10146,1
43578, 2579,0
47813,13012,1
47813, 2896,0
41058,17439,1
41058, 7048,0
11964,7133,1
11964, 9219,0
24978,9487,1
24978, 3640,0
43627,6015,1
43627, 13830,0
48779,2567,1
48779, 17493,0
25658,12327,1
25658, 16197,0
44771,3310,1
44771, 13419,0
4031,10008,1
4031, 12546,0
14008,5722,1
14008, 17921,0
39445,17226,1
39445, 4,0
20264,2567,1
20264, 3965,0
20455,4362,1
20455, 7908,0
29709,3170,1
29709, 4390,0
6632,18793,1
6632, 8287,0
16754,10309,1
16754, 8443,0
909,11539,1
909, 3344,0
26012,3032,1
26012, 3465,0
6326,13552,1
6326, 16759,0
18804,11202,1
18804, 17704,0
38069,5802,1
38069, 12426,0
3212,18745,1
3212, 834,0
21186,6342,1
21186, 13010,0
23518,6125,1
23518, 7954,0
47537,1112,1
47537, 18716,0
226,1753,1
226, 14802,0
28317,8420,1
28317, 10561,0
37714,2671,1
37714, 734,0
34204,11352,1
34204, 10643,0
22509,4596,1
22509, 11794,0
30736,4138,1
30736, 16358,0
36760,16677,1
36760, 19136,0
7398,12334,1
7398, 15289,0
42567,10367,1
42567, 2045,0
47668,6557,1
47668,9569,0
1107,6994,1
1107, 6460,0
25038,7282,1
25038, 9843,0
46798,11247,1
46798, 6136,0
13711,4896,1
13711, 15845,0
1275,5408,1
1275, 15575,0
13050,7048,1
13050, 15646,0
41264,12533,1
41264, 16528,0
17222,1990,1
17222,10128,0
27315,4047,1
27315, 7232,0
40619,11669,1
40619, 19326,0
35986,12327,1
35986, 5207,0
16966,2969,1
16966, 9666,0
13007,10152,1
13007, 19567,0
2814,1261,1
2814, 15921,0
48316,12950,1
48316, 834,0
24168,4493,1
24168, 14281,0
42164,11378,1
42164, 11909,0
44185,11687,1
44185, 12533,0
45931,1361,1
45931, 11456,0
42805,14377,1
42805, 2163,0
44425,6108,1
44425, 9635,0
2823,12327,1
2823, 5247,0
2761,16624,1
2761, 2496,0
12444,13622,1
12444, 9544,0
47601,14140,1
47601, 13532,0
21848,16946,1
21848, 15107,0
1108,1451,1
1108, 10008,0
43499,7731,1
43499, 10686,0
27291,6188,1
27291, 8020,0
28875,6489,1
28875, 16279,0
40252,10280,1
40252, 15792,0
28011,11321,1
28011, 18325,0
10304,936,1
10304, 15609,0
18674,7079,1
18674, 14840,0
27194,3808,1
27194,6893,0
25518,3044,1
25518, 8693,0
37219,12218,1
37219,11946,0
42000,3271,1
42000, 3919,0
18857,12711,1
18857, 3857,0
32008,7695,1
32008, 11506,0
49921,3922,1
49921, 17093,0
45176,680,1
45176, 11003,0
40627,7254,1
40627, 1064,0
39127,7174,1
39127, 6865,0
33510,3998,1
33510, 2957,0
34106,17206,1
34106, 11042,0
45078,14799,1
45078, 9240,0
35290,7607,1
35290, 12713,0
2984,6952,1
2984, 15974,0
14528,90,1
14528, 3026,0
22655,6349,1
22655, 6340,0
468,960,1
468, 9187,0
20368,8715,1
20368, 4338,0
47281,18435,1
47281, 15308,0
22662,10667,1
22662, 14820,0
49685,6427,1
49685, 7182,0
41685,9329,1
41685, 15368,0
28700,2620,1
28700, 9865,0
21934,11202,1
21934, 12641,0
46968,680,1
46968, 10491,0
35938,15652,1
35938, 3115,0
43663,4714,1
43663, 1609,0
32735,13281,1
32735, 2394,0
3405,5510,1
3405, 11373,0
25081,1369,1
25081, 7846,0
12328,2368,1
12328, 10389,0
26068,13932,1
26068, 19728,0
44373,10570,1
44373, 3243,0
16278,776,1
16278, 2575,0
2946,11185,1
2946, 15849,0
30939,10513,1
30939, 11243,0
30153,15253,1
30153, 4281,0
1473,17701,1
1473, 17338,0
38976,2911,1
38976, 2145,0
42936,2859,1
42936, 14752,0
32991,18283,1
32991, 334,0
9026,8953,1
9026, 3344,0
7091,10627,1
7091, 4434,0
40472,14045,1
40472, 4169,0
37153,13082,1
37153, 8566,0
44070,2024,1
44070, 12820,0
13690,7548,1
13690,8695,0
15523,9033,1
15523,19200,0
14365,18785,1
14365, 12409,0
34764,17416,1
34764, 5447,0
44107,17456,1
44107, 1772,0
46735,16986,1
46735, 5063,0
49450,9596,1
49450, 864,0
43468,15712,1
43468, 4140,0
40441,1233,1
40441, 7233,0
43052,16499,1
43052, 7879,0
15816,17663,1
15816, 9898,0
29693,2978,1
29693, 16466,0
22894,823,1
22894, 17621,0
18593,776,1
18593, 10513,0
30259,680,1
30259, 18964,0
49907,12495,1
49907, 11509,0
31694,9966,1
31694, 5445,0
18332,680,1
18332, 18691,0
25512,504,1
25512, 3509,0
14616,19349,1
14616, 15533,0
14761,222,1
14761, 9439,0
4319,11620,1
4319, 9323,0
36763,7056,1
36763, 7393,0
48698,551,1
48698, 18585,0
4282,5885,1
4282, 3233,0
29526,3637,1
29526, 15857,0
10998,2371,1
10998, 3748,0
25770,4900,1
25770, 17997,0
15242,5748,1
15242, 7048,0
18966,17901,1
18966, 646,0
23313,16190,1
23313, 19688,0
3610,15955,1
3610, 14367,0
24630,9042,1
24630,16877,0
33536,5155,1
33536, 12508,0
15867,15881,1
15867,17248,0
43804,11055,1
43804, 12371,0
32987,14522,1
32987,3626,0
6110,14695,1
6110, 3854,0
33366,14032,1
33366, 12811,0
36896,960,1
36896, 13599,0
33556,11437,1
33556, 14981,0
16841,14280,1
16841, 9453,0
25650,14928,1
25650, 10272,0
40446,17946,1
40446, 14032,0
35311,1356,1
35311, 5677,0
19870,2001,1
19870, 12101,0
33668,12474,1
33668, 13787,0
16563,4825,1
16563, 5653,0
48098,14066,1
48098,15162,0
46646,2770,1
46646, 2357,0
47695,8813,1
47695, 6832,0
21373,4184,1
21373, 1777,0
21530,6769,1
21530, 14776,0
8003,11475,1
8003, 3325,0
13601,10678,1
13601, 6471,0
3207,16297,1
3207, 5361,0
39660,1672,1
39660, 15340,0
31372,4990,1
31372, 8913,0
4214,12160,1
4214, 10900,0
4849,2384,1
4849, 12105,0
31907,15207,1
31907, 5153,0
1291,11920,1
1291, 14632,0
14634,3895,1
14634, 12426,0
23587,9105,1
23587, 19295,0
10,19324,1
10, 6418,0
43732,4149,1
43732, 5434,0
48576,4873,1
48576, 18455,0
40641,1694,1
40641, 18107,0
33954,5898,1
33954, 11649,0
36160,4138,1
36160, 15931,0
45636,3899,1
45636, 16119,0
7782,1592,1
7782, 6154,0
23090,17151,1
23090, 16391,0
46275,15927,1
46275, 15968,0
15414,3772,1
15414, 1173,0
19193,978,1
19193, 5079,0
9075,6539,1
9075, 8940,0
11739,1177,1
11739, 14818,0
3834,4138,1
3834,6539,0
48674,15072,1
48674, 5523,0
37000,18397,1
37000, 11549,0
52,18882,1
52, 15734,0
47415,13159,1
47415, 5666,0
30063,6505,1
30063, 5375,0
24486,990,1
24486, 10025,0
42566,680,1
42566, 13536,0
10910,6051,1
10910, 3718,0
45011,10239,1
45011, 12837,0
44474,7607,1
44474, 6983,0
34744,16675,1
34744, 10154,0
18873,10439,1
18873, 1580,0
20501,17659,1
20501, 6342,0
44112,8836,1
44112, 5749,0
38391,10904,1
38391, 8986,0
5212,17518,1
5212, 7367,0
1498,11086,1
1498, 15098,0
32035,9495,1
32035, 5852,0
44907,15679,1
44907, 873,0
28583,8447,1
28583, 11014,0
650,3073,1
650, 13503,0
24634,5935,1
24634, 7563,0
49034,13600,1
49034, 14535,0
49820,15163,1
49820, 3410,0
43674,19324,1
43674, 9743,0
12058,17288,1
12058, 17178,0
4352,16413,1
4352, 7382,0
20428,8272,1
20428, 5446,0
19966,15476,1
19966, 4823,0
12229,4134,1
12229, 11461,0
34851,5325,1
34851, 13028,0
25672,10745,1
25672, 3089,0
19434,12795,1
19434, 1448,0
34053,5294,1
34053, 11140,0
49469,1361,1
49469,4983,0
32083,13640,1
32083, 16209,0
5013,10049,1
5013, 18373,0
15555,9003,1
15555, 11829,0
33463,3674,1
33463, 13342,0
29771,6225,1
29771, 2422,0
5022,209,1
5022, 15354,0
10600,4519,1
10600, 12371,0
29347,10049,1
29347, 10720,0
26260,1980,1
26260, 12626,0
33626,7023,1
33626, 18550,0
26757,15363,1
26757, 9208,0
45661,2866,1
45661, 5678,0
2176,1163,1
2176, 8543,0
2825,5049,1
2825, 14692,0
29558,3044,1
29558, 8964,0
2836,18724,1
2836, 18546,0
535,5345,1
535, 6371,0
39079,11498,1
39079, 17130,0
18359,14695,1
18359, 735,0
39406,5573,1
39406, 5431,0
34286,14808,1
34286, 16450,0
28006,9938,1
28006, 6152,0
10342,5940,1
10342, 6579,0
14600,12820,1
14600, 6881,0
17776,18781,1
17776, 11744,0
2083,4986,1
2083, 16981,0
1179,5155,1
1179, 19392,0
49212,10548,1
49212, 10778,0
15340,13082,1
15340, 9002,0
28000,6017,1
28000, 13815,0
9808,7963,1
9808, 14127,0
7787,12601,1
7787, 13152,0
44053,19155,1
44053, 13966,0
41435,3870,1
41435, 10670,0
34356,4939,1
34356, 11514,0
7974,7223,1
7974, 18429,0
30517,15577,1
30517, 18043,0
28591,13440,1
28591, 12026,0
15533,7712,1
15533, 8163,0
34743,6331,1
34743, 18608,0
28060,13082,1
28060, 3626,0
10433,14533,1
10433, 8022,0
4189,13065,1
4189, 9610,0
25109,13295,1
25109, 5440,0
2965,832,1
2965, 13193,0
5150,10131,1
5150, 17444,0
18180,12953,1
18180, 11281,0
32472,7694,1
32472, 11500,0
39775,12323,1
39775, 5252,0
49522,11202,1
49522, 15616,0
8536,11929,1
8536, 4516,0
7646,6188,1
7646, 4047,0
13901,19121,1
13901, 2722,0
12628,7000,1
12628, 17309,0
32204,960,1
32204, 7240,0
34947,14799,1
34947, 2964,0
37084,6038,1
37084, 18308,0
13012,17223,1
13012, 5145,0
7843,5134,1
7843, 19193,0
19373,14815,1
19373, 17072,0
8722,17890,1
8722, 12085,0
43222,13232,1
43222,17858,0
33767,9075,1
33767, 5878,0
24730,6273,1
24730, 345,0
11454,13659,1
11454, 11294,0
31567,17020,1
31567, 11883,0
29560,10374,1
29560, 11915,0
3410,9926,1
3410, 11561,0
33099,17796,1
33099, 17760,0
32707,8636,1
32707, 17572,0
10315,1690,1
10315, 18298,0
22359,7940,1
22359, 1374,0
22236,19569,1
22236, 705,0
11854,18105,1
11854, 6342,0
14641,8759,1
14641, 4893,0
15854,19302,1
15854,3491,0
39939,10383,1
39939, 9580,0
3701,14118,1
3701, 1882,0
42592,7089,1
42592, 14346,0
3429,2969,1
3429, 12568,0
28788,14319,1
28788, 6448,0
6249,387,1
6249, 19658,0
41273,11920,1
41273, 14669,0
30805,7969,1
30805, 15843,0
27383,13353,1
27383, 6180,0
13748,4125,1
13748, 3733,0
41730,3395,1
41730, 5169,0
31847,680,1
31847, 15312,0
19666,12910,1
19666, 17971,0
20314,11373,1
20314, 5812,0
5971,4882,1
5971, 10283,0
49530,16405,1
49530, 8025,0
3317,15080,1
3317, 12374,0
16207,13342,1
16207, 17154,0
38279,2969,1
38279, 10842,0
17529,11498,1
17529, 5487,0
8112,10782,1
8112, 16637,0
47930,14829,1
47930, 4496,0
17965,8690,1
17965, 13782,0
9334,11509,1
9334, 3366,0
38842,6736,1
38842, 4268,0
34607,5573,1
34607, 3808,0
9477,5408,1
9477, 13607,0
44951,12923,1
44951, 3581,0
7942,8382,1
7942, 9310,0
26569,7548,1
26569, 13704,0
16339,14076,1
16339, 5989,0
22887,14101,1
22887, 14885,0
6795,17523,1
6795, 2737,0
46443,4950,1
46443, 8292,0
28876,15581,1
28876, 3185,0
13053,8324,1
13053, 18032,0
6566,1505,1
6566, 12273,0
43438,6360,1
43438, 14213,0
9221,16153,1
9221, 7713,0
2473,2099,1
2473, 14532,0
16486,6748,1
16486, 15712,0
48222,2491,1
48222, 3583,0
18207,14049,1
18207, 5686,0
28045,12327,1
28045, 14047,0
6528,7133,1
6528, 614,0
32187,1753,1
32187, 12620,0
13083,15196,1
13083, 13584,0
25775,17946,1
25775, 334,0
2324,5935,1
2324, 3227,0
13661,10942,1
13661, 2581,0
45218,3851,1
45218, 5986,0
12922,8183,1
12922, 19271,0
31170,6572,1
31170, 12325,0
26765,7098,1
26765, 5826,0
23615,18287,1
23615, 4303,0
34327,2458,1
34327, 8275,0
8515,5021,1
8515, 7790,0
3802,12657,1
3802, 3861,0
36484,1647,1
36484, 19459,0
14407,19459,1
14407, 7568,0
44782,464,1
44782, 18116,0
46204,6074,1
46204, 4308,0
25632,17993,1
25632, 15620,0
42084,8829,1
42084, 4379,0
16730,9628,1
16730, 1777,0
28297,18336,1
28297, 13962,0
33237,6630,1
33237, 9673,0
40638,11389,1
40638, 12093,0
13800,43,1
13800, 10300,0
1847,14223,1
1847, 6150,0
34198,2770,1
34198, 471,0
20200,54,1
20200, 2233,0
9650,4997,1
9650, 18104,0
21376,1956,1
21376, 9371,0
6022,5401,1
6022, 10369,0
5874,17318,1
5874, 1461,0
31422,15927,1
31422, 982,0
33700,6188,1
33700, 18530,0
5619,6743,1
5619, 5828,0
44991,8687,1
44991, 4787,0
47579,16831,1
47579, 10310,0
2008,9491,1
2008, 15377,0
30846,13487,1
30846, 7990,0
28108,5848,1
28108, 12897,0
11406,5032,1
11406,9450,0
45317,7563,1
45317, 18961,0
16344,5324,1
16344, 13595,0
45216,7607,1
45216, 1594,0
4049,8900,1
4049, 6349,0
19480,13082,1
19480, 1967,0
42325,10314,1
42325, 14813,0
33768,680,1
33768, 14034,0
6069,14049,1
6069, 1925,0
32579,3614,1
32579, 6959,0
8792,3614,1
8792, 18485,0
12514,9634,1
12514, 5439,0
48964,11178,1
48964, 2384,0
43013,7222,1
43013, 7699,0
39498,12341,1
39498, 18535,0
39783,12957,1
39783, 12218,0
18595,6839,1
18595, 7262,0
16457,17778,1
16457, 8025,0
392,17755,1
392, 4261,0
37987,7849,1
37987, 16773,0
39496,14208,1
39496, 14197,0
27273,3614,1
27273, 8718,0
8737,4509,1
8737, 13164,0
8284,13151,1
8284, 19153,0
37317,10643,1
37317, 7156,0
44702,17885,1
44702, 14706,0
14558,12474,1
14558, 894,0
8299,8085,1
8299, 14116,0
37763,16541,1
37763,13639,0
48318,9178,1
48318, 17890,0
5938,10517,1
5938, 19446,0
29902,9512,1
29902, 17296,0
45862,10154,1
45862, 16057,0
21637,12150,1
21637, 16139,0
21545,247,1
21545, 13588,0
27846,1856,1
27846, 17434,0
21840,4921,1
21840,12315,0
37566,8386,1
37566, 14980,0
48165,15109,1
48165, 6381,0
4934,3073,1
4934, 12365,0
13261,10816,1
13261, 14092,0
12914,12953,1
12914, 4216,0
29585,10146,1
29585, 14082,0
45933,12341,1
45933, 12755,0
28439,3466,1
28439, 16402,0
43552,4950,1
43552, 12837,0
11784,15040,1
11784, 2820,0
3850,5300,1
3850, 10402,0
43129,12474,1
43129, 4958,0
34504,19493,1
34504, 10155,0
28938,14513,1
28938, 1616,0
38144,10018,1
38144, 15931,0
38503,17521,1
38503, 11295,0
23204,3334,1
23204, 19107,0
26805,9962,1
26805, 19567,0
19627,15260,1
19627, 4260,0
33794,16418,1
33794, 6282,0
248,14377,1
248, 3291,0
32965,13350,1
32965, 13568,0
6813,15897,1
6813, 5601,0
18797,4108,1
18797, 12948,0
25505,10018,1
25505, 9055,0
34376,3260,1
34376, 18015,0
47119,5885,1
47119, 17309,0
18327,4385,1
18327, 18378,0
32718,7818,1
32718, 4131,0
39566,18516,1
39566, 7043,0
39314,7687,1
39314, 15312,0
4574,5269,1
4574, 551,0
30566,15881,1
30566, 12667,0
6686,3851,1
6686, 8977,0
35063,16017,1
35063,504,0
7340,403,1
7340,365,0
36541,2010,1
36541, 4343,0
5531,9487,1
5531, 7937,0
25211,2004,1
25211, 8741,0
14823,1595,1
14823, 10448,0
48962,13211,1
48962, 1319,0
6454,12327,1
6454, 4040,0
43652,7149,1
43652, 18146,0
24099,19264,1
24099, 1488,0
30157,8156,1
30157, 6910,0
14144,16255,1
14144, 5179,0
2630,11890,1
2630, 12086,0
29961,19236,1
29961, 2514,0
38185,15266,1
38185, 8598,0
32262,16861,1
32262, 2199,0
28954,14343,1
28954, 10272,0
14428,4385,1
14428, 3546,0
28656,12341,1
28656, 9015,0
39621,16850,1
39621, 13610,0
43307,11003,1
43307, 4572,0
23904,13487,1
23904, 6077,0
30587,7648,1
30587, 14194,0
6624,1929,1
6624, 16735,0
22231,6077,1
22231, 195,0
36773,6741,1
36773, 15737,0
48274,3555,1
48274, 8637,0
15146,16455,1
15146, 18984,0
36628,18640,1
36628, 14629,0
15020,18407,1
15020, 16268,0
41501,12951,1
41501, 9917,0
40071,3271,1
40071, 14332,0
15505,504,1
15505, 18444,0
14017,16549,1
14017, 12372,0
9870,9277,1
9870, 6045,0
40173,9484,1
40173, 19236,0
6510,8568,1
6510, 6199,0
6250,4874,1
6250, 8967,0
22575,13284,1
22575, 12630,0
40168,15702,1
40168, 646,0
10815,13934,1
10815, 18114,0
48564,18809,1
48564, 14980,0
10679,123,1
10679, 2099,0
29250,7861,1
29250, 16451,0
42210,16464,1
42210, 6282,0
20815,5432,1
20815, 905,0
33291,4896,1
33291, 6959,0
23346,1250,1
23346, 11467,0
46324,10591,1
46324, 8064,0
23753,17205,1
23753,3895,0
39879,4149,1
39879, 3627,0
45877,13082,1
45877, 14142,0
40147,3651,1
40147, 1982,0
14208,5107,1
14208, 11770,0
3302,19088,1
3302, 13254,0
29049,7331,1
29049, 4583,0
25991,5471,1
25991, 14417,0
12850,19349,1
12850, 15166,0
2493,16398,1
2493, 15652,0
979,8953,1
979, 16221,0
14098,514,1
14098, 15289,0
34264,5722,1
34264, 14842,0
33504,14498,1
33504, 10485,0
15812,12953,1
15812, 7116,0
27098,10662,1
27098, 17616,0
30725,16981,1
30725, 2249,0
23601,3073,1
23601, 10370,0
13449,2122,1
13449, 11634,0
48999,2420,1
48999,16468,0
7860,15363,1
7860, 18609,0
37842,14032,1
37842, 19733,0
47359,7192,1
47359, 16412,0
35878,17063,1
35878, 7115,0
43058,14815,1
43058,1741,0
29022,16316,1
29022, 15062,0
26461,54,1
26461, 17629,0
25720,16020,1
25720, 4902,0
37967,6015,1
37967, 19545,0
15642,4509,1
15642, 10638,0
19048,870,1
19048, 10024,0
26508,19237,1
26508, 970,0
26924,10954,1
26924, 186,0
41700,16981,1
41700, 4355,0
18230,15372,1
18230,11083,0
20298,13658,1
20298, 14527,0
28522,12561,1
28522, 6960,0
2738,52,1
2738, 10261,0
11399,17081,1
11399, 6532,0
18468,14662,1
18468, 9484,0
2660,5935,1
2660, 5778,0
2246,12073,1
2246, 3752,0
46637,4825,1
46637,8541,0
9078,11918,1
9078, 3434,0
26901,7969,1
26901, 16909,0
7171,2969,1
7171, 6445,0
34505,17456,1
34505, 492,0
32588,11539,1
32588, 10533,0
13741,4529,1
13741, 8408,0
17426,2929,1
17426, 5124,0
26194,2459,1
26194, 6711,0
34798,4558,1
34798, 13454,0
4479,16736,1
4479,19336,0
30093,9985,1
30093, 18674,0
12102,11498,1
12102,9661,0
31360,10517,1
31360, 8281,0
22279,11297,1
22279, 3343,0
3644,10678,1
3644, 13881,0
11344,54,1
11344, 19540,0
1036,14430,1
1036, 6100,0
43773,3890,1
43773, 13849,0
11762,10574,1
11762, 9061,0
13477,4211,1
13477, 18083,0
17448,17649,1
17448, 15760,0
19233,13381,1
19233, 16985,0
32373,8953,1
32373, 9979,0
14795,17659,1
14795, 11784,0
46907,17778,1
46907, 7362,0
40121,4083,1
40121, 16924,0
19568,5659,1
19568, 12945,0
15764,1671,1
15764, 13320,0
27595,18937,1
27595, 11105,0
4232,4138,1
4232, 17656,0
35703,9339,1
35703, 11047,0
31533,11663,1
31533, 7550,0
24326,13101,1
24326, 16456,0
38892,2599,1
38892, 12837,0
29010,15119,1
29010, 1778,0
18801,17881,1
18801, 19305,0
6270,7088,1
6270, 8434,0
11238,4134,1
11238, 15035,0
42250,8258,1
42250, 1987,0
48647,7511,1
48647, 16742,0
36878,2646,1
36878, 18874,0
15549,5260,1
15549, 16748,0
2501,4238,1
2501, 6199,0
15720,5405,1
15720, 556,0
26817,4578,1
26817, 12856,0
5668,2884,1
5668, 14645,0
25084,9199,1
25084, 15507,0
34891,7455,1
34891, 5375,0
33958,15921,1
33958, 18326,0
39794,15362,1
39794, 16195,0
32996,11889,1
32996, 54,0
45289,16402,1
45289, 8987,0
24918,1363,1
24918, 3573,0
31486,5249,1
31486, 16788,0
21188,6814,1
21188, 9702,0
48133,16749,1
48133, 17442,0
14307,15057,1
14307, 19264,0
43948,9041,1
43948, 6636,0
27555,12488,1
27555, 7006,0
44552,3236,1
44552, 12227,0
9665,12745,1
9665, 16142,0
35668,9675,1
35668, 7455,0
42242,830,1
42242, 4924,0
49340,3236,1
49340, 2029,0
23793,10737,1
23793, 19661,0
10261,12473,1
10261, 5134,0
11250,12827,1
11250, 17763,0
34657,17050,1
34657, 16919,0
29425,680,1
29425, 6232,0
13804,5785,1
13804, 10713,0
42540,265,1
42540, 6127,0
47700,19432,1
47700, 17338,0
7416,11888,1
7416, 15448,0
29927,2726,1
29927, 6633,0
22598,3313,1
22598, 16398,0
10722,10548,1
10722, 3808,0
13655,12341,1
13655, 6163,0
14759,11297,1
14759, 9116,0
24545,90,1
24545, 4552,0
38400,5844,1
38400, 17532,0
25729,18666,1
25729, 7749,0
7476,12365,1
7476, 2676,0
1854,13929,1
1854, 4100,0
21350,1333,1
21350, 14859,0
25215,8272,1
25215, 17148,0
29407,8447,1
29407, 2798,0
10418,10114,1
10418, 8262,0
17884,8701,1
17884, 18032,0
35213,15702,1
35213, 12968,0
2710,8735,1
2710, 14684,0
11306,3583,1
11306, 1228,0
4384,13516,1
4384, 3386,0
13092,15087,1
13092, 1081,0
31844,17430,1
31844, 3092,0
8667,9596,1
8667, 13612,0
8473,754,1
8473, 6146,0
17949,6883,1
17949,13841,0
17213,18528,1
17213, 11658,0
2348,11200,1
2348, 2493,0
10482,11052,1
10482, 7969,0
15250,4997,1
15250, 7878,0
21763,8789,1
21763, 14890,0
39738,2969,1
39738, 11453,0
13927,5401,1
13927, 3852,0
36900,1231,1
36900, 1778,0
3594,7963,1
3594, 19549,0
35822,7192,1
35822, 1115,0
44150,8519,1
44150, 11647,0
17048,4895,1
17048, 3348,0
35465,6593,1
35465, 8125,0
21469,13322,1
21469, 3378,0
16834,12327,1
16834,19459,0
11965,6015,1
11965, 12603,0
22349,6590,1
22349, 14692,0
45846,4895,1
45846, 11054,0
42497,3195,1
42497, 16371,0
2433,5911,1
2433, 11350,0
12172,16786,1
12172, 12547,0
40176,2718,1
40176, 8823,0
46537,5885,1
46537, 4144,0
20519,17402,1
20519, 471,0
48016,2271,1
48016, 863,0
40330,12500,1
40330, 13670,0
7594,16209,1
7594, 19406,0
39021,19617,1
39021, 5606,0
15175,14392,1
15175, 9702,0
3267,11139,1
3267, 14094,0
46376,11929,1
46376, 1164,0
1077,15763,1
1077, 6837,0
13987,19003,1
13987,2399,0
42406,11936,1
42406,17353,0
24370,19283,1
24370, 11932,0
33025,2183,1
33025, 11400,0
29967,18762,1
29967, 12073,0
7369,11929,1
7369, 8633,0
42315,4612,1
42315, 12826,0
6600,11539,1
6600, 707,0
38745,13829,1
38745, 11264,0
19384,7648,1
19384, 3188,0
1424,11539,1
1424, 9219,0
29098,9842,1
29098, 1401,0
30953,17113,1
30953, 8765,0
16021,10245,1
16021,11470,0
26437,17624,1
26437,19422,0
8134,9985,1
8134, 19386,0
47802,16819,1
47802, 9486,0
12170,19206,1
12170, 9311,0
49545,16780,1
49545, 18326,0
29897,4825,1
29897, 6375,0
44975,12327,1
44975, 11400,0
47836,4775,1
47836, 1125,0
6089,6094,1
6089, 17527,0
27119,14367,1
27119, 14570,0
17808,1721,1
17808, 11453,0
10350,5962,1
10350, 5502,0
16372,11570,1
16372, 18042,0
35271,7240,1
35271, 6537,0
15847,5645,1
15847, 4208,0
39970,3807,1
39970, 15071,0
35887,16569,1
35887, 15843,0
47625,3851,1
47625, 930,0
6552,680,1
6552, 12093,0
47804,13487,1
47804, 19337,0
30176,6774,1
30176, 10378,0
43768,8420,1
43768, 13083,0
19337,3637,1
19337, 16807,0
47868,16541,1
47868, 518,0
4757,15702,1
4757, 7969,0
18999,11992,1
18999, 7860,0
35282,5195,1
35282, 8581,0
18336,13569,1
18336, 19264,0
38685,14979,1
38685, 7226,0
39866,11297,1
39866,9929,0
45206,14047,1
45206, 5947,0
27251,18654,1
27251, 5446,0
10578,19694,1
10578, 5032,0
49690,1369,1
49690, 1331,0
48645,17142,1
48645, 18520,0
541,16938,1
541, 17535,0
41303,8371,1
41303, 4957,0
8578,13782,1
8578, 11186,0
27346,15372,1
27346, 14711,0
46250,13085,1
46250, 843,0
16637,6188,1
16637, 18642,0
29534,7029,1
29534, 9224,0
45194,15059,1
45194, 5913,0
21416,12026,1
21416, 4130,0
25717,7422,1
25717, 4394,0
10133,11496,1
10133, 11561,0
6432,947,1
6432, 18525,0
38018,5100,1
38018, 6971,0
44110,6130,1
44110, 10988,0
24444,17072,1
24444, 6826,0
21954,17561,1
21954, 2229,0
14475,1130,1
14475, 6371,0
30045,15544,1
30045, 11060,0
31181,9634,1
31181, 10976,0
40673,1969,1
40673, 6088,0
17967,18780,1
17967, 1190,0
22644,18253,1
22644, 1523,0
45164,2273,1
45164, 16936,0
45167,18419,1
45167, 524,0
46671,3998,1
46671, 6789,0
46172,3443,1
46172, 7043,0
29054,18382,1
29054, 8694,0
10790,11576,1
10790, 10833,0
4197,17778,1
4197, 11401,0
42394,12685,1
42394,8623,0
24729,2693,1
24729, 18048,0
36045,9512,1
36045, 8416,0
607,16106,1
607, 18,0
1475,16261,1
1475, 12226,0
8805,14692,1
8805, 14924,0
24075,6167,1
24075, 14232,0
28995,13012,1
28995, 14925,0
43146,5759,1
43146, 16761,0
17607,15623,1
17607, 8647,0
11630,9906,1
11630, 16517,0
37704,9512,1
37704, 6183,0
24013,2625,1
24013, 11698,0
35174,7687,1
35174, 17383,0
45092,9779,1
45092, 5163,0
22311,4708,1
22311, 13390,0
19317,68,1
19317, 19107,0
43702,2458,1
43702, 2974,0
22739,3485,1
22739, 15988,0
14959,4072,1
14959, 4501,0
38001,9512,1
38001, 16700,0
6382,14620,1
6382, 11214,0
48852,11920,1
48852, 11912,0
2157,15372,1
2157, 8767,0
41430,17431,1
41430, 2191,0
16269,4385,1
16269, 9106,0
37919,3634,1
37919, 11697,0
3769,2969,1
3769, 15270,0
20799,5276,1
20799, 10826,0
1025,18745,1
1025, 12957,0
27805,2154,1
27805, 16777,0
11886,11570,1
11886,3382,0
33111,7962,1
33111, 15917,0
6786,14489,1
6786, 19677,0
29751,18043,1
29751, 5115,0
22505,3614,1
22505, 7848,0
876,5554,1
876, 5873,0
2857,17465,1
2857, 18283,0
1806,1477,1
1806, 754,0
27966,18538,1
27966,1005,0
15897,14551,1
15897, 12557,0
11094,15673,1
11094, 5092,0
22203,8085,1
22203, 8670,0
27297,5739,1
27297,15666,0
20306,3756,1
20306, 12373,0
10503,2469,1
10503, 5775,0
32586,5815,1
32586,7800,0
42493,11924,1
42493, 16314,0
9183,15040,1
9183, 15459,0
28336,14692,1
28336, 16741,0
19293,17178,1
19293,4981,0
30444,5401,1
30444,5057,0
37372,5644,1
37372, 265,0
21360,17855,1
21360, 10540,0
43840,12327,1
43840, 13619,0
8055,11561,1
8055, 12199,0
22412,17498,1
22412, 19689,0
153,17053,1
153, 16777,0
36888,15871,1
36888, 19362,0
44265,15502,1
44265, 17704,0
13212,7999,1
13212, 6597,0
28472,1206,1
28472, 18780,0
10936,3851,1
10936, 15973,0
10713,17063,1
10713,5314,0
22477,13842,1
22477, 7568,0
46720,4149,1
46720, 10798,0
28641,17464,1
28641, 6034,0
48881,12533,1
48881, 15628,0
21117,5049,1
21117, 7754,0
21657,2099,1
21657, 534,0
8323,3679,1
8323, 15409,0
47148,2825,1
47148, 5858,0
20475,7782,1
20475, 6542,0
29415,16794,1
29415, 3314,0
44847,16907,1
44847, 8479,0
48436,14234,1
48436, 15623,0
8362,10736,1
8362, 11934,0
39242,2443,1
39242, 14882,0
36299,680,1
36299,1163,0
12227,3601,1
12227, 1777,0
37329,7607,1
37329, 6666,0
23311,11411,1
23311, 16731,0
20839,827,1
20839, 492,0
40630,1169,1
40630, 1782,0
27209,16402,1
27209, 3628,0
47482,9185,1
47482, 19298,0
37092,1738,1
37092, 9002,0
3490,4900,1
3490, 19336,0
20885,16020,1
20885, 19058,0
19090,15372,1
19090, 5946,0
49018,3828,1
49018, 18128,0
10684,12961,1
10684, 16848,0
28467,8095,1
28467, 5619,0
32515,11975,1
32515, 18652,0
48396,15702,1
48396, 2559,0
40050,13079,1
40050, 5337,0
12656,10132,1
12656, 11697,0
36385,8581,1
36385, 11467,0
32474,17671,1
32474, 17022,0
15621,19091,1
15621, 8299,0
31400,2759,1
31400, 10264,0
2608,9128,1
2608, 17561,0
33689,7962,1
33689, 6702,0
44056,14433,1
44056, 14250,0
37605,6381,1
37605, 12478,0
4366,19680,1
4366, 7507,0
41529,504,1
41529, 8263,0
27807,9865,1
27807, 16599,0
29736,17431,1
29736, 15919,0
32160,3744,1
32160, 8258,0
1015,3233,1
1015, 8246,0
8906,19188,1
8906, 7208,0
19911,6183,1
19911, 18967,0
32070,8085,1
32070, 7277,0
19498,855,1
19498, 11177,0
15556,17997,1
15556, 3251,0
27062,14124,1
27062, 11795,0
231,90,1
231, 18005,0
3983,7963,1
3983, 17697,0
45356,3096,1
45356, 16474,0
49763,15673,1
49763, 8860,0
31560,18249,1
31560, 1929,0
939,15826,1
939, 1741,0
33372,8262,1
33372, 11820,0
22055,4718,1
22055, 6088,0
28947,16501,1
28947, 14798,0
28796,19459,1
28796, 14234,0
36936,11570,1
36936, 16077,0
26294,15174,1
26294, 17476,0
42517,15022,1
42517, 2687,0
1926,14928,1
1926, 19343,0
1561,17850,1
1561, 9322,0
10505,12990,1
10505, 19021,0
8672,2825,1
8672, 18971,0
21169,7693,1
21169, 9046,0
30454,3694,1
30454,5795,0
48775,3170,1
48775,17081,0
4532,14668,1
4532, 6832,0
1478,17269,1
1478, 13659,0
35756,3614,1
35756, 11392,0
23665,16788,1
23665, 6068,0
39068,14257,1
39068, 10451,0
38928,4986,1
38928, 7493,0
20527,10008,1
20527, 4831,0
39480,5134,1
39480, 2911,0
26052,11368,1
26052,699,0
670,2883,1
670, 2553,0
17154,3637,1
17154, 19729,0
4788,5573,1
4788, 4373,0
12882,6331,1
12882, 13495,0
29175,8067,1
29175, 1441,0
21987,14815,1
21987, 11620,0
24717,8131,1
24717, 18831,0
3305,8836,1
3305, 14069,0
38951,13487,1
38951, 7174,0
41657,2099,1
41657, 5729,0
3382,3293,1
3382, 17309,0
23651,13126,1
23651, 16117,0
26223,7079,1
26223, 6062,0
20852,8747,1
20852, 3542,0
19909,19396,1
19909, 18356,0
9783,7607,1
9783, 11225,0
47809,18487,1
47809, 14277,0
20364,15014,1
20364, 2263,0
31843,1465,1
31843, 1167,0
3028,14842,1
3028, 3244,0
28399,5802,1
28399, 7522,0
1010,8085,1
1010, 14412,0
20405,14124,1
20405, 18545,0
16805,19465,1
16805, 19088,0
49114,14019,1
49114, 1657,0
21358,15087,1
21358, 17867,0
14320,3466,1
14320, 48,0
457,9438,1
457, 5264,0
30210,13387,1
30210, 15203,0
6137,14660,1
6137, 12174,0
14331,6188,1
14331, 15144,0
48328,16456,1
48328, 10347,0
40800,4837,1
40800, 8601,0
2819,4808,1
2819, 1663,0
37157,18862,1
37157, 8680,0
23029,10517,1
23029, 11193,0
12148,1451,1
12148, 6066,0
18910,16155,1
18910, 15724,0
19739,3280,1
19739, 19080,0
596,6181,1
596, 2420,0
42932,18348,1
42932, 17900,0
22999,16409,1
22999, 4976,0
9595,17366,1
9595, 7860,0
18704,16385,1
18704, 13790,0
3118,776,1
3118, 14283,0
23137,7207,1
23137, 13915,0
43800,13454,1
43800, 2547,0
23807,15927,1
23807, 140,0
12787,2659,1
12787, 7851,0
6700,9153,1
6700, 894,0
678,17122,1
678, 12331,0
34041,19136,1
34041, 9216,0
15834,6256,1
15834, 15122,0
18789,916,1
18789, 3933,0
21736,14815,1
21736, 14988,0
21976,15807,1
21976, 7905,0
11191,5746,1
11191, 12005,0
39259,5123,1
39259, 5321,0
22862,12895,1
22862, 15083,0
24302,15795,1
24302, 7984,0
2252,15087,1
2252, 123,0
32237,574,1
32237, 12789,0
9590,8638,1
9590, 17182,0
34531,10517,1
34531, 2010,0
3582,14907,1
3582, 510,0
14311,4484,1
14311, 15166,0
44858,14274,1
44858, 15344,0
34622,14120,1
34622, 2656,0
45392,7632,1
45392, 16036,0
3563,17902,1
3563, 19283,0
47262,16741,1
47262, 17882,0
39523,6991,1
39523, 6177,0
3692,9042,1
3692, 495,0
9114,15738,1
9114, 18325,0
26841,7671,1
26841, 6977,0
42431,6814,1
42431, 10797,0
21174,1662,1
21174, 16912,0
8666,1974,1
8666, 9887,0
4694,2030,1
4694, 412,0
9214,680,1
9214, 7098,0
4642,16030,1
4642, 12411,0
43188,11909,1
43188, 768,0
48466,11780,1
48466, 2922,0
31375,16030,1
31375, 4502,0
3731,2806,1
3731, 3114,0
6817,17431,1
6817, 8447,0
49568,18238,1
49568, 15035,0
43892,2122,1
43892, 17544,0
11627,3614,1
11627, 1624,0
1990,5404,1
1990, 4099,0
23360,123,1
23360, 17561,0
17580,17436,1
17580, 12173,0
11594,17223,1
11594, 1688,0
21235,918,1
21235, 17430,0
20848,12495,1
20848, 12928,0
20252,7174,1
20252, 4388,0
12522,4870,1
12522, 5098,0
7583,2363,1
7583, 417,0
35066,8283,1
35066, 2837,0
21563,6570,1
21563, 17349,0
38789,17472,1
38789, 15057,0
22626,14791,1
22626, 15199,0
43593,717,1
43593, 18398,0
35077,15382,1
35077, 17219,0
21606,11924,1
21606, 2550,0
16391,9985,1
16391, 7631,0
47435,4238,1
47435, 7847,0
40041,3233,1
40041, 15993,0
45222,15372,1
45222, 17236,0
31476,12358,1
31476, 5707,0
7437,756,1
7437, 16537,0
32712,17522,1
32712, 11368,0
30898,7383,1
30898, 5115,0
2805,14558,1
2805, 19738,0
8789,265,1
8789, 13937,0
12294,13126,1
12294, 17511,0
11912,17387,1
11912, 18219,0
23437,2946,1
23437, 6884,0
46025,4060,1
46025, 19137,0
22109,3361,1
22109, 2574,0
46948,19365,1
46948, 19045,0
1692,3060,1
1692, 3439,0
18677,2393,1
18677, 1662,0
34730,17430,1
34730, 9327,0
35741,11337,1
35741, 11785,0
21194,10736,1
21194, 16439,0
9504,6572,1
9504, 11778,0
11661,16540,1
11661, 9906,0
12001,10950,1
12001, 17384,0
36957,3555,1
36957, 4820,0
11538,504,1
11538, 10833,0
9836,8678,1
9836, 11897,0
35215,265,1
35215, 9908,0
22537,14248,1
22537, 16377,0
6538,1974,1
6538, 13237,0
34536,10655,1
34536, 1960,0
26101,73,1
26101, 189,0
8652,6543,1
8652, 10694,0
7333,15544,1
7333, 8682,0
23747,10661,1
23747, 17795,0
44843,10534,1
44843, 12400,0
6025,13254,1
6025, 13202,0
47709,9042,1
47709, 14347,0
30086,6570,1
30086, 11137,0
44918,3704,1
44918, 5369,0
32425,11378,1
32425, 510,0
21656,15145,1
21656, 2547,0
9097,12327,1
9097, 7825,0
15039,4820,1
15039, 6552,0
46869,17436,1
46869, 3268,0
34618,16385,1
34618, 2380,0
13417,15301,1
13417, 4208,0
26505,1745,1
26505, 19529,0
49982,5225,1
49982, 12875,0
11104,2004,1
11104, 1373,0
30251,599,1
30251, 1522,0
29297,15882,1
29297, 3948,0
34221,14834,1
34221, 15604,0
12503,1229,1
12503, 14951,0
9271,5410,1
9271, 12129,0
6909,13082,1
6909, 6937,0
25179,682,1
25179, 16879,0
18194,643,1
18194, 11534,0
82,15544,1
82, 8900,0
34825,15128,1
34825, 1355,0
35113,4328,1
35113, 5300,0
741,8355,1
741,6215,0
21270,13447,1
21270, 7607,0
18402,15117,1
18402, 10413,0
12243,17371,1
12243, 4673,0
26633,4921,1
26633,8465,0
13847,10371,1
13847, 18671,0
21829,680,1
21829, 18339,0
1378,8272,1
1378, 14684,0
35687,17318,1
35687, 11226,0
8779,19175,1
8779,9073,0
2481,3601,1
2481, 10961,0
27724,7174,1
27724, 3564,0
26435,9596,1
26435, 7317,0
3375,16682,1
3375, 10240,0
8457,8013,1
8457, 9341,0
30237,10898,1
30237,13425,0
38141,1411,1
38141, 88,0
46339,17946,1
46339, 2780,0
20168,4069,1
20168, 2686,0
21574,6108,1
21574,2808,0
33928,8832,1
33928, 10219,0
39020,9512,1
39020, 16404,0
36831,17885,1
36831, 4907,0
18880,11669,1
18880, 16428,0
43997,12072,1
43997, 10487,0
20372,12789,1
20372, 9049,0
12407,14102,1
12407, 15111,0
24613,10452,1
24613, 17823,0
14019,3614,1
14019, 16729,0
28981,18617,1
28981, 4355,0
22794,13397,1
22794, 15866,0
39345,11522,1
39345, 8448,0
11359,15848,1
11359, 2126,0
2364,7963,1
2364, 19269,0
25937,1832,1
25937, 6980,0
31267,8057,1
31267, 11777,0
8189,6826,1
8189, 16531,0
45325,16061,1
45325, 7070,0
44059,11103,1
44059, 16596,0
18664,16158,1
18664, 18352,0
5890,14659,1
5890, 1391,0
12519,16412,1
12519, 8417,0
11136,12241,1
11136, 609,0
35714,11411,1
35714, 3885,0
46281,7033,1
46281, 19467,0
29926,1463,1
29926, 2027,0
10319,5719,1
10319, 17531,0
39290,10548,1
39290, 16826,0
10347,6338,1
10347,3593,0
22084,15817,1
22084, 18948,0
34824,16537,1
34824, 6328,0
25710,151,1
25710, 9161,0
45966,9338,1
45966, 15848,0
7655,6015,1
7655, 2121,0
39599,8492,1
39599, 12755,0
24747,11924,1
24747,4882,0
8697,16861,1
8697, 3060,0
1409,13767,1
1409, 2525,0
19211,7548,1
19211, 2957,0
10562,6732,1
10562, 3466,0
12360,16543,1
12360, 17942,0
32818,3136,1
32818, 3509,0
3184,9553,1
3184, 13387,0
18321,17171,1
18321, 3167,0
9120,3073,1
9120, 7507,0
14088,9307,1
14088, 12150,0
29609,7693,1
29609,9400,0
16813,1440,1
16813, 6639,0
40608,17063,1
40608,467,0
26713,13440,1
26713, 14131,0
27150,1091,1
27150, 1940,0
22131,17294,1
22131, 9718,0
4785,7954,1
4785, 2089,0
47239,4211,1
47239, 2801,0
39905,5516,1
39905, 8957,0
36305,15621,1
36305, 13207,0
2848,17151,1
2848, 703,0
37792,17424,1
37792, 9574,0
11106,2958,1
11106, 11696,0
3735,14754,1
3735, 4115,0
27974,156,1
27974, 9617,0
42594,4736,1
42594, 12357,0
40661,16531,1
40661, 18152,0
5987,4684,1
5987, 18956,0
4516,5176,1
4516, 1016,0
14847,16248,1
14847, 19314,0
30944,18846,1
30944, 345,0
31991,8565,1
31991, 9780,0
49083,1753,1
49083, 16017,0
15329,534,1
15329, 4034,0
32229,17053,1
32229, 6937,0
22567,3236,1
22567, 3839,0
15748,6370,1
15748, 12820,0
2890,11920,1
2890, 18684,0
28457,16279,1
28457, 8100,0
10272,7772,1
10272, 17170,0
21316,12474,1
21316, 12577,0
44013,4366,1
44013, 10600,0
4542,10851,1
4542, 11645,0
494,18135,1
494, 4866,0
32615,9355,1
32615, 8076,0
13031,15830,1
13031, 3863,0
1335,10388,1
1335, 5448,0
18715,7607,1
18715, 16247,0
29859,19295,1
29859, 10148,0
43367,19714,1
43367, 15098,0
40904,3704,1
40904, 12430,0
8363,6015,1
8363, 15655,0
21778,10351,1
21778, 6925,0
29043,10513,1
29043, 14688,0
9228,3293,1
9228, 14655,0
3752,16199,1
3752, 653,0
6279,14835,1
6279, 12394,0
3196,7575,1
3196, 14274,0
22029,14049,1
22029, 4580,0
34212,8086,1
34212, 3109,0
9676,15166,1
9676, 18946,0
18369,18558,1
18369, 4450,0
48536,3992,1
48536, 17549,0
15117,3466,1
15117, 4111,0
4223,19326,1
4223, 2045,0
21941,9329,1
21941, 12700,0
47488,12961,1
47488, 11610,0
16332,15266,1
16332, 7533,0
39671,14696,1
39671, 2825,0
38192,19280,1
38192, 6529,0
26889,3567,1
26889, 151,0
33269,5778,1
33269, 4924,0
27110,15363,1
27110, 8379,0
5900,11663,1
5900, 18125,0
10121,6539,1
10121, 5802,0
42549,13082,1
42549, 18480,0
42917,5410,1
42917, 5358,0
3715,1974,1
3715, 1081,0
9386,17901,1
9386, 15448,0
36462,7847,1
36462, 3214,0
42180,17544,1
42180, 658,0
47247,13182,1
47247, 14283,0
25684,7607,1
25684, 18065,0
20898,5401,1
20898, 10533,0
14936,12565,1
14936, 3680,0
35307,17819,1
35307, 4968,0
32121,7548,1
32121, 6192,0
41250,11889,1
41250, 17717,0
12587,8109,1
12587, 15044,0
48341,3438,1
48341, 6531,0
45674,17740,1
45674, 1319,0
5796,12495,1
5796, 13222,0
25816,16741,1
25816, 15311,0
18620,16030,1
18620, 19581,0
20850,4684,1
20850, 15825,0
25233,8660,1
25233, 4311,0
13536,15955,1
13536, 18904,0
44486,11646,1
44486, 17809,0
45037,19504,1
45037, 10737,0
49369,1448,1
49369, 12657,0
27868,6552,1
27868, 17436,0
42876,10182,1
42876, 2627,0
48372,5719,1
48372, 17998,0
14826,13406,1
14826, 524,0
29596,18397,1
29596, 9642,0
31952,1163,1
31952, 11368,0
26891,7079,1
26891, 14708,0
15586,12324,1
15586, 1695,0
18958,7155,1
18958, 12601,0
16607,16020,1
16607, 13162,0
48132,9492,1
48132, 14948,0
28819,108,1
28819, 11634,0
40225,3628,1
40225, 7084,0
27931,15694,1
27931, 9810,0
43269,12952,1
43269, 9659,0
3510,19566,1
3510, 19726,0
42132,2969,1
42132, 16373,0
5719,10694,1
5719, 624,0
19283,17778,1
19283, 3542,0
5897,6913,1
5897, 19688,0
44378,7079,1
44378, 1926,0
43738,11400,1
43738, 4207,0
33910,19483,1
33910, 3291,0
27560,574,1
27560,12384,0
42702,7029,1
42702, 9738,0
1804,1361,1
1804, 9979,0
29340,7741,1
29340, 8768,0
21807,10311,1
21807, 8019,0
33586,4770,1
33586, 19726,0
36818,16808,1
36818, 11393,0
47732,10534,1
47732, 12357,0
34239,15663,1
34239, 14489,0
24430,278,1
24430, 5084,0
7945,15458,1
7945, 9800,0
29825,7029,1
29825, 18624,0
45310,3966,1
45310, 6713,0
14799,11924,1
14799, 5815,0
4327,10750,1
4327, 10904,0
42600,12932,1
42600, 16357,0
44206,6036,1
44206, 2151,0
42265,5916,1
42265, 8389,0
48584,6163,1
48584, 7553,0
15192,18407,1
15192, 14738,0
45259,4343,1
45259, 19633,0
4534,17233,1
4534, 7992,0
12167,8953,1
12167, 15162,0
22735,2936,1
22735, 12837,0
32553,3614,1
32553, 4746,0
17699,18981,1
17699, 11566,0
19982,8850,1
19982, 17931,0
41324,14925,1
41324, 1837,0
26980,15940,1
26980, 12662,0
47103,4896,1
47103, 10244,0
27944,6130,1
27944, 4502,0
16208,4991,1
16208, 16464,0
13009,10190,1
13009, 4604,0
45885,18759,1
45885, 4244,0
3259,1760,1
3259, 10625,0
14829,15530,1
14829, 13274,0
13746,2029,1
13746, 19268,0
39595,13658,1
39595, 7207,0
23542,6472,1
23542, 10064,0
29052,3555,1
29052, 232,0
48277,2751,1
48277, 5579,0
45806,10187,1
45806, 878,0
34392,8047,1
34392, 15837,0
33267,10730,1
33267, 8927,0
13500,8637,1
13500, 14666,0
27060,2695,1
27060, 10125,0
21507,17110,1
21507, 1168,0
11348,8732,1
11348, 5188,0
34639,15182,1
34639,18332,0
9919,18407,1
9919, 10343,0
21308,1186,1
21308, 16488,0
2237,9164,1
2237, 10251,0
16524,1786,1
16524, 11755,0
35277,9128,1
35277, 17714,0
15169,6241,1
15169, 11022,0
4204,4437,1
4204, 14727,0
18384,16385,1
18384, 15991,0
37086,19486,1
37086, 5111,0
33655,11103,1
33655, 6245,0
21904,4541,1
21904, 3970,0
19329,12400,1
19329, 4033,0
22317,14928,1
22317, 19617,0
8377,8855,1
8377, 13688,0
46985,19112,1
46985, 15057,0
3062,13770,1
3062, 14031,0
44764,16831,1
44764, 7329,0
14883,832,1
14883, 2820,0
36890,12474,1
36890, 11255,0
19674,16411,1
19674, 5098,0
26146,17969,1
26146, 5499,0
15760,6881,1
15760,57,0
24560,4083,1
24560,7754,0
32762,3466,1
32762, 5828,0
40726,6396,1
40726, 19696,0
21857,3490,1
21857, 17304,0
13985,8218,1
13985, 13151,0
32403,14558,1
32403, 4602,0
15512,680,1
15512, 7976,0
41929,10025,1
41929, 14063,0
9765,17613,1
9765, 17958,0
34814,5659,1
34814, 11726,0
42507,843,1
42507, 8661,0
34678,77,1
34678, 14690,0
33273,13904,1
33273, 18748,0
26391,1364,1
26391, 11025,0
31697,13085,1
31697, 12181,0
2623,7316,1
2623, 19316,0
39138,9985,1
39138, 11432,0
5545,12924,1
5545, 1386,0
21328,1864,1
21328, 17707,0
10443,13035,1
10443, 11294,0
13753,8085,1
13753, 19368,0
16383,13760,1
16383, 8496,0
41198,19332,1
41198, 13728,0
34497,16033,1
34497, 17753,0
32304,12327,1
32304, 105,0
9784,12748,1
9784, 3828,0
28072,19122,1
28072, 11097,0
26509,10432,1
26509, 15506,0
98,990,1
98, 6748,0
15622,15976,1
15622, 19173,0
27961,6470,1
27961, 1974,0
44310,15854,1
44310, 17020,0
49146,5935,1
49146, 11075,0
23078,8272,1
23078, 12898,0
5015,194,1
5015, 8068,0
16395,18891,1
16395, 16232,0
22801,16061,1
22801, 12665,0
39435,7798,1
39435, 16709,0
15691,19593,1
15691, 1696,0
47098,7992,1
47098, 14835,0
21691,8987,1
21691, 7617,0
22375,15471,1
22375, 6449,0
38628,11202,1
38628, 14216,0
10874,2271,1
10874, 14127,0
4466,17679,1
4466, 10623,0
21622,2038,1
21622, 12174,0
16333,4445,1
16333, 19529,0
8710,1754,1
8710, 14541,0
6992,2969,1
6992, 16130,0
49041,15313,1
49041, 18052,0
15824,5924,1
15824, 3625,0
13506,2469,1
13506, 18323,0
31312,266,1
31312, 16920,0
46680,12953,1
46680, 19729,0
17097,18488,1
17097, 10199,0
39752,6094,1
39752, 9155,0
49355,2414,1
49355, 2620,0
4486,4858,1
4486, 1186,0
43579,9358,1
43579, 15436,0
1811,3577,1
1811, 16984,0
37090,15834,1
37090, 3864,0
37766,14457,1
37766, 10930,0
18283,19324,1
18283, 11411,0
37850,911,1
37850,18819,0
2215,8447,1
2215, 15600,0
18587,9063,1
18587,18036,0
12396,19274,1
12396, 13462,0
15644,7383,1
15644, 7412,0
3643,13177,1
3643, 16117,0
6328,18227,1
6328, 6185,0
29522,10216,1
29522, 16259,0
48818,10950,1
48818, 16664,0
10576,534,1
10576, 8360,0
41353,18915,1
41353, 3116,0
3617,6826,1
3617, 17657,0
943,15083,1
943, 15709,0
17136,6188,1
17136, 917,0
25261,13350,1
25261, 13953,0
3546,12093,1
3546, 16428,0
34987,17425,1
34987, 11528,0
3771,3895,1
3771, 11316,0
9663,19003,1
9663, 3343,0
7058,4138,1
7058, 4152,0
44976,15807,1
44976, 1399,0
7509,2826,1
7509, 14802,0
3274,14489,1
3274, 911,0
34667,7876,1
34667, 16578,0
38999,7608,1
38999, 6829,0
10450,11828,1
10450, 14863,0
33877,6971,1
33877, 10559,0
11750,18581,1
11750, 18525,0
46239,16288,1
46239, 11475,0
4686,8269,1
4686, 12702,0
24431,6759,1
24431, 1911,0
39558,19188,1
39558, 14800,0
10026,10025,1
10026, 13791,0
29802,19574,1
29802,2448,0
28492,8324,1
28492, 1695,0
45307,13254,1
45307, 4924,0
46363,13739,1
46363,4703,0
44681,3170,1
44681,12565,0
43964,14791,1
43964, 15945,0
3982,6020,1
3982, 7976,0
49803,7847,1
49803, 9199,0
11498,12846,1
11498, 5482,0
48095,2969,1
48095, 4016,0
49836,8104,1
49836, 3762,0
3648,8281,1
3648, 7226,0
36162,19047,1
36162, 15476,0
1231,11437,1
1231, 5117,0
18322,17206,1
18322, 9185,0
889,18224,1
889, 10126,0
19871,5413,1
19871, 12210,0
12456,7548,1
12456, 17409,0
31899,12205,1
31899, 11736,0
44379,12327,1
44379, 17175,0
29523,8109,1
29523, 17384,0
38910,2247,1
38910, 10996,0
29812,9044,1
29812, 12100,0
1158,90,1
1158, 4920,0
12889,10955,1
12889, 18535,0
34357,9512,1
34357, 6810,0
4905,10323,1
4905, 14151,0
22126,3614,1
22126,18234,0
6757,10591,1
6757, 5793,0
31749,6666,1
31749, 5836,0
13876,8205,1
13876, 4585,0
40180,11539,1
40180, 15376,0
41041,14208,1
41041, 5298,0
49674,15498,1
49674, 10746,0
38843,16675,1
38843, 11778,0
32428,6903,1
32428, 11995,0
28871,5935,1
28871, 14123,0
48591,10967,1
48591, 14981,0
795,5759,1
795, 19656,0
26136,3413,1
26136, 11896,0
29633,9553,1
29633, 19192,0
31255,5356,1
31255, 10558,0
13262,18023,1
13262, 13136,0
5127,16569,1
5127, 3564,0
3836,15533,1
3836, 11054,0
33820,6586,1
33820, 13115,0
35606,18167,1
35606, 10655,0
8986,18246,1
8986, 11634,0
21821,1411,1
21821, 15132,0
34418,15871,1
34418, 95,0
6626,12941,1
6626, 834,0
33876,18392,1
33876, 9412,0
19100,10315,1
19100, 1284,0
15106,10112,1
15106, 11858,0
25841,8793,1
25841, 11241,0
15612,4232,1
15612, 3439,0
41130,6310,1
41130, 13602,0
13626,5946,1
13626, 13694,0
43590,2965,1
43590, 14924,0
32261,14272,1
32261, 3657,0
25192,10824,1
25192, 17125,0
8374,19385,1
8374, 403,0
16266,4871,1
16266, 160,0
42862,17081,1
42862, 16351,0
22160,14223,1
22160, 2115,0
13553,4611,1
13553, 5228,0
37840,2594,1
37840, 18183,0
19010,9492,1
19010, 10797,0
3057,2884,1
3057, 3179,0
20099,6015,1
20099, 15389,0
32829,3614,1
32829, 10682,0
34725,8836,1
34725, 1408,0
14569,17396,1
14569, 9513,0
21812,775,1
21812, 4281,0
23829,16675,1
23829, 1152,0
21488,1411,1
21488, 17594,0
35969,1229,1
35969, 15739,0
695,11437,1
695, 7714,0
4544,16462,1
4544, 16629,0
4924,7440,1
4924, 8086,0
45049,10475,1
45049, 17005,0
29984,3947,1
29984, 12209,0
671,6369,1
671, 17343,0
6963,8636,1
6963, 12983,0
16166,11437,1
16166, 16288,0
2790,18781,1
2790, 18482,0
1116,7962,1
1116, 14552,0
29223,15466,1
29223, 17527,0
7844,3614,1
7844, 18914,0
35343,12495,1
35343, 19664,0
41743,18849,1
41743, 7044,0
10593,14116,1
10593, 12983,0
16336,18980,1
16336, 19082,0
19678,13173,1
19678, 7908,0
24341,16349,1
24341, 17030,0
20516,4627,1
20516, 19168,0
40301,3970,1
40301, 19335,0
21774,2775,1
21774, 770,0
39965,14682,1
39965, 3346,0
17898,7317,1
17898, 13594,0
30367,1602,1
30367, 12358,0
31156,11462,1
31156, 6146,0
8701,3828,1
8701, 19617,0
2706,2825,1
2706, 6909,0
27917,3293,1
27917, 7044,0
7136,18224,1
7136, 19465,0
42302,835,1
42302, 12843,0
14831,14032,1
14831, 16258,0
19900,776,1
19900, 4563,0
8449,19489,1
8449, 1870,0
20569,17671,1
20569, 7253,0
8334,776,1
8334, 1175,0
45143,8096,1
45143, 16539,0
13496,3293,1
13496, 3960,0
19060,6983,1
19060, 8910,0
46308,2137,1
46308, 9739,0
45598,17338,1
45598, 2054,0
29842,13738,1
29842, 13425,0
28525,13072,1
28525, 14057,0
11450,1745,1
11450, 9273,0
40795,10939,1
40795, 16084,0
25370,9961,1
25370,3992,0
7967,177,1
7967,3627,0
27442,2555,1
27442, 5924,0
7832,226,1
7832, 17958,0
49995,19439,1
49995, 9380,0
44846,11065,1
44846,12195,0
49210,3485,1
49210, 18498,0
15253,7383,1
15253, 15777,0
18896,11743,1
18896, 7694,0
15860,1451,1
15860, 13288,0
33832,4149,1
33832,19328,0
6239,4896,1
6239, 4948,0
18104,2870,1
18104, 362,0
40663,6299,1
40663, 18716,0
18088,9208,1
18088, 2815,0
38471,16625,1
38471, 12770,0
20285,18486,1
20285, 11277,0
34873,7695,1
34873, 16409,0
38072,3167,1
38072, 7255,0
10717,19307,1
10717, 13418,0
30753,1261,1
30753, 1186,0
38318,15363,1
38318, 10284,0
32219,5401,1
32219, 6674,0
39027,13738,1
39027, 12207,0
49758,1974,1
49758, 7631,0
47333,19100,1
47333, 18926,0
28066,15955,1
28066,8214,0
7633,16777,1
7633, 17597,0
22905,90,1
22905, 15947,0
48512,12593,1
48512, 12826,0
36530,7905,1
36530, 13182,0
36243,4524,1
36243, 1314,0
6401,17099,1
6401, 2766,0
49577,10678,1
49577, 57,0
44787,6994,1
44787, 14638,0
49294,1327,1
49294, 8051,0
13960,12361,1
13960, 16893,0
16859,17338,1
16859, 1456,0
5529,16316,1
5529, 4099,0
41470,19188,1
41470, 5027,0
35652,12327,1
35652, 1043,0
22547,18488,1
22547, 90,0
27316,17010,1
27316, 200,0
42483,3259,1
42483, 1882,0
32675,15312,1
32675, 728,0
33792,16586,1
33792, 15890,0
42843,4900,1
42843, 7288,0
48522,19574,1
48522, 11086,0
44865,15955,1
44865, 6845,0
18688,3503,1
18688, 3985,0
49357,8263,1
49357, 13809,0
35790,15816,1
35790, 14145,0
21521,19566,1
21521, 10558,0
39937,1926,1
39937, 5093,0
6617,15679,1
6617, 8685,0
37790,15564,1
37790, 2787,0
10494,6126,1
10494, 2060,0
14474,14332,1
14474, 626,0
4109,680,1
4109, 16409,0
26724,3394,1
26724, 10301,0
13561,14424,1
13561, 8986,0
29796,4123,1
29796,2846,0
2025,6126,1
2025, 16560,0
19549,19571,1
19549, 7575,0
14412,2303,1
14412, 17997,0
35019,7834,1
35019, 9477,0
21237,1000,1
21237, 17259,0
38682,5308,1
38682, 2826,0
47108,9051,1
47108, 17280,0
17235,8085,1
17235, 11230,0
17831,420,1
17831, 6801,0
9727,14223,1
9727, 16842,0
25679,8793,1
25679, 2106,0
15225,9334,1
15225, 11753,0
46465,5789,1
46465, 10490,0
33861,8836,1
33861, 8692,0
12072,6903,1
12072, 6754,0
43750,4156,1
43750, 17189,0
36757,19648,1
36757, 16294,0
8344,6471,1
8344, 13161,0
1336,16828,1
1336, 16125,0
39921,17223,1
39921, 14131,0
41826,8336,1
41826, 8150,0
35028,8016,1
35028, 12952,0
24086,8447,1
24086, 16020,0
5339,10754,1
5339, 5111,0
31640,3828,1
31640, 659,0
14507,270,1
14507, 2414,0
33890,14234,1
33890, 9834,0
17174,3786,1
17174, 12846,0
30456,12327,1
30456, 8262,0
49260,18528,1
49260, 12763,0
28199,17766,1
28199, 233,0
32065,14054,1
32065, 3984,0
9192,8995,1
9192, 7998,0
28330,2608,1
28330, 17093,0
7556,17523,1
7556, 17063,0
245,9075,1
245, 12576,0
47585,16236,1
47585, 8619,0
27693,16794,1
27693, 6186,0
9725,19126,1
9725, 17862,0
38949,1106,1
38949, 18946,0
48151,1463,1
48151, 13521,0
21697,123,1
21697, 441,0
30847,19654,1
30847, 4130,0
32454,5739,1
32454, 2032,0
27540,14842,1
27540, 4019,0
47824,16209,1
47824, 12948,0
36218,4023,1
36218, 6770,0
45045,6104,1
45045, 6738,0
33754,6427,1
33754, 11865,0
35769,15301,1
35769, 6282,0
32424,9403,1
32424,2344,0
30726,19649,1
30726, 8559,0
16612,5578,1
16612, 13658,0
1338,3233,1
1338, 13222,0
13286,5401,1
13286, 11044,0
28863,8678,1
28863, 4957,0
46245,11607,1
46245, 10119,0
6127,12073,1
6127, 10539,0
35483,15162,1
35483, 11992,0
7559,54,1
7559, 2702,0
17145,3889,1
17145, 13480,0
9817,18429,1
9817, 10489,0
46641,7149,1
46641, 17659,0
29278,13012,1
29278, 18339,0
12702,15457,1
12702, 13374,0
45181,185,1
45181, 2877,0
11591,6292,1
11591, 12005,0
42286,1440,1
42286, 9054,0
1031,17437,1
1031, 12696,0
48426,9384,1
48426, 10863,0
16955,3268,1
16955, 7930,0
647,9063,1
647, 17885,0
32487,8110,1
32487, 11148,0
23268,18066,1
23268, 7799,0
29308,2870,1
29308, 17656,0
31080,18880,1
31080, 17079,0
11065,2969,1
11065, 18144,0
42896,17063,1
42896, 1386,0
10510,14112,1
10510, 790,0
8073,3293,1
8073, 8426,0
26656,15363,1
26656, 7101,0
39149,12294,1
39149, 17171,0
23132,15262,1
23132, 18965,0
37335,10804,1
37335, 19302,0
8965,11889,1
8965, 11803,0
23335,12146,1
23335, 13841,0
15681,18558,1
15681, 18198,0
39884,19328,1
39884, 11461,0
36558,7383,1
36558, 5409,0
24907,4578,1
24907, 1501,0
11025,54,1
11025, 2253,0
32453,1075,1
32453, 373,0
47036,3614,1
47036, 5144,0
40975,9002,1
40975, 19681,0
20147,17959,1
20147, 6108,0
23408,12241,1
23408, 4023,0
41841,15132,1
41841, 18337,0
22713,15175,1
22713, 10763,0
835,3614,1
835, 8490,0
13166,12565,1
13166, 8445,0
28405,2104,1
28405, 3627,0
6710,15816,1
6710, 12049,0
10499,3485,1
10499, 18906,0
31215,4871,1
31215, 10672,0
975,11103,1
975, 14799,0
35894,10697,1
35894, 2459,0
4508,8693,1
4508, 4033,0
21633,16255,1
21633, 19565,0
49830,9836,1
49830, 17884,0
37120,7548,1
37120, 11304,0
32272,11924,1
32272, 6481,0
12785,17569,1
12785, 13623,0
31851,11419,1
31851,5778,0
35304,12160,1
35304, 7418,0
49269,8901,1
49269, 2071,0
11141,19385,1
11141, 15950,0
21387,14322,1
21387, 9992,0
20233,12953,1
20233, 13199,0
12651,52,1
12651, 4277,0
23718,10314,1
23718, 18682,0
30734,3614,1
30734, 6245,0
14377,2007,1
14377, 6837,0
48590,10665,1
48590, 15758,0
49719,13356,1
49719, 706,0
19008,10126,1
19008, 614,0
19217,7767,1
19217, 1640,0
41937,3998,1
41937, 10786,0
1885,4509,1
1885, 7751,0
23296,7767,1
23296, 17296,0
30386,14414,1
30386, 14829,0
13407,15761,1
13407, 1130,0
32011,19549,1
32011, 906,0
11505,5757,1
11505, 12273,0
39781,17790,1
39781, 3725,0
768,19459,1
768, 16978,0
29447,16020,1
29447, 8993,0
13877,5274,1
13877, 10785,0
3390,17255,1
3390, 7255,0
21528,5666,1
21528, 3231,0
33945,17079,1
33945, 12118,0
32129,16255,1
32129, 19358,0
42953,13829,1
42953, 15417,0
23611,9938,1
23611, 12227,0
42607,17223,1
42607, 16909,0
38468,832,1
38468, 2543,0
44573,18418,1
44573, 2308,0
4779,12073,1
4779, 14009,0
10585,3236,1
10585, 16186,0
21394,3851,1
21394, 8649,0
35405,4997,1
35405, 15881,0
16837,2770,1
16837, 10635,0
35315,15362,1
35315, 14541,0
27205,5155,1
27205, 4455,0
11476,14116,1
11476, 2489,0
674,2493,1
674, 10058,0
48832,11148,1
48832, 18983,0
46202,4838,1
46202, 6050,0
11789,3839,1
11789, 8520,0
44947,18224,1
44947, 13983,0
381,14920,1
381, 3549,0
27565,16398,1
27565, 5239,0
11095,17178,1
11095, 14900,0
18594,11890,1
18594, 6374,0
2377,18303,1
2377, 4133,0
8232,8568,1
8232, 14270,0
11695,10314,1
11695, 16069,0
34123,4029,1
34123, 6116,0
46881,2663,1
46881, 21,0
10970,7207,1
10970, 14736,0
44290,9800,1
44290, 13851,0
6717,9373,1
6717, 13989,0
4369,19549,1
4369, 6329,0
11850,1782,1
11850, 3705,0
43813,19065,1
43813, 4086,0
9209,6015,1
9209, 17205,0
15792,4870,1
15792, 13739,0
6854,18730,1
6854, 15576,0
12272,19369,1
12272, 2010,0
666,7575,1
666, 7192,0
41752,5572,1
41752, 19001,0
34892,18480,1
34892, 14658,0
36080,13521,1
36080, 7896,0
37830,15673,1
37830, 9616,0
27911,265,1
27911, 3639,0
18557,3786,1
18557, 1662,0
44401,19385,1
44401, 17097,0
20673,16594,1
20673,8013,0
41282,11924,1
41282, 9800,0
47414,5722,1
47414, 364,0
1162,6074,1
1162, 8855,0
2317,15841,1
2317, 7939,0
27918,8638,1
27918, 16232,0
21398,18270,1
21398, 2013,0
23987,11517,1
23987, 15424,0
15306,14994,1
15306, 10860,0
14137,3895,1
14137, 17905,0
8521,18556,1
8521, 19459,0
35795,14345,1
35795, 2364,0
26147,9517,1
26147, 8569,0
44155,2573,1
44155, 9593,0
35236,5802,1
35236, 7583,0
21213,14513,1
21213,3767,0
44025,11536,1
44025, 18475,0
46084,17204,1
46084, 18204,0
12395,15109,1
12395, 17640,0
3952,7034,1
3952, 1177,0
24990,7552,1
24990, 13694,0
25383,9579,1
25383, 9342,0
537,504,1
537, 1011,0
2668,17269,1
2668, 18957,0
36609,3821,1
36609, 17163,0
20927,18606,1
20927, 9184,0
34570,15363,1
34570, 8073,0
22122,1422,1
22122, 4055,0
33492,9913,1
33492, 18288,0
42312,6893,1
42312, 14924,0
5792,19038,1
5792, 18965,0
25498,17974,1
25498, 4851,0
42871,4627,1
42871, 11402,0
8421,13568,1
8421, 6381,0
42620,19088,1
42620, 13492,0
2027,15955,1
2027, 17280,0
18452,10923,1
18452, 17206,0
41788,14547,1
41788, 9728,0
39145,4870,1
39145, 10039,0
4909,9215,1
4909, 15877,0
32690,12827,1
32690, 1974,0
37816,11430,1
37816, 9350,0
49683,18818,1
49683, 3973,0
7824,11948,1
7824, 8500,0
18911,19217,1
18911, 6679,0
45684,3466,1
45684, 1538,0
44648,17946,1
44648, 1673,0
7909,11726,1
7909, 771,0
19287,14234,1
19287, 8049,0
18249,4581,1
18249, 18013,0
22853,2633,1
22853, 18566,0
7806,3851,1
7806, 3759,0
13754,10311,1
13754, 12049,0
24358,15927,1
24358, 2386,0
45652,12327,1
45652, 3235,0
29712,14433,1
29712, 12278,0
5304,3828,1
5304, 10105,0
8626,14049,1
8626, 6303,0
22245,12418,1
22245, 5203,0
45751,14023,1
45751, 16174,0
46409,18321,1
46409, 16794,0
23190,11097,1
23190, 19476,0
2384,5573,1
2384, 6583,0
22072,14187,1
22072, 17091,0
34719,3811,1
34719, 15136,0
36997,8452,1
36997, 14818,0
2534,18617,1
2534, 18023,0
31175,6369,1
31175, 3951,0
8888,17974,1
8888, 7962,0
1308,13576,1
1308,1621,0
13516,6814,1
13516, 19688,0
29017,3824,1
29017, 18992,0
4281,16209,1
4281, 18967,0
38284,776,1
38284, 12910,0
22398,13934,1
22398, 2864,0
8121,8294,1
8121, 10833,0
21673,7048,1
21673, 6757,0
40809,6883,1
40809, 10770,0
45127,3966,1
45127, 14223,0
8636,2023,1
8636, 19059,0
44677,9128,1
44677, 11630,0
19276,15806,1
19276, 2344,0
5563,10146,1
5563, 464,0
9117,2767,1
9117, 1549,0
31455,4903,1
31455, 13998,0
28337,15652,1
28337, 12801,0
27660,11509,1
27660, 11744,0
1858,11889,1
1858, 4238,0
34791,16964,1
34791,5197,0
49126,10152,1
49126,5161,0
48997,3606,1
48997, 12230,0
37594,8085,1
37594, 7963,0
30275,16924,1
30275, 10773,0
3968,6814,1
3968, 14411,0
31521,8836,1
31521, 16225,0
6305,12424,1
6305, 9691,0
14458,10112,1
14458, 11006,0
4560,18179,1
4560, 14833,0
576,5432,1
576, 2967,0
15198,15807,1
15198, 9660,0
33961,4943,1
33961, 5112,0
20191,11607,1
20191, 4115,0
5872,6376,1
5872, 13657,0
41150,9106,1
41150, 6660,0
12093,4385,1
12093, 8484,0
27990,6631,1
27990,14950,0
12948,11437,1
12948, 13118,0
37913,7437,1
37913,6761,0
45791,10451,1
45791, 5510,0
25561,6505,1
25561, 9667,0
23276,11920,1
23276, 9495,0
810,1575,1
810, 5042,0
26465,12327,1
26465, 8686,0
29463,14754,1
29463, 5434,0
14887,7809,1
14887, 11199,0
23167,8085,1
23167, 17609,0
18548,10732,1
18548, 19728,0
33892,12474,1
33892, 19494,0
13243,1364,1
13243, 10533,0
44921,5573,1
44921, 17074,0
45505,6879,1
45505, 7576,0
28745,3240,1
28745, 14589,0
49117,9696,1
49117, 14066,0
30874,13811,1
30874, 8128,0
16929,3614,1
16929, 19257,0
38323,905,1
38323, 13390,0
41798,10638,1
41798, 3216,0
10671,6839,1
10671, 7668,0
47078,17318,1
47078, 14023,0
18672,9128,1
18672, 8913,0
29543,15931,1
29543, 18708,0
25426,4134,1
25426, 2629,0
6174,19276,1
6174, 14746,0
29442,17590,1
29442, 15675,0
26142,5572,1
26142, 10567,0
31425,11437,1
31425, 12602,0
25023,11297,1
25023, 6839,0
12201,7079,1
12201, 4121,0
16715,5413,1
16715, 18001,0
4427,2313,1
4427, 14410,0
43671,5911,1
43671,15982,0
14724,6136,1
14724, 10551,0
12852,3405,1
12852, 4414,0
41757,12418,1
41757, 11200,0
41139,7607,1
41139, 1303,0
1871,19644,1
1871, 1601,0
25134,7208,1
25134, 15044,0
2335,7367,1
2335, 6089,0
23372,657,1
23372, 14244,0
39979,5595,1
39979, 1279,0
3454,11175,1
3454, 6311,0
30869,12659,1
30869, 10676,0
5057,12827,1
5057, 15784,0
44344,963,1
44344, 9864,0
32784,18303,1
32784, 6245,0
21454,11839,1
21454, 16778,0
36598,6167,1
36598, 3359,0
1815,3748,1
1815, 5425,0
2695,7683,1
2695, 9187,0
44395,13808,1
44395, 4628,0
24641,11866,1
24641, 10717,0
31298,10057,1
31298, 6872,0
35727,6349,1
35727, 11044,0
9971,13809,1
9971, 13934,0
1739,18486,1
1739, 17864,0
49400,16981,1
49400, 16209,0
2487,2,1
2487, 10638,0
21343,15363,1
21343, 18938,0
21145,1133,1
21145, 11089,0
20,16199,1
20, 15059,0
23639,16855,1
23639, 17426,0
14941,14620,1
14941, 16472,0
45715,15372,1
45715, 10955,0
37144,10678,1
37144, 14124,0
40205,3631,1
40205, 9492,0
22014,11277,1
22014, 15359,0
36658,11726,1
36658, 9034,0
11931,10327,1
11931, 4305,0
42168,16653,1
42168, 7522,0
32330,10513,1
32330, 9178,0
2729,14838,1
2729, 10165,0
29375,3705,1
29375, 4641,0
49727,4473,1
49727, 7155,0
29428,16020,1
29428, 3888,0
41202,13929,1
41202, 3491,0
40502,18787,1
40502, 9343,0
49536,2675,1
49536, 11216,0
38981,11889,1
38981, 2492,0
44009,10934,1
44009, 16036,0
37362,8765,1
37362, 12713,0
10204,10718,1
10204, 1015,0
15440,17053,1
15440, 9361,0
35293,890,1
35293, 14925,0
18071,4684,1
18071, 14268,0
24996,3618,1
24996, 7162,0
23986,5274,1
23986, 11826,0
24538,18514,1
24538,13123,0
25508,11576,1
25508, 11095,0
39718,5413,1
39718, 18059,0
9798,16091,1
9798, 11070,0
20631,12953,1
20631, 19681,0
10572,15207,1
10572, 13310,0
9448,6338,1
9448, 5201,0
27653,6839,1
27653, 9251,0
13452,4304,1
13452, 3927,0
44473,5977,1
44473, 18782,0
8064,8085,1
8064, 2703,0
5344,3205,1
5344, 14809,0
36865,17885,1
36865, 1182,0
5183,6025,1
5183, 10766,0
3578,9495,1
3578, 5098,0
29968,6015,1
29968, 4951,0
26089,8246,1
26089, 3960,0
35621,18303,1
35621, 11784,0
36353,10830,1
36353, 414,0
9771,14345,1
9771, 13865,0
9152,6439,1
9152,9579,0
42248,3583,1
42248, 3658,0
1744,2371,1
1744, 7380,0
35497,16036,1
35497,11177,0
13720,9544,1
13720, 16880,0
37985,18746,1
37985, 19700,0
15274,6282,1
15274, 5425,0
36033,6215,1
36033, 17361,0
32255,9913,1
32255, 1505,0
12864,12327,1
12864, 13796,0
45186,9968,1
45186, 13316,0
11872,8446,1
11872, 13532,0
40409,1361,1
40409, 15091,0
1212,16758,1
1212, 10615,0
33330,3612,1
33330, 1131,0
7210,11924,1
7210, 7133,0
45075,19324,1
45075, 18398,0
4401,3614,1
4401, 1483,0
19617,6389,1
19617, 3639,0
13466,1860,1
13466, 7702,0
42048,4489,1
42048, 11441,0
42373,13820,1
42373, 19545,0
35565,14842,1
35565, 12241,0
31537,14772,1
31537, 5898,0
40719,4258,1
40719, 10524,0
21717,4582,1
21717, 6916,0
2699,11003,1
2699, 7099,0
34301,4986,1
34301, 11892,0
14049,10631,1
14049, 18860,0
41592,6979,1
41592, 17271,0
6677,6135,1
6677, 12118,0
6053,10517,1
6053, 16252,0
17392,682,1
17392, 941,0
8668,9738,1
8668, 8190,0
19944,19101,1
19944, 8392,0
5648,11178,1
5648, 7668,0
20997,3563,1
20997, 17226,0
3159,11419,1
3159,2889,0
43944,8762,1
43944, 6418,0
10609,270,1
10609, 10474,0
29451,12711,1
29451, 13703,0
41456,10870,1
41456, 3998,0
37791,10979,1
37791, 15382,0
4365,19654,1
4365, 7063,0
22457,10397,1
22457, 14534,0
12990,13082,1
12990, 16057,0
47523,3434,1
47523, 1117,0
14192,5502,1
14192,16938,0
42202,1662,1
42202, 858,0
24155,1691,1
24155, 6785,0
19077,13711,1
19077, 5966,0
44923,5260,1
44923, 10321,0
20033,12327,1
20033, 7232,0
8998,9519,1
8998, 7537,0
5296,2969,1
5296, 11772,0
35064,15049,1
35064, 10966,0
2039,17433,1
2039, 794,0
49908,12327,1
49908, 11236,0
8784,7830,1
8784, 17142,0
19779,8790,1
19779, 14851,0
35301,16850,1
35301, 233,0
45214,9125,1
45214, 19233,0
38667,13681,1
38667, 2735,0
9402,156,1
9402, 10517,0
43728,11498,1
43728, 12478,0
2241,17502,1
2241,19599,0
25612,15316,1
25612, 15386,0
11231,2969,1
11231, 17228,0
43677,12218,1
43677, 8887,0
17122,1369,1
17122, 17403,0
16015,13829,1
16015, 3572,0
31579,11352,1
31579, 14680,0
23340,1002,1
23340, 7813,0
6194,6188,1
6194, 10829,0
25323,11924,1
25323, 19039,0
30163,6675,1
30163, 11900,0
19446,4986,1
19446, 27,0
2482,3555,1
2482, 5319,0
33187,13175,1
33187, 10348,0
48940,15498,1
48940, 835,0
7620,464,1
7620, 6677,0
17681,19149,1
17681, 15509,0
47288,3235,1
47288, 13051,0
49207,11877,1
49207, 12900,0
20363,17366,1
20363, 2751,0
39690,3909,1
39690, 4140,0
1809,2489,1
1809, 13716,0
45951,18657,1
45951, 14658,0
14601,18225,1
14601, 16992,0
31409,2363,1
31409, 14023,0
23915,7098,1
23915,17192,0
14030,14988,1
14030, 15646,0
22323,2831,1
22323, 91,0
17327,17749,1
17327,6147,0
17603,17579,1
17603, 8980,0
17263,3710,1
17263, 11897,0
1375,16020,1
1375, 15577,0
8834,16567,1
8834, 19705,0
29291,19283,1
29291, 11165,0
12606,8016,1
12606, 13197,0
27716,2860,1
27716, 3334,0
21445,2702,1
21445, 14732,0
16046,19169,1
16046, 2088,0
33074,7373,1
33074, 4852,0
34761,6188,1
34761, 11247,0
22319,16653,1
22319, 16594,0
23530,3413,1
23530, 19503,0
1558,14696,1
1558,3673,0
47614,17790,1
47614, 18314,0
11798,12847,1
11798, 17178,0
14697,13053,1
14697, 13360,0
859,6188,1
859, 12889,0
36951,12961,1
36951, 13177,0
27243,17464,1
27243, 8222,0
30545,13996,1
30545, 8685,0
15422,5434,1
15422, 5629,0
6846,768,1
6846, 2085,0
8273,2969,1
8273, 1720,0
26666,4489,1
26666, 15221,0
27023,7317,1
27023, 12997,0
14784,11948,1
14784, 16091,0
19890,1451,1
19890, 2685,0
30673,4385,1
30673, 8686,0
47154,989,1
47154, 11408,0
8908,3998,1
8908, 2778,0
22498,6826,1
22498, 3436,0
37198,4900,1
37198, 10327,0
32156,16697,1
32156, 11536,0
12722,16398,1
12722, 4125,0
33808,18488,1
33808, 6418,0
41420,14055,1
41420, 18080,0
38694,13083,1
38694, 19734,0
48246,9651,1
48246, 18724,0
4764,504,1
4764, 1065,0
23450,2759,1
23450, 13142,0
46594,6010,1
46594, 13118,0
35499,4558,1
35499, 8837,0
46689,18568,1
46689, 19467,0
44216,6822,1
44216, 9782,0
20948,13012,1
20948, 12631,0
12881,13489,1
12881, 5842,0
46391,2273,1
46391, 12394,0
43010,1002,1
43010, 13934,0
38022,9449,1
38022, 14230,0
8294,8233,1
8294, 3368,0
49174,11920,1
49174, 3434,0
17926,15163,1
17926, 10562,0
26170,4684,1
26170, 12264,0
8724,2004,1
8724, 3179,0
35963,17726,1
35963, 11550,0
25363,6241,1
25363, 16325,0
516,14433,1
516, 13680,0
10040,3932,1
10040, 9708,0
34669,11202,1
34669, 3581,0
36409,3935,1
36409, 7048,0
8131,17081,1
8131, 1443,0
26312,16993,1
26312, 1646,0
5637,4684,1
5637, 7114,0
6896,5159,1
6896, 10427,0
6833,11663,1
6833, 13765,0
15245,12990,1
15245, 3935,0
4512,2320,1
4512, 18547,0
32903,10445,1
32903, 14761,0
42762,19574,1
42762, 16004,0
43344,6903,1
43344, 5610,0
2969,15363,1
2969, 2686,0
10019,7962,1
10019, 3870,0
35364,24,1
35364, 10520,0
27357,16852,1
27357, 14570,0
6240,8850,1
6240, 4238,0
42716,2275,1
42716, 4984,0
42874,18411,1
42874, 3277,0
22194,15221,1
22194, 7263,0
22824,14498,1
22824, 16405,0
44415,15279,1
44415, 4169,0
49488,2546,1
49488, 15724,0
23939,5948,1
23939, 13392,0
24398,10146,1
24398, 14840,0
39893,6593,1
39893, 546,0
28742,7133,1
28742, 307,0
44298,15372,1
44298, 13686,0
10285,8785,1
10285, 13677,0
41511,6322,1
41511, 1251,0
45457,5898,1
45457, 2545,0
40358,7375,1
40358, 16379,0
47821,960,1
47821, 2225,0
32075,4596,1
32075, 8396,0
26883,16025,1
26883, 8313,0
19504,1411,1
19504, 6789,0
8559,17704,1
8559, 8242,0
2302,12870,1
2302,533,0
31473,3424,1
31473, 13929,0
8595,6392,1
8595, 9044,0
19920,4870,1
19920, 17812,0
35231,15014,1
35231, 2053,0
49431,7317,1
49431, 5310,0
21892,6951,1
21892, 4014,0
8893,7437,1
8893, 16405,0
20156,9512,1
20156, 1005,0
46214,10948,1
46214, 10444,0
43409,6163,1
43409, 571,0
41495,2065,1
41495, 7930,0
38019,1270,1
38019, 16531,0
16984,260,1
16984, 19330,0
376,3949,1
376, 516,0
14834,17223,1
14834, 18830,0
24111,6012,1
24111, 4706,0
36660,19710,1
36660, 3456,0
5570,15289,1
5570, 13293,0
21206,7962,1
21206, 13143,0
30306,8086,1
30306, 8053,0
25220,15955,1
25220, 10210,0
19606,13770,1
19606, 10399,0
49800,571,1
49800, 5628,0
22234,3272,1
22234, 12908,0
27921,15400,1
27921, 11528,0
32574,17884,1
32574, 5501,0
48465,18745,1
48465, 15034,0
2095,1467,1
2095, 14683,0
46090,340,1
46090, 15621,0
26286,953,1
26286, 8780,0
46783,19276,1
46783, 4985,0
36167,7133,1
36167, 1969,0
5062,14708,1
5062, 18179,0
38067,4870,1
38067, 10193,0
42624,8900,1
42624, 6160,0
21878,2122,1
21878, 1739,0
7543,18585,1
7543, 3266,0
10714,2016,1
10714,15457,0
40776,18397,1
40776, 4402,0
37814,2775,1
37814, 16680,0
25555,5802,1
25555, 15454,0
39392,5756,1
39392, 16464,0
34755,19276,1
34755, 5015,0
20780,15677,1
20780, 5789,0
31144,13577,1
31144, 17839,0
480,19639,1
480, 13851,0
43657,10980,1
43657, 17018,0
27775,18313,1
27775, 1396,0
1929,11506,1
1929, 18832,0
18863,7570,1
18863, 12026,0
12799,1364,1
12799, 9098,0
8245,4138,1
8245, 16183,0
41201,2627,1
41201, 17867,0
24770,1363,1
24770, 19243,0
46796,5021,1
46796, 14261,0
15993,11202,1
15993, 14414,0
6233,15117,1
6233, 17532,0
40345,15857,1
40345,7394,0
25857,11297,1
25857, 16339,0
35395,2910,1
35395, 11094,0
15757,19369,1
15757, 816,0
8369,19269,1
8369, 9754,0
47249,15372,1
47249, 14821,0
25077,10475,1
25077, 5074,0
15339,371,1
15339, 8156,0
47408,4191,1
47408,7224,0
28327,1455,1
28327, 5844,0
36364,4708,1
36364, 15213,0
22557,2121,1
22557, 6598,0
29330,3772,1
29330, 10080,0
2060,12867,1
2060, 18361,0
31132,18108,1
31132, 2538,0
8390,7042,1
8390, 15694,0
3527,9672,1
3527, 13163,0
43434,13842,1
43434, 5587,0
30859,14049,1
30859, 5940,0
48768,3260,1
48768, 7751,0
42830,14551,1
42830, 16157,0
7595,3683,1
7595, 14873,0
36966,9331,1
36966, 16920,0
47196,15279,1
47196, 11896,0
39341,15761,1
39341, 13344,0
24380,2885,1
24380, 3423,0
20012,3259,1
20012, 8020,0
9415,8382,1
9415, 18872,0
38035,14808,1
38035, 2279,0
44292,18480,1
44292, 3468,0
39691,14754,1
39691, 15940,0
19228,13521,1
19228, 5774,0
47084,14393,1
47084,18558,0
6084,14843,1
6084, 19369,0
4871,17122,1
4871, 3549,0
1714,18225,1
1714, 6031,0
15777,13842,1
15777,5049,0
32214,11889,1
32214, 14309,0
48188,1440,1
48188, 1697,0
6648,15512,1
6648, 1369,0
36046,8085,1
36046, 3999,0
47549,866,1
47549, 6667,0
14465,1411,1
14465, 3488,0
920,8987,1
920, 17454,0
10674,373,1
10674, 9992,0
28479,14551,1
28479, 15093,0
9802,12953,1
9802, 15920,0
45404,16748,1
45404, 18497,0
30129,7967,1
30129, 16260,0
5568,8544,1
5568, 12565,0
22955,7422,1
22955, 10115,0
14832,8067,1
14832, 471,0
26209,4921,1
26209, 7174,0
20524,7662,1
20524, 122,0
33087,11804,1
33087, 3298,0
2097,10572,1
2097, 12371,0
11890,5935,1
11890, 6135,0
40523,1687,1
40523, 16245,0
27778,8262,1
27778, 5,0
28570,278,1
28570, 3720,0
25281,9834,1
25281, 18818,0
45007,8109,1
45007,2780,0
15247,6630,1
15247, 15679,0
10834,7999,1
10834, 12384,0
48897,6333,1
48897, 18514,0
24728,7227,1
24728, 4245,0
37978,13423,1
37978, 3205,0
32100,324,1
32100, 1011,0
30435,5088,1
30435, 179,0
41614,15301,1
41614, 15165,0
32821,6883,1
32821, 49,0
28602,8283,1
28602, 3718,0
283,8371,1
283, 6603,0
48994,5979,1
48994, 8861,0
16523,54,1
16523, 14217,0
49594,14347,1
49594, 14290,0
1099,12565,1
1099, 7382,0
24204,15940,1
24204, 8543,0
25676,9707,1
25676, 6788,0
49508,18940,1
49508, 16325,0
49716,2969,1
49716, 2034,0
25017,16398,1
25017, 4900,0
30544,9966,1
30544, 15121,0
11349,6818,1
11349, 10255,0
47030,7540,1
47030, 5641,0
29079,9687,1
29079, 8527,0
17280,19537,1
17280, 6464,0
5626,9366,1
5626, 15845,0
48320,17318,1
48320, 16788,0
47928,5093,1
47928, 6630,0
44715,8198,1
44715, 501,0
48906,13086,1
48906, 15881,0
35577,16030,1
35577, 6121,0
9861,2099,1
9861, 15283,0
36817,2825,1
36817, 11028,0
25698,6826,1
25698, 17331,0
4385,9041,1
4385, 16211,0
2514,13811,1
2514, 14497,0
5069,6281,1
5069, 5830,0
37104,19437,1
37104, 3847,0
13130,18486,1
13130, 9073,0
34035,54,1
34035,784,0
36135,3851,1
36135, 3190,0
48043,2106,1
48043, 15359,0
23640,17624,1
23640, 12374,0
5208,4138,1
5208, 17142,0
47324,19661,1
47324, 3058,0
1875,15363,1
1875, 4580,0
39250,11175,1
39250, 18864,0
6034,8687,1
6034, 16744,0
36681,2253,1
36681, 12434,0
37717,8964,1
37717, 18696,0
34484,8093,1
34484, 88,0
1673,16417,1
1673, 13357,0
42172,4018,1
42172, 7665,0
46325,11042,1
46325, 6712,0
4555,1856,1
4555, 1221,0
2343,2332,1
2343, 10710,0
38182,1463,1
38182, 3741,0
9632,7094,1
9632, 1765,0
28127,19172,1
28127, 1255,0
15168,15072,1
15168, 6137,0
22786,10523,1
22786, 5358,0
39330,6311,1
39330, 14721,0
12562,9512,1
12562, 11214,0
48845,14178,1
48845, 12900,0
36715,17946,1
36715,10368,0
23271,4404,1
23271, 5311,0
33207,2126,1
33207, 7605,0
8254,5572,1
8254, 958,0
4966,12924,1
4966,7999,0
36270,4509,1
36270, 17556,0
1387,54,1
1387, 5092,0
41785,3429,1
41785, 2521,0
3895,3679,1
3895, 15781,0
24301,776,1
24301, 11681,0
35971,10602,1
35971, 13246,0
43256,12895,1
43256, 6322,0
42812,17422,1
42812, 2483,0
3407,420,1
3407, 17367,0
38167,18249,1
38167, 13502,0
5280,7208,1
5280, 16376,0
33743,16852,1
33743, 34,0
42813,19196,1
42813, 2957,0
22703,16780,1
22703, 15281,0
12557,6014,1
12557,4183,0
27157,4882,1
27157, 5847,0
47628,7607,1
47628, 1293,0
37764,9358,1
37764, 19308,0
34284,7607,1
34284, 8492,0
16425,4341,1
16425, 15084,0
42900,18407,1
42900, 10090,0
14358,2065,1
14358, 11973,0
10678,16731,1
10678, 17898,0
32359,18488,1
32359, 18629,0
48116,18348,1
48116, 6388,0
35690,13605,1
35690, 16594,0
26965,574,1
26965, 2954,0
42159,1463,1
42159, 4676,0
33462,3327,1
33462,11172,0
16522,2540,1
16522, 3433,0
3181,19099,1
3181,13824,0
5750,6448,1
5750, 16023,0
48950,7800,1
48950, 14501,0
14551,3030,1
14551, 13739,0
11022,6074,1
11022, 7813,0
14473,7607,1
14473, 2360,0
45097,8047,1
45097,7343,0
13728,1049,1
13728, 18913,0
3987,2659,1
3987, 6216,0
41750,9273,1
41750, 15126,0
27651,8754,1
27651, 13253,0
41781,12327,1
41781, 7388,0
39482,4574,1
39482, 3209,0
32943,4882,1
32943, 15849,0
25107,14332,1
25107, 2449,0
26821,9396,1
26821, 12952,0
7602,15238,1
7602, 15041,0
9952,14747,1
9952, 3435,0
43115,14343,1
43115, 19057,0
23843,3293,1
23843, 5318,0
45141,16455,1
45141, 1107,0
4394,2602,1
4394, 6819,0
47627,4663,1
47627, 2990,0
10537,11496,1
10537, 14830,0
9675,5739,1
9675, 7648,0
47820,7764,1
47820, 11052,0
7761,9639,1
7761, 14226,0
41146,19649,1
41146, 596,0
20621,11576,1
20621, 9445,0
27105,14049,1
27105, 3764,0
18989,1648,1
18989, 8281,0
39005,6181,1
39005, 249,0
5766,2368,1
5766, 12,0
25907,3948,1
25907, 4092,0
34598,10434,1
34598, 15784,0
42102,4851,1
42102, 3696,0
49518,11890,1
49518, 3266,0
12324,534,1
12324, 18762,0
26695,14925,1
26695, 12411,0
1609,2379,1
1609, 7558,0
41923,432,1
41923, 7806,0
13049,7830,1
13049, 4373,0
35424,15363,1
35424, 6759,0
27274,14513,1
27274, 6991,0
2644,7367,1
2644, 1974,0
7507,6188,1
7507, 16928,0
12977,19257,1
12977, 223,0
2296,10146,1
2296, 8987,0
48338,12097,1
48338, 2294,0
32851,15169,1
32851, 8802,0
44309,11620,1
44309, 3202,0
21068,2344,1
21068, 5885,0
33542,5678,1
33542, 8251,0
44893,7611,1
44893, 5049,0
28370,1974,1
28370, 340,0
44477,229,1
44477, 3631,0
49273,5100,1
49273, 16252,0
28523,3998,1
28523, 14182,0
13037,1367,1
13037, 13536,0
49912,9075,1
49912, 17079,0
2953,13714,1
2953, 533,0
11865,8811,1
11865, 5240,0
40131,77,1
40131, 12349,0
30343,18708,1
30343, 6459,0
46020,19297,1
46020, 19469,0
37448,14223,1
37448, 4110,0
45785,7056,1
45785, 1239,0
43394,2072,1
43394, 12885,0
45156,5345,1
45156, 13243,0
7287,7818,1
7287, 4274,0
23845,3963,1
23845, 17928,0
9460,16788,1
9460, 15693,0
9176,5869,1
9176, 6952,0
43036,1493,1
43036, 1310,0
20617,982,1
20617, 2191,0
15846,11498,1
15846, 8407,0
42135,17059,1
42135, 14190,0
8191,3571,1
8191, 14045,0
6691,10272,1
6691, 18970,0
23229,16780,1
23229, 10904,0
47311,13836,1
47311, 1424,0
19598,12870,1
19598, 15533,0
43123,9639,1
43123, 3640,0
24123,16943,1
24123, 15080,0
49863,11174,1
49863, 18943,0
30826,8408,1
30826, 11358,0
42894,8209,1
42894, 8075,0
15821,3828,1
15821, 15849,0
39264,7098,1
39264, 17996,0
23876,14145,1
23876,9164,0
26255,18915,1
26255, 13899,0
28882,1005,1
28882, 1118,0
18106,10922,1
18106, 1986,0
7838,15087,1
7838, 8484,0
11542,3809,1
11542, 15628,0
11311,4490,1
11311, 4657,0
17128,14672,1
17128, 14652,0
19511,4484,1
19511, 13775,0
9773,16368,1
9773, 14373,0
13488,12327,1
13488, 10520,0
17205,2470,1
17205, 5301,0
40676,8096,1
40676, 8856,0
14363,209,1
14363, 14287,0
24448,6188,1
24448, 16520,0
10447,12614,1
10447, 8218,0
23691,13434,1
23691, 19300,0
48495,9940,1
48495, 8297,0
22890,2969,1
22890, 7959,0
48310,16268,1
48310, 9251,0
31141,7174,1
31141, 4873,0
36498,9424,1
36498, 15491,0
20247,8790,1
20247, 1459,0
45754,18173,1
45754, 17168,0
5538,10839,1
5538, 5276,0
4475,373,1
4475, 4667,0
23523,13664,1
23523, 1532,0
33782,5413,1
33782, 5329,0
28254,8995,1
28254, 609,0
3902,2094,1
3902, 2864,0
27376,17453,1
27376, 5393,0
12196,18657,1
12196, 11576,0
48312,9021,1
48312, 4595,0
42062,9968,1
42062, 9445,0
20883,5977,1
20883, 14030,0
38797,14864,1
38797, 9388,0
34132,15854,1
34132, 16263,0
37307,15807,1
37307, 1038,0
42288,12763,1
42288, 17002,0
35879,16678,1
35879, 9072,0
15418,9130,1
15418, 17928,0
23908,17151,1
23908, 18066,0
19809,2493,1
19809, 703,0
37783,13978,1
37783, 2240,0
23863,16788,1
23863, 554,0
1503,4289,1
1503, 2780,0
17425,7511,1
17425, 11634,0
1035,12245,1
1035, 112,0
4645,13082,1
4645, 3395,0
42690,18589,1
42690, 13285,0
407,2414,1
407, 11543,0
34037,17778,1
34037, 826,0
30974,11378,1
30974, 10576,0
32348,2876,1
32348, 15868,0
20504,8468,1
20504, 6516,0
24234,10513,1
24234, 18059,0
24247,16993,1
24247, 1047,0
42807,6772,1
42807, 19326,0
34794,8663,1
34794, 1602,0
1511,17317,1
1511, 3605,0
31344,3679,1
31344,3068,0
33388,5978,1
33388, 14109,0
28786,9622,1
28786, 95,0
763,16780,1
763, 4630,0
3204,6630,1
3204, 11826,0
45603,1350,1
45603, 8155,0
41623,11437,1
41623, 15035,0
8791,19324,1
8791, 11620,0
41135,4578,1
41135, 10617,0
49043,14835,1
49043, 8844,0
77,420,1
77, 18875,0
9005,6494,1
9005, 17120,0
33624,17867,1
33624, 16809,0
40980,2969,1
40980, 13734,0
14356,11437,1
14356, 1260,0
45171,989,1
45171, 3295,0
19418,14632,1
19418, 3142,0
20591,12827,1
20591, 12687,0
15787,11875,1
15787, 14177,0
20420,12985,1
20420, 5041,0
25982,11772,1
25982, 3894,0
1812,4870,1
1812, 11795,0
39348,14747,1
39348, 12752,0
39025,3180,1
39025, 15182,0
11433,3621,1
11433, 6390,0
47703,13082,1
47703, 2005,0
6501,5100,1
6501, 13123,0
404,6038,1
404, 1974,0
1792,18781,1
1792, 8325,0
42290,8959,1
42290, 10524,0
3588,8638,1
3588, 3227,0
39813,6292,1
39813, 12444,0
11451,17122,1
11451, 7693,0
49147,17178,1
49147, 12214,0
35867,3327,1
35867, 2,0
37200,13951,1
37200, 1719,0
12019,17544,1
12019, 15400,0
10171,13359,1
10171, 19616,0
14562,10025,1
14562, 10505,0
41651,13322,1
41651, 15362,0
10654,14666,1
10654, 15533,0
1196,15764,1
1196, 15309,0
29839,5432,1
29839, 10199,0
29795,6950,1
29795, 105,0
10081,4211,1
10081, 6494,0
43500,9968,1
43500, 6675,0
9185,11615,1
9185, 5578,0
22035,13884,1
22035, 7021,0
2392,16893,1
2392, 11978,0
4978,6183,1
4978,17770,0
2879,7375,1
2879, 15584,0
9266,4924,1
9266, 18493,0
31902,11839,1
31902, 16770,0
38249,12715,1
38249, 1538,0
15707,16981,1
15707, 11582,0
34225,10678,1
34225, 2465,0
27499,2644,1
27499, 13398,0
32410,156,1
32410,14865,0
5070,14513,1
5070, 3558,0
11637,18859,1
11637, 14282,0
14074,7607,1
14074, 12363,0
29277,18238,1
29277, 4384,0
6441,3348,1
6441, 5172,0
30641,14049,1
30641, 8699,0
27576,19459,1
27576, 16708,0
23969,7034,1
23969, 4415,0
9049,10025,1
9049, 2854,0
42875,16695,1
42875, 4912,0
46551,5516,1
46551, 859,0
42467,19600,1
42467, 14137,0
30282,3679,1
30282, 570,0
3223,11211,1
3223, 15509,0
10634,3785,1
10634, 17104,0
20081,11437,1
20081, 626,0
49976,7693,1
49976, 2946,0
13865,9553,1
13865, 7250,0
26867,2969,1
26867, 4905,0
22334,10255,1
22334, 11517,0
37202,11175,1
37202, 1850,0
38552,2831,1
38552, 1990,0
28411,14049,1
28411, 9289,0
34121,14345,1
34121, 16719,0
6384,7877,1
6384, 15640,0
42781,3748,1
42781, 18579,0
6721,13173,1
6721, 1772,0
17460,2489,1
17460, 15955,0
32637,11430,1
32637, 11063,0
35462,13182,1
35462, 891,0
39447,993,1
39447, 17384,0
7356,6579,1
7356, 1092,0
3473,3555,1
3473, 5230,0
2657,6381,1
2657, 8580,0
4709,90,1
4709,11343,0
47764,6159,1
47764, 5447,0
27663,14494,1
27663, 18938,0
46837,11744,1
46837,19705,0
23751,3614,1
23751, 12495,0
40074,17063,1
40074, 3488,0
10265,14433,1
10265, 10588,0
19002,1467,1
19002, 229,0
2568,16543,1
2568, 754,0
45363,4895,1
45363, 4662,0
13373,4211,1
13373, 11944,0
46589,15117,1
46589, 17002,0
31816,14754,1
31816, 9015,0
33024,4325,1
33024, 19059,0
36221,17546,1
36221, 9401,0
11133,4509,1
11133, 14229,0
3525,5544,1
3525, 2659,0
34978,2761,1
34978, 7905,0
21227,17959,1
21227, 2574,0
3152,3808,1
3152, 108,0
36778,11858,1
36778, 19191,0
46441,16477,1
46441, 5711,0
47960,12896,1
47960, 7253,0
39311,4870,1
39311, 14857,0
37432,7440,1
37432, 4752,0
38931,6241,1
38931, 1117,0
11122,8989,1
11122, 13613,0
34210,5739,1
34210, 9041,0
7952,17536,1
7952, 2029,0
15228,9979,1
15228, 7431,0
39795,8539,1
39795, 10730,0
7469,741,1
7469, 5573,0
9238,4997,1
9238, 19467,0
11375,18435,1
11375, 19384,0
18535,15014,1
18535, 13151,0
25810,17366,1
25810, 13082,0
5491,176,1
5491, 8732,0
30154,5388,1
30154, 8492,0
15908,1374,1
15908, 15111,0
9284,8388,1
9284, 8233,0
2352,12495,1
2352, 16214,0
35683,15993,1
35683, 6209,0
48262,12994,1
48262, 9483,0
45391,10187,1
45391, 16318,0
46036,12327,1
46036, 7487,0
16952,17253,1
16952, 1796,0
40166,13774,1
40166, 16091,0
16505,15232,1
16505, 15398,0
30152,11583,1
30152, 11065,0
44891,4991,1
44891, 5501,0
34802,5572,1
34802, 19537,0
1407,15087,1
1407, 16727,0
43823,6460,1
43823, 10684,0
37184,5815,1
37184, 15978,0
45365,8712,1
45365, 2099,0
35217,10393,1
35217, 4541,0
27535,4558,1
27535, 15062,0
33318,19150,1
33318, 9074,0
4072,15694,1
4072, 8147,0
19395,54,1
19395, 17374,0
19821,14373,1
19821, 14241,0
37865,10678,1
37865,12418,0
30692,7383,1
30692, 898,0
23735,8047,1
23735, 14103,0
48454,6913,1
48454, 3096,0
28173,14280,1
28173, 17549,0
8107,12203,1
8107, 7161,0
28257,13860,1
28257, 12173,0
46773,11570,1
46773, 17692,0
8039,8266,1
8039, 2617,0
6074,15758,1
6074, 5696,0
43730,3670,1
43730, 10950,0
20558,11890,1
20558, 17463,0
32024,43,1
32024,14493,0
13439,2106,1
13439, 14435,0
32631,4986,1
32631, 9900,0
19092,16020,1
19092, 2363,0
19091,2029,1
19091, 2405,0
16997,15260,1
16997, 5409,0
26909,3748,1
26909, 15982,0
49347,19188,1
49347, 7699,0
3134,8660,1
3134, 12468,0
222,4986,1
222, 11894,0
1329,11437,1
1329, 4406,0
43383,395,1
43383, 19080,0
25058,11861,1
25058, 7805,0
22399,8702,1
22399, 16074,0
20412,17001,1
20412, 12199,0
16304,19629,1
16304,13253,0
33413,4990,1
33413, 674,0
20017,11547,1
20017, 18805,0
37929,2099,1
37929, 18116,0
38416,11918,1
38416, 10894,0
35243,8407,1
35243, 12530,0
15386,15242,1
15386,2486,0
29449,7767,1
29449, 6952,0
28924,5274,1
28924, 15833,0
27452,453,1
27452, 5849,0
15742,504,1
15742, 15835,0
1859,1663,1
1859, 8331,0
18029,9639,1
18029, 18585,0
22117,5116,1
22117, 13052,0
10351,17456,1
10351, 17940,0
22835,17456,1
22835, 17776,0
41941,14434,1
41941, 16430,0
12867,866,1
12867, 449,0
13374,5745,1
13374, 8989,0
39200,3096,1
39200,19523,0
1852,6553,1
1852, 12099,0
48603,18559,1
48603, 11304,0
21785,16615,1
21785, 18329,0
43487,19734,1
43487, 12397,0
26619,1980,1
26619, 15050,0
21187,7305,1
21187, 9580,0
3484,18950,1
3484, 7081,0
35604,17946,1
35604, 18156,0
34272,438,1
34272, 5096,0
26388,14558,1
26388, 9544,0
5241,3260,1
5241, 16260,0
37358,4385,1
37358,16826,0
32215,14808,1
32215, 5341,0
41424,14815,1
41424, 10436,0
7152,15777,1
7152, 11470,0
1422,525,1
1422, 10050,0
19947,17223,1
19947,4232,0
5732,5979,1
5732, 11432,0
8487,7373,1
8487, 14993,0
8172,395,1
8172, 13753,0
39742,7694,1
39742, 16823,0
8462,4578,1
8462, 15314,0
37171,12953,1
37171, 13364,0
39840,14802,1
39840, 19433,0
33130,14066,1
33130,971,0
43224,6120,1
43224, 15454,0
36026,5615,1
36026, 10487,0
25170,8853,1
25170, 3922,0
399,19003,1
399, 4524,0
48605,2137,1
48605, 3358,0
45919,563,1
45919, 10388,0
16580,10902,1
16580, 3985,0
28838,16726,1
28838, 17417,0
11994,14083,1
11994, 18934,0
5835,14049,1
5835, 18631,0
1061,10830,1
1061, 13246,0
46642,8062,1
46642, 6461,0
47713,9231,1
47713, 15759,0
13226,8967,1
13226, 2378,0
44264,201,1
44264, 190,0
44341,6871,1
44341, 47,0
22870,2040,1
22870, 15577,0
36857,4626,1
36857, 15416,0
27999,4365,1
27999, 18065,0
49955,12545,1
49955, 10867,0
19431,15673,1
19431, 3104,0
35000,7092,1
35000, 7406,0
715,5625,1
715, 11996,0
8837,8441,1
8837, 18419,0
31836,11631,1
31836, 10475,0
11970,17544,1
11970, 14650,0
40649,3899,1
40649, 2953,0
6704,18880,1
6704, 5913,0
35580,17020,1
35580, 8581,0
8298,12212,1
8298, 10921,0
43133,4069,1
43133, 10606,0
18464,10551,1
18464, 5297,0
38179,3240,1
38179, 2195,0
30083,7780,1
30083, 4627,0
10749,14343,1
10749, 11944,0
31506,4385,1
31506, 2606,0
23625,8085,1
23625, 15277,0
31790,993,1
31790, 18161,0
11718,17171,1
11718, 15676,0
14471,15758,1
14471, 2399,0
45866,12795,1
45866, 3811,0
9857,3413,1
9857, 3719,0
34135,13593,1
34135,19198,0
43952,8155,1
43952, 4836,0
38774,12327,1
38774, 5123,0
47769,8532,1
47769, 4982,0
40394,10902,1
40394, 14160,0
875,7607,1
875,1427,0
7274,10144,1
7274, 18167,0
36638,5935,1
36638, 5553,0
6267,5680,1
6267, 4498,0
29900,4708,1
29900, 16572,0
573,3786,1
573, 4208,0
33732,7222,1
33732, 18187,0
11625,4923,1
11625, 624,0
20615,8678,1
20615, 12207,0
2583,18361,1
2583, 16102,0
28071,14345,1
28071, 2209,0
36606,17969,1
36606, 4341,0
28858,16418,1
28858, 17798,0
48163,13349,1
48163, 18106,0
34587,15977,1
34587, 1467,0
13168,490,1
13168, 8331,0
16409,5358,1
16409, 8663,0
35813,776,1
35813, 17314,0
45860,6539,1
45860, 17182,0
33019,3295,1
33019, 17689,0
32277,19709,1
32277, 14547,0
8659,12327,1
8659, 18968,0
44358,19188,1
44358, 19365,0
49110,13528,1
49110, 623,0
20689,5502,1
20689, 4790,0
3927,7962,1
3927, 9251,0
37503,3614,1
37503, 12811,0
25654,9484,1
25654, 18022,0
1833,17671,1
1833,16385,0
23058,7092,1
23058, 6489,0
3254,10300,1
3254, 19277,0
49500,7999,1
49500, 599,0
31249,18312,1
31249, 6798,0
47525,17072,1
47525, 4096,0
29628,18013,1
29628, 11539,0
14916,14498,1
14916, 5942,0
14794,10648,1
14794, 11509,0
45465,17366,1
45465, 2030,0
45412,14332,1
45412, 18002,0
28267,17695,1
28267, 9014,0
21868,10754,1
21868, 14922,0
35046,18249,1
35046, 3176,0
27265,5719,1
27265, 8614,0
19963,17409,1
19963, 2212,0
10865,18291,1
10865, 1119,0
6729,3710,1
6729,2380,0
30424,5361,1
30424,6992,0
21016,14936,1
21016, 3957,0
20928,2099,1
20928, 7551,0
6244,10456,1
6244, 3882,0
36917,2770,1
36917, 3650,0
22749,13182,1
22749, 14903,0
25027,19102,1
25027, 12816,0
23692,6231,1
23692, 13502,0
23810,4997,1
23810, 16735,0
38466,11368,1
38466, 11355,0
37553,8710,1
37553, 2761,0
22512,3614,1
22512, 6359,0
27361,14683,1
27361, 19306,0
4962,12203,1
4962, 8155,0
42736,17464,1
42736, 10062,0
12409,6743,1
12409, 7677,0
24838,18993,1
24838, 11304,0
39649,16749,1
39649, 6233,0
11423,12403,1
11423, 2111,0
27086,16788,1
27086, 7741,0
42635,17624,1
42635, 1682,0
15348,573,1
15348, 14873,0
47518,3870,1
47518, 6634,0
46719,7236,1
46719, 6439,0
5710,8392,1
5710, 2347,0
32016,4060,1
32016, 1469,0
10344,1728,1
10344, 17355,0
26144,15022,1
26144, 11607,0
8318,10314,1
8318, 8388,0
1295,14708,1
1295, 3597,0
13200,14666,1
13200, 18125,0
22390,11890,1
22390, 10389,0
30221,1451,1
30221, 7457,0
21886,18335,1
21886, 17548,0
48019,1982,1
48019, 18214,0
38821,11052,1
38821, 4442,0
16197,18654,1
16197, 3358,0
5503,16773,1
5503, 6245,0
20993,6159,1
20993,7182,0
17894,13696,1
17894, 19707,0
16914,13012,1
16914, 6482,0
21614,17605,1
21614, 19512,0
33723,5756,1
33723, 9415,0
43027,8199,1
43027, 17629,0
49048,16385,1
49048, 7299,0
19089,14558,1
19089, 9015,0
18466,15255,1
18466, 16197,0
45689,1777,1
45689, 11458,0
15694,8113,1
15694, 734,0
46854,3483,1
46854, 3450,0
6113,5319,1
6113, 9470,0
34243,1856,1
34243, 19147,0
23065,2185,1
23065, 12547,0
17692,8218,1
17692, 11875,0
11110,12327,1
11110, 95,0
18162,19654,1
18162, 14823,0
49974,15087,1
49974, 9917,0
30117,7383,1
30117, 15194,0
36815,54,1
36815, 15817,0
5240,17346,1
5240, 10672,0
43954,15857,1
43954, 13717,0
3543,18249,1
3543, 16207,0
7790,11920,1
7790,1391,0
18487,15791,1
18487, 9680,0
41992,14559,1
41992, 6312,0
23300,11850,1
23300, 19282,0
25732,12327,1
25732, 9851,0
2784,3785,1
2784,12917,0
27983,8448,1
27983, 15420,0
28002,3618,1
28002, 8217,0
43084,4138,1
43084, 12444,0
28640,1782,1
28640, 18880,0
34349,17656,1
34349, 4957,0
25263,3890,1
25263, 12720,0
11812,18366,1
11812, 17689,0
13427,15988,1
13427, 15692,0
15912,296,1
15912, 15799,0
23290,13953,1
23290, 3327,0
30256,6190,1
30256, 16912,0
21841,5966,1
21841, 4726,0
26300,7963,1
26300, 7317,0
41666,13515,1
41666, 12792,0
4316,3614,1
4316, 15539,0
2883,13379,1
2883, 9140,0
4653,17704,1
4653, 17896,0
2186,8203,1
2186, 2620,0
47409,16714,1
47409, 15115,0
26824,9128,1
26824, 1883,0
20890,127,1
20890, 11068,0
48105,2770,1
48105, 13625,0
14835,15313,1
14835, 16879,0
40163,11819,1
40163, 870,0
2577,2870,1
2577, 12953,0
874,11254,1
874, 10755,0
47850,9489,1
47850, 15931,0
13080,14124,1
13080, 15767,0
43711,11175,1
43711, 5990,0
11764,3878,1
11764, 4207,0
36319,15544,1
36319, 816,0
34840,17148,1
34840, 9182,0
47923,18091,1
47923, 5482,0
44488,12299,1
44488, 15584,0
12369,870,1
12369, 14536,0
29004,16424,1
29004, 8935,0
657,776,1
657, 203,0
2858,2320,1
2858, 14758,0
44554,19430,1
44554, 1959,0
18772,15712,1
18772, 2527,0
17635,6505,1
17635, 17456,0
11500,6167,1
11500,17140,0
32824,2546,1
32824, 11547,0
9358,10815,1
9358, 18566,0
13472,3230,1
13472, 7842,0
47051,15242,1
47051, 11596,0
33545,2443,1
33545, 6383,0
31484,15417,1
31484, 4871,0
24985,19549,1
24985, 9419,0
16228,3614,1
16228, 4125,0
46171,11498,1
46171, 17253,0
20957,634,1
20957, 17537,0
24955,3435,1
24955, 2060,0
30983,2633,1
30983, 14354,0
49934,10942,1
49934, 17022,0
20398,16623,1
20398, 2962,0
2164,14638,1
2164, 12591,0
10787,6012,1
10787, 6667,0
10750,5455,1
10750, 2527,0
13555,19680,1
13555, 7410,0
35004,11033,1
35004, 12489,0
27730,19483,1
27730, 18536,0
26227,6513,1
26227, 18568,0
27820,482,1
27820, 6568,0
22491,7818,1
22491, 19101,0
49284,504,1
49284, 2151,0
29116,643,1
29116, 15739,0
682,4994,1
682, 5015,0
385,1461,1
385, 4188,0
46694,18495,1
46694, 18866,0
20974,4851,1
20974, 18792,0
34311,5606,1
34311, 12616,0
16482,7436,1
16482, 8580,0
35657,9669,1
35657, 6568,0
11205,4666,1
11205, 4242,0
25049,7607,1
25049, 18201,0
37019,12218,1
37019, 9253,0
2415,11122,1
2415, 619,0
37556,7514,1
37556, 11411,0
8540,2238,1
8540, 6586,0
44705,17436,1
44705, 9111,0
24425,13487,1
24425, 1721,0
30370,11297,1
30370, 19512,0
5956,18332,1
5956, 11647,0
3155,12495,1
3155, 2247,0
38993,172,1
38993, 5388,0
35576,2137,1
35576, 13767,0
32101,17059,1
32101, 5363,0
23129,3851,1
23129, 489,0
37581,14054,1
37581, 5572,0
9949,18637,1
9949, 17949,0
26762,993,1
26762, 1299,0
47228,11669,1
47228, 8645,0
34387,17752,1
34387, 3903,0
45924,7962,1
45924, 4398,0
11082,3614,1
11082,16852,0
8335,16398,1
8335, 15354,0
19531,8457,1
19531, 14466,0
12253,4075,1
12253, 19155,0
38997,4583,1
38997, 19052,0
5247,18335,1
5247, 15348,0
12970,3259,1
12970, 6338,0
935,4997,1
935, 10369,0
45055,4611,1
45055, 7990,0
4762,13584,1
4762, 4290,0
29286,4921,1
29286, 15691,0
18209,7607,1
18209, 16573,0
8498,5481,1
8498, 15087,0
5109,3541,1
5109, 9821,0
36108,947,1
36108,3683,0
21368,15363,1
21368, 4451,0
46174,12699,1
46174, 17518,0
39989,18265,1
39989, 5514,0
37416,15559,1
37416, 12748,0
47067,8945,1
47067, 13738,0
18265,4991,1
18265, 12202,0
34792,6505,1
34792,2993,0
35399,19504,1
35399, 7282,0
39,5445,1
39, 19540,0
8936,2965,1
8936, 12616,0
19097,15702,1
19097, 7096,0
2775,9472,1
2775, 8016,0
47953,4362,1
47953, 8070,0
32286,7830,1
32286, 14869,0
22021,14533,1
22021, 3787,0
37402,11501,1
37402,7169,0
39062,16240,1
39062, 982,0
27084,14240,1
27084, 15976,0
7794,6543,1
7794, 13701,0
14053,12090,1
14053, 2320,0
37743,15737,1
37743, 13433,0
43063,1463,1
43063, 11224,0
42827,3209,1
42827, 14513,0
48440,522,1
48440, 12565,0
7142,17946,1
7142, 2436,0
47781,9372,1
47781, 13960,0
18111,5192,1
18111, 17279,0
35493,2808,1
35493, 6768,0
24576,4895,1
24576, 10543,0
25069,16209,1
25069, 3597,0
38417,1944,1
38417, 18042,0
35597,13230,1
35597, 8581,0
16849,13324,1
16849, 2922,0
45641,4138,1
45641, 11744,0
9887,2859,1
9887, 7668,0
23598,960,1
23598, 19402,0
42623,3959,1
42623, 6875,0
19332,12327,1
19332, 17689,0
20868,6736,1
20868,8128,0
46366,3966,1
46366, 7617,0
30969,6532,1
30969, 12498,0
33456,19307,1
33456, 13586,0
16462,5659,1
16462, 12699,0
10410,421,1
10410, 17172,0
39777,15057,1
39777, 6879,0
21723,6188,1
21723, 16091,0
30229,5506,1
30229, 13517,0
43602,2831,1
43602, 10477,0
9901,12327,1
9901, 8685,0
2254,13929,1
2254, 13462,0
37356,5293,1
37356, 4085,0
38368,18407,1
38368, 1482,0
36236,5645,1
36236, 3479,0
41912,11889,1
41912, 13322,0
40424,5549,1
40424, 12752,0
15355,10853,1
15355, 4907,0
20103,10655,1
20103, 8111,0
17850,172,1
17850, 9726,0
4608,18096,1
4608, 8541,0
40174,10542,1
40174, 6729,0
39484,213,1
39484, 634,0
12590,13226,1
12590, 6983,0
28059,990,1
28059, 13359,0
4747,1354,1
4747, 12867,0
36147,13739,1
36147, 6492,0
47817,1612,1
47817, 1411,0
36279,19677,1
36279, 19467,0
677,2559,1
677, 18364,0
35393,16380,1
35393, 15219,0
39131,7291,1
39131, 1974,0
41287,10902,1
41287, 10368,0
10137,15182,1
10137, 18234,0
32302,11094,1
32302, 9158,0
22549,14261,1
22549, 1671,0
14596,16255,1
14596, 7731,0
17855,13012,1
17855,12551,0
346,9017,1
346, 13405,0
29003,5898,1
29003, 18642,0
5392,1694,1
5392, 19548,0
44620,13353,1
44620, 10327,0
9440,7575,1
9440, 8753,0
23622,8519,1
23622, 18647,0
12698,14120,1
12698,14124,0
30234,8638,1
30234, 17536,0
21096,12005,1
21096, 16912,0
24532,2099,1
24532, 14034,0
39968,13739,1
39968, 12323,0
38331,19206,1
38331, 13027,0
1235,16797,1
1235, 11392,0
39409,2942,1
39409, 274,0
25139,2313,1
25139, 4850,0
46104,2960,1
46104, 1935,0
39532,7665,1
39532, 16893,0
19816,14558,1
19816, 10443,0
1725,10013,1
1725, 3640,0
3123,18090,1
3123,12168,0
26778,4083,1
26778, 9004,0
28646,2454,1
28646, 1651,0
18333,54,1
18333,13944,0
48588,19654,1
48588, 5115,0
24297,16649,1
24297, 4290,0
31034,14377,1
31034, 5625,0
20141,3839,1
20141, 14266,0
17864,13791,1
17864, 1060,0
14241,6572,1
14241, 9125,0
37340,8838,1
37340, 14826,0
25319,1923,1
25319,3348,0
27232,2575,1
27232, 19251,0
7378,14834,1
7378, 8986,0
18885,17269,1
18885, 3385,0
16248,18879,1
16248, 198,0
34628,18248,1
34628, 2879,0
47881,12474,1
47881, 10647,0
20982,9384,1
20982, 18891,0
7540,14551,1
7540, 13355,0
29299,10600,1
29299, 8660,0
48268,3878,1
48268, 18772,0
30875,12667,1
30875, 5552,0
45856,8271,1
45856, 3142,0
1435,8823,1
1435, 5432,0
33193,8085,1
33193, 9127,0
37209,156,1
37209, 3451,0
46492,18516,1
46492, 4984,0
7067,8013,1
7067, 9203,0
17198,14551,1
17198, 279,0
37437,9395,1
37437, 11360,0
41722,6163,1
41722, 6273,0
14720,11888,1
14720, 13549,0
12114,534,1
12114, 16178,0
20426,7834,1
20426, 13052,0
3925,5565,1
3925, 10333,0
48807,16429,1
48807, 13537,0
4221,3361,1
4221, 1441,0
6671,7767,1
6671, 16371,0
45234,19706,1
45234, 15833,0
41393,4558,1
41393, 11187,0
15856,3704,1
15856, 10637,0
17587,10517,1
17587, 2414,0
14809,4895,1
14809,13322,0
40989,7089,1
40989, 6445,0
47416,4968,1
47416,10734,0
17396,14345,1
17396, 263,0
28171,14343,1
28171, 9484,0
18817,14684,1
18817, 4269,0
6894,4558,1
6894,14553,0
46904,18225,1
46904, 19218,0
26119,12054,1
26119, 10996,0
26722,8860,1
26722, 11352,0
48991,8349,1
48991, 13866,0
6311,17213,1
6311, 12919,0
29246,9891,1
29246, 16313,0
36005,11384,1
36005, 14266,0
48189,7383,1
48189, 16862,0
15167,7383,1
15167, 18069,0
43799,680,1
43799, 4829,0
19859,7629,1
19859, 10338,0
26607,11924,1
26607, 17740,0
47286,15363,1
47286, 6753,0
29854,2884,1
29854, 14570,0
2711,11539,1
2711, 9506,0
7497,14345,1
7497, 5849,0
27103,776,1
27103, 12667,0
28909,6660,1
28909, 7262,0
39835,19182,1
39835, 16700,0
17330,1477,1
17330, 13508,0
4783,7393,1
4783, 2413,0
28401,2770,1
28401, 9680,0
46446,12327,1
46446, 9491,0
2916,2637,1
2916, 4432,0
46818,1689,1
46818, 14319,0
6354,2389,1
6354, 6960,0
30390,768,1
30390, 4544,0
5226,19345,1
5226, 3244,0
14067,4493,1
14067, 12028,0
1552,123,1
1552, 17081,0
19546,7079,1
19546,7000,0
32585,12058,1
32585, 5287,0
31349,19709,1
31349, 2333,0
30685,11603,1
30685, 8816,0
13216,4807,1
13216, 10996,0
43422,4850,1
43422, 5589,0
28728,5161,1
28728, 18919,0
13953,14533,1
13953, 7534,0
42110,9098,1
42110, 7183,0
21798,5159,1
21798, 14345,0
27034,8995,1
27034, 16305,0
35323,19504,1
35323, 19051,0
45293,12949,1
45293, 8917,0
41754,15068,1
41754, 19283,0
29918,12118,1
29918, 2486,0
25925,14186,1
25925, 356,0
48812,16537,1
48812, 17749,0
44509,9517,1
44509, 5418,0
42954,10201,1
42954, 493,0
37596,7098,1
37596, 12708,0
35459,2384,1
35459, 14598,0
34009,4549,1
34009, 7023,0
12742,16077,1
12742, 13178,0
3276,767,1
3276, 432,0
38314,8096,1
38314, 3135,0
4461,2825,1
4461, 369,0
32817,4578,1
32817, 5175,0
12162,5219,1
12162, 5504,0
11304,15807,1
11304, 4997,0
46741,12827,1
46741, 13398,0
30173,54,1
30173, 15260,0
49845,4169,1
49845, 7162,0
37007,19456,1
37007,2260,0
25544,13012,1
25544, 3602,0
235,2860,1
235, 17080,0
18326,8527,1
18326, 1538,0
4721,17371,1
4721, 8283,0
1317,18434,1
1317,17695,0
348,11861,1
348, 18522,0
27049,11202,1
27049, 15698,0
27801,18904,1
27801, 8003,0
17446,3073,1
17446, 8291,0
1585,19439,1
1585, 3091,0
48705,3073,1
48705, 682,0
28980,4489,1
28980,4950,0
37285,6285,1
37285, 5914,0
42073,4138,1
42073, 18946,0
29114,5572,1
29114, 17865,0
40213,15881,1
40213, 7458,0
10905,14208,1
10905, 4587,0
46508,13487,1
46508, 8379,0
38642,19707,1
38642, 7793,0
862,7090,1
862, 10099,0
38050,15087,1
38050, 1961,0
21849,1763,1
21849, 258,0
42047,16501,1
42047, 16897,0
29787,4437,1
29787, 19561,0
21166,12924,1
21166, 9307,0
10051,18608,1
10051, 15977,0
21195,7963,1
21195, 12051,0
19190,15304,1
19190, 14721,0
12468,1974,1
12468, 4941,0
27223,11141,1
27223, 8160,0
10139,10517,1
10139, 1493,0
31332,19706,1
31332, 13584,0
17958,12630,1
17958, 14940,0
17194,960,1
17194, 2820,0
6783,17942,1
6783,8804,0
9689,5301,1
9689, 5032,0
37810,1974,1
37810, 2284,0
44465,10627,1
44465, 1379,0
21183,2969,1
21183, 6354,0
20752,3922,1
20752,5888,0
31906,2884,1
31906, 3298,0
26717,10542,1
26717, 311,0
11951,2458,1
11951, 17111,0
1282,7366,1
1282, 19524,0
2178,11315,1
2178, 16346,0
31777,3555,1
31777, 15213,0
12573,3998,1
12573, 14073,0
13660,13342,1
13660, 9225,0
23019,8960,1
23019, 17321,0
10432,535,1
10432, 12239,0
46644,4896,1
46644,19472,0
3416,3535,1
3416, 12430,0
36762,14261,1
36762, 141,0
16836,8759,1
16836, 10445,0
25007,17090,1
25007,13045,0
16755,762,1
16755, 17513,0
9942,15316,1
9942, 12949,0
28444,13694,1
28444, 4432,0
14383,8104,1
14383,7672,0
19044,2942,1
19044, 17627,0
46087,5300,1
46087,5481,0
42800,11745,1
42800,8960,0
12160,3679,1
12160, 12846,0
36504,11033,1
36504, 14182,0
17581,12488,1
17581, 7615,0
20981,7317,1
20981, 13558,0
40871,7849,1
40871, 5978,0
9272,13088,1
9272, 15270,0
15822,1255,1
15822, 7354,0
23174,6821,1
23174, 17418,0
24007,8155,1
24007, 1107,0
22806,8522,1
22806, 6389,0
36400,10824,1
36400, 4053,0
8826,4870,1
8826, 19016,0
47275,10199,1
47275, 19330,0
26402,2443,1
26402,16631,0
42450,1463,1
42450, 18965,0
41712,19169,1
41712,4223,0
30366,18325,1
30366, 18875,0
33539,13434,1
33539, 3053,0
46571,2080,1
46571, 3563,0
34937,12327,1
34937, 8649,0
565,19324,1
565, 17148,0
43120,4365,1
43120, 12587,0
6526,8086,1
6526, 12948,0
44300,4286,1
44300, 17288,0
39105,534,1
39105, 10746,0
36175,10080,1
36175, 13490,0
48501,877,1
48501, 10630,0
8176,5337,1
8176, 1511,0
31171,7889,1
31171, 8321,0
46993,980,1
46993, 6004,0
24764,17663,1
24764, 2377,0
41678,18688,1
41678, 3051,0
49438,15604,1
49438, 8375,0
8495,11089,1
8495, 1699,0
15955,1850,1
15955, 4125,0
30168,4,1
30168, 8762,0
5708,7079,1
5708, 6980,0
30233,18558,1
30233, 624,0
38073,16577,1
38073, 11239,0
26411,5968,1
26411, 18961,0
16004,11293,1
16004, 8067,0
36453,4384,1
36453, 3521,0
19307,8085,1
19307, 18412,0
20118,10202,1
20118, 17733,0
12476,17053,1
12476, 15201,0
13101,4258,1
13101,19163,0
39164,5128,1
39164, 8569,0
40302,5424,1
40302, 16577,0
47256,9968,1
47256, 14934,0
46161,3134,1
46161, 7155,0
47150,18666,1
47150, 12709,0
1254,19387,1
1254, 15531,0
907,4994,1
907, 3473,0
43234,10996,1
43234, 4065,0
29289,19704,1
29289, 16758,0
31023,6126,1
31023, 9908,0
39038,12023,1
39038, 6666,0
43787,18522,1
43787, 11704,0
24063,19733,1
24063, 5353,0
1224,15213,1
1224, 7962,0
46619,11175,1
46619, 13503,0
2461,680,1
2461, 19465,0
15259,9153,1
15259, 13489,0
46586,7029,1
46586,4138,0
26616,4156,1
26616, 11657,0
16973,16061,1
16973, 12808,0
6202,11924,1
6202, 10443,0
4284,8109,1
4284, 14692,0
30161,14558,1
30161, 3685,0
42362,4365,1
42362, 77,0
19106,11929,1
19106, 11630,0
13094,12160,1
13094, 19249,0
21031,11858,1
21031, 18025,0
13983,19484,1
13983, 7771,0
32571,2251,1
32571, 6311,0
21034,12365,1
21034, 4595,0
31334,11368,1
31334, 13706,0
34170,13978,1
34170, 4041,0
43759,18940,1
43759, 3489,0
23056,3966,1
23056, 10798,0
28291,5855,1
28291, 15833,0
35201,954,1
35201, 3803,0
43586,4870,1
43586, 13223,0
42678,10684,1
42678, 3323,0
49121,8104,1
49121, 3679,0
15234,16540,1
15234, 15993,0
25752,8844,1
25752, 4530,0
20214,19190,1
20214, 17151,0
3727,3555,1
3727, 9957,0
28690,8755,1
28690, 16062,0
16576,18180,1
16576,11536,0
10312,14280,1
10312, 7593,0
6304,5155,1
6304, 16751,0
10161,8203,1
10161, 14493,0
21045,17456,1
21045, 5867,0
41074,14055,1
41074, 3359,0
466,12635,1
466, 14478,0
2677,11583,1
2677, 1013,0
43911,7133,1
43911, 2846,0
6798,717,1
6798, 7001,0
9045,11920,1
9045, 4258,0
40899,19549,1
40899, 9616,0
42393,5413,1
42393, 13954,0
42652,14900,1
42652, 8844,0
15944,637,1
15944, 4537,0
35898,16736,1
35898, 18308,0
27377,6579,1
27377, 3824,0
20570,11437,1
20570, 1043,0
27634,19704,1
27634, 10210,0
1117,19122,1
1117, 17171,0
42361,18560,1
42361, 10031,0
24442,4896,1
24442, 18715,0
24663,17740,1
24663, 4870,0
8272,5935,1
8272, 14595,0
49546,14708,1
49546, 6980,0
1030,5093,1
1030, 17623,0
4326,18308,1
4326, 17153,0
35185,6188,1
35185, 918,0
7083,17409,1
7083, 18263,0
127,5645,1
127, 203,0
49263,916,1
49263,15882,0
16700,1408,1
16700, 12322,0
26981,4917,1
26981, 8243,0
45370,14861,1
45370, 1922,0
23746,5897,1
23746, 4950,0
30178,123,1
30178,6765,0
7900,3230,1
7900, 6121,0
16416,18962,1
16416, 15098,0
22826,6376,1
22826, 6100,0
20794,3291,1
20794, 19734,0
1128,18108,1
1128, 13080,0
23160,17942,1
23160, 15328,0
20966,17310,1
20966, 2960,0
14196,870,1
14196, 1750,0
28347,1357,1
28347, 9041,0
12286,6138,1
12286, 5778,0
38383,12361,1
38383, 14682,0
33630,6127,1
33630, 13501,0
24567,17226,1
24567, 8754,0
26453,19324,1
26453, 8430,0
1000,17063,1
1000, 7288,0
5403,11141,1
5403, 6390,0
20396,14049,1
20396, 19099,0
4395,657,1
4395, 5928,0
43855,9834,1
43855, 11773,0
13079,43,1
13079, 18544,0
35947,4580,1
35947, 10457,0
15497,13829,1
15497, 16909,0
46764,9598,1
46764, 7812,0
20904,4986,1
20904, 9860,0
32744,1217,1
32744, 12547,0
25865,8565,1
25865, 5635,0
28478,5748,1
28478, 11087,0
7018,11929,1
7018, 19472,0
22087,16023,1
22087, 10950,0
26813,18249,1
26813, 11308,0
27077,3582,1
27077, 19688,0
43354,12327,1
43354, 11214,0
47063,8420,1
47063, 4292,0
21996,15988,1
21996, 9227,0
19399,4593,1
19399, 4333,0
12796,1114,1
12796, 14662,0
42982,6392,1
42982, 2864,0
10167,14747,1
10167, 10921,0
46291,17497,1
46291, 5853,0
45066,4850,1
45066, 19336,0
37499,7511,1
37499, 3086,0
14683,6282,1
14683, 7212,0
44896,9058,1
44896,157,0
13057,14066,1
13057, 5240,0
47356,9634,1
47356,18895,0
25216,18674,1
25216, 13072,0
5555,1131,1
5555, 3116,0
2032,8118,1
2032, 18373,0
19401,18008,1
19401, 15427,0
28928,11924,1
28928, 870,0
37755,5401,1
37755, 7809,0
21067,6188,1
21067, 4708,0
8459,4895,1
8459, 8581,0
17929,12271,1
17929, 11236,0
7784,3966,1
7784, 2007,0
1865,14533,1
1865, 19379,0
16487,16712,1
16487, 10898,0
13688,6903,1
13688, 556,0
9920,12210,1
9920, 1648,0
47672,6639,1
47672, 13212,0
24939,8118,1
24939, 9128,0
41764,7963,1
41764, 16255,0
20507,12172,1
20507, 8506,0
35200,18559,1
35200, 9972,0
28787,9987,1
28787, 17755,0
41055,14558,1
41055, 1024,0
40277,16104,1
40277, 8624,0
39895,1461,1
39895, 18956,0
17625,2267,1
17625, 17905,0
35943,825,1
35943, 7861,0
47737,2514,1
47737, 18380,0
26468,8109,1
26468, 19368,0
21591,11861,1
21591, 3849,0
11805,10684,1
11805, 7575,0
9982,3963,1
9982, 9396,0
41933,11327,1
41933, 5069,0
30933,8096,1
30933,11663,0
41910,1411,1
41910, 3013,0
8026,54,1
8026, 8030,0
24257,1671,1
24257,3202,0
42460,15663,1
42460, 17958,0
45782,11202,1
45782, 11791,0
6021,11202,1
6021, 6522,0
11130,4582,1
11130, 1146,0
28831,6481,1
28831, 18136,0
276,11148,1
276, 13288,0
19020,11321,1
19020, 5830,0
16893,19540,1
16893, 5562,0
21696,637,1
21696, 10038,0
46573,15652,1
46573, 4692,0
21122,18429,1
21122,15621,0
21518,16030,1
21518,11175,0
33577,6839,1
33577, 13760,0
39663,1738,1
39663, 17091,0
11707,905,1
11707, 1643,0
40,7436,1
40,9283,0
26691,270,1
26691, 4275,0
4308,19039,1
4308, 18118,0
20167,9063,1
20167, 531,0
42403,19537,1
42403, 17092,0
23256,12867,1
23256, 4078,0
10424,11747,1
10424, 16409,0
21467,14414,1
21467, 1441,0
31305,3555,1
31305, 10043,0
8532,4078,1
8532, 1411,0
1066,18522,1
1066, 10833,0
5833,15708,1
5833, 12306,0
23471,12745,1
23471, 19616,0
37373,10182,1
37373, 3179,0
26545,15509,1
26545, 7063,0
45677,17071,1
45677, 2646,0
2680,11663,1
2680,3978,0
20340,11620,1
20340, 12957,0
46558,9128,1
46558, 16890,0
34126,17763,1
34126, 6473,0
20578,9128,1
20578, 17103,0
25180,7999,1
25180, 8224,0
4867,17238,1
4867, 19535,0
5286,5024,1
5286,13839,0
46268,8596,1
46268, 19057,0
12139,19493,1
12139, 5681,0
13857,11086,1
13857, 7877,0
2636,16197,1
2636, 5680,0
17789,10548,1
17789, 7576,0
33740,11889,1
33740, 9034,0
37168,18509,1
37168, 17120,0
13463,6120,1
13463, 8654,0
48075,3947,1
48075, 4994,0
16036,13829,1
16036, 11868,0
16441,9806,1
16441, 16339,0
15506,8086,1
15506, 19145,0
47941,13829,1
47941, 28,0
43019,16255,1
43019, 3609,0
17119,16155,1
17119, 16290,0
24597,17182,1
24597, 2728,0
25197,6679,1
25197, 11076,0
45279,16975,1
45279, 7604,0
47958,1448,1
47958, 11716,0
22107,7628,1
22107, 2663,0
30021,6188,1
30021, 15204,0
49243,7338,1
49243, 11316,0
17593,14536,1
17593, 2997,0
38502,15094,1
38502, 9253,0
10186,3590,1
10186, 3508,0
40466,7192,1
40466, 5862,0
21949,13080,1
21949, 11609,0
34432,4792,1
34432,13067,0
5569,1160,1
5569,9593,0
30501,10696,1
30501, 14747,0
36511,9128,1
36511, 11773,0
26570,1694,1
26570, 15144,0
37479,10736,1
37479, 2664,0
36445,19549,1
36445, 2652,0
1370,7767,1
1370,10701,0
16421,6157,1
16421, 14830,0
31970,5645,1
31970, 9472,0
22881,6407,1
22881, 2344,0
11280,3614,1
11280, 4435,0
25175,13406,1
25175, 11,0
40873,12495,1
40873, 12470,0
11884,6983,1
11884, 12950,0
44716,10099,1
44716, 8547,0
26673,16023,1
26673, 9762,0
37266,2137,1
37266, 13222,0
32452,1560,1
32452, 12950,0
33566,14530,1
33566, 14758,0
28877,11989,1
28877, 8412,0
13491,2848,1
13491, 5211,0
12880,1720,1
12880, 11873,0
9651,14343,1
9651, 16147,0
11067,9128,1
11067, 1914,0
26275,10493,1
26275, 8072,0
27484,12789,1
27484, 1455,0
8980,2168,1
8980,11665,0
30345,156,1
30345, 16731,0
6033,16333,1
6033, 18480,0
9537,3236,1
9537, 14928,0
49590,449,1
49590, 17063,0
32720,4255,1
32720, 14483,0
30150,19677,1
30150, 9667,0
15173,5049,1
15173, 1246,0
8560,11920,1
8560, 16451,0
33454,609,1
33454,4083,0
20111,15060,1
20111, 7730,0
48597,832,1
48597, 8480,0
33736,7963,1
33736, 13353,0
43154,6156,1
43154, 8209,0
21277,19636,1
21277, 7716,0
49583,1690,1
49583, 18197,0
11069,5455,1
11069, 12652,0
5606,17812,1
5606, 5364,0
27393,14547,1
27393, 14809,0
29711,3382,1
29711, 1688,0
2368,13583,1
2368, 13551,0
31321,5287,1
31321, 17632,0
49037,10148,1
49037, 14799,0
45201,17551,1
45201, 4612,0
33183,16377,1
33183, 3068,0
20534,11484,1
20534, 5794,0
33674,14031,1
33674, 14050,0
22913,12327,1
22913, 2301,0
29249,7996,1
29249, 16408,0
39658,13454,1
39658, 7044,0
11504,12327,1
11504, 18530,0
11074,19126,1
11074, 11119,0
5063,1440,1
5063, 970,0
10888,7440,1
10888, 17771,0
49790,11920,1
49790, 7096,0
26591,14536,1
26591, 16230,0
49670,6615,1
49670, 14239,0
39930,4138,1
39930, 18691,0
41377,585,1
41377, 11868,0
23582,953,1
23582, 8540,0
11602,12133,1
11602, 4152,0
34909,15363,1
34909, 11312,0
18064,9842,1
18064, 9165,0
9540,8829,1
9540, 8274,0
25438,1987,1
25438, 18055,0
37739,17957,1
37739, 12826,0
20661,11419,1
20661, 8113,0
42489,3571,1
42489, 11607,0
15749,10144,1
15749, 6580,0
25338,5155,1
25338, 4865,0
4522,7115,1
4522, 6667,0
45548,19541,1
45548, 16819,0
15611,7830,1
15611, 7799,0
21865,9270,1
21865, 4882,0
17869,18392,1
17869, 12133,0
22017,9339,1
22017, 9717,0
9411,4404,1
9411, 10800,0
46039,11918,1
46039, 13104,0
184,7023,1
184, 15939,0
41656,9128,1
41656, 3730,0
40730,17441,1
40730, 57,0
41822,13410,1
41822, 3052,0
35141,19384,1
35141,4465,0
11554,11584,1
11554, 3895,0
17389,1067,1
17389, 13656,0
2401,15119,1
2401, 8603,0
6542,8447,1
6542, 19637,0
3641,13353,1
3641, 3167,0
48497,4385,1
48497, 11828,0
30848,6275,1
30848, 10942,0
20007,7963,1
20007, 10165,0
36435,4587,1
36435, 2957,0
27609,17206,1
27609, 5176,0
7603,12327,1
7603, 2744,0
6999,3235,1
6999, 2573,0
23042,5165,1
23042, 241,0
18082,17958,1
18082, 3493,0
37270,16402,1
37270, 11681,0
35214,5161,1
35214, 18323,0
27140,825,1
27140, 7098,0
31343,18429,1
31343, 1331,0
11650,2964,1
11650, 8103,0
18212,6094,1
18212, 19127,0
14405,3313,1
14405, 14216,0
23108,5134,1
23108, 15192,0
49108,8016,1
49108, 623,0
31084,4418,1
31084, 13086,0
23225,17366,1
23225, 68,0
22080,2876,1
22080, 12719,0
9652,12924,1
9652, 9373,0
5691,2964,1
5691,9936,0
13331,12910,1
13331, 17740,0
43889,7520,1
43889,6194,0
32476,16402,1
32476, 12888,0
46098,17416,1
46098, 14808,0
10933,5739,1
10933, 6702,0
42206,9864,1
42206, 10797,0
25996,16427,1
25996, 13670,0
9559,2959,1
9559, 10808,0
29327,2671,1
29327, 18392,0
46866,10211,1
46866, 7631,0
39193,11583,1
39193, 4390,0
31450,19382,1
31450, 12515,0
36866,5644,1
36866, 12755,0
11675,18503,1
11675, 6388,0
18532,574,1
18532, 14904,0
28080,13996,1
28080, 18023,0
35134,16246,1
35134, 2001,0
37939,1986,1
37939, 14820,0
23926,7369,1
23926, 2159,0
25183,15544,1
25183, 7367,0
1211,17050,1
1211, 152,0
29210,17456,1
29210, 5131,0
41469,17959,1
41469, 13293,0
42674,4385,1
42674, 17398,0
14280,7889,1
14280, 7299,0
43238,18961,1
43238, 5079,0
35647,3930,1
35647, 378,0
38908,16413,1
38908, 17707,0
11077,18810,1
11077, 356,0
2992,12052,1
2992, 18893,0
16480,16385,1
16480, 1713,0
40003,534,1
40003, 12455,0
32509,17280,1
32509, 7000,0
22924,4870,1
22924, 4621,0
30806,7992,1
30806, 10774,0
43242,11631,1
43242, 12327,0
26459,6015,1
26459, 7967,0
28502,6903,1
28502, 14126,0
33810,4149,1
33810,5739,0
29682,2470,1
29682, 3479,0
12655,15087,1
12655, 4178,0
1479,18081,1
1479, 7986,0
26490,17907,1
26490, 15806,0
14544,17118,1
14544, 11498,0
34760,4380,1
34760, 79,0
340,13688,1
340, 3398,0
21978,18488,1
21978, 14324,0
8721,15169,1
8721, 18105,0
49232,4578,1
49232, 15985,0
19277,1229,1
19277, 11645,0
40262,19182,1
40262, 11315,0
49395,8085,1
49395, 14279,0
31077,2013,1
31077, 8614,0
40332,4871,1
40332, 16749,0
18185,16158,1
18185, 15985,0
29185,16095,1
29185, 8522,0
25516,18198,1
25516, 8120,0
41332,19572,1
41332, 4152,0
2506,6543,1
2506, 1434,0
42784,9366,1
42784, 17319,0
45460,14513,1
45460, 1230,0
17754,16475,1
17754, 3787,0
21758,6470,1
21758, 6690,0
19162,15929,1
19162, 11764,0
45489,14261,1
45489, 3109,0
2509,15805,1
2509, 18715,0
26148,7254,1
26148, 6179,0
16510,18617,1
16510, 14687,0
34325,7535,1
34325, 11698,0
32921,19345,1
32921, 6278,0
8952,15893,1
8952, 8030,0
4600,9797,1
4600, 10436,0
19122,6188,1
19122, 19474,0
3025,7233,1
3025, 469,0
6832,13112,1
6832, 13703,0
21610,7115,1
21610, 12054,0
34374,9041,1
34374, 10074,0
13145,17071,1
13145, 4451,0
48498,17024,1
48498, 849,0
8851,7940,1
8851, 19261,0
20798,15952,1
20798, 8700,0
44922,14417,1
44922, 17294,0
26759,1357,1
26759, 1272,0
17595,916,1
17595, 18252,0
39294,7575,1
39294, 11358,0
14010,14049,1
14010, 5519,0
5423,1944,1
5423, 6079,0
29629,5345,1
29629, 11982,0
46561,8859,1
46561, 19639,0
22953,11378,1
22953, 1297,0
29674,13537,1
29674, 4572,0
36215,15858,1
36215, 1331,0
46670,7079,1
46670, 7544,0
12774,5021,1
12774, 14776,0
35125,9728,1
35125, 18934,0
40029,11920,1
40029, 16770,0
4583,6017,1
4583, 5548,0
5809,1864,1
5809, 19641,0
32138,6035,1
32138, 16761,0
7647,504,1
7647, 8095,0
43967,18028,1
43967, 10737,0
19230,4247,1
19230, 6439,0
47915,18787,1
47915, 15848,0
36820,10167,1
36820, 16596,0
1573,4509,1
1573, 13655,0
18031,4385,1
18031, 17366,0
26990,17623,1
26990, 7693,0
40967,2311,1
40967, 14833,0
32533,4870,1
32533, 17014,0
15890,11395,1
15890, 13951,0
43018,7223,1
43018, 2993,0
5052,7607,1
5052, 8510,0
46530,5897,1
46530, 12299,0
19229,10154,1
19229,458,0
37141,17318,1
37141, 14432,0
1660,13824,1
1660, 14716,0
34689,16190,1
34689, 18971,0
36856,17223,1
36856, 2541,0
27735,4489,1
27735, 10834,0
16670,11437,1
16670, 15950,0
2674,7776,1
2674, 16897,0
47327,18303,1
47327, 7314,0
26470,19188,1
26470, 15742,0
29113,3824,1
29113, 5217,0
41606,3567,1
41606, 9148,0
47376,11094,1
47376, 247,0
416,3424,1
416, 18112,0
15268,7383,1
15268, 7835,0
6807,14190,1
6807, 5595,0
20268,6017,1
20268, 2383,0
9108,16322,1
9108, 14988,0
39767,9687,1
39767, 10601,0
41703,10112,1
41703, 9825,0
24742,6167,1
24742, 19531,0
25737,5712,1
25737,14666,0
20034,6188,1
20034, 18981,0
19118,15014,1
19118, 2737,0
33126,524,1
33126, 6167,0
12688,8062,1
12688, 16376,0
24505,11720,1
24505, 3694,0
33041,1468,1
33041, 3101,0
22938,18486,1
22938, 14979,0
31411,13809,1
31411, 5257,0
34676,4277,1
34676, 2980,0
17106,19087,1
17106, 5199,0
11308,5573,1
11308, 3233,0
33858,274,1
33858, 19119,0
27055,9996,1
27055, 11299,0
45923,9266,1
45923, 3168,0
48373,12327,1
48373, 4167,0
12052,4072,1
12052, 13552,0
29336,13052,1
29336, 14464,0
37352,11889,1
37352, 16893,0
36986,13219,1
36986, 18525,0
26702,15784,1
26702, 17825,0
23369,13767,1
23369, 2199,0
44048,7798,1
44048, 712,0
5186,14223,1
5186,16246,0
20347,1467,1
20347,15501,0
42961,16794,1
42961, 1673,0
22998,8678,1
22998, 13357,0
19295,7133,1
19295, 10782,0
19493,3991,1
19493,7213,0
14833,3073,1
14833, 13895,0
19884,5155,1
19884, 5123,0
17305,18314,1
17305, 1467,0
41594,7996,1
41594, 2281,0
43166,6094,1
43166, 1441,0
6070,6452,1
6070, 3002,0
47309,6045,1
47309, 10064,0
10491,7089,1
10491, 4578,0
37303,6893,1
37303, 19437,0
48,17233,1
48, 9021,0
14961,17567,1
14961, 11714,0
8277,4149,1
8277, 6991,0
43385,17371,1
43385, 1436,0
20994,3405,1
20994, 537,0
45643,7383,1
45643, 7085,0
9087,18096,1
9087, 13274,0
30109,18435,1
30109, 16405,0
42668,18062,1
42668, 5438,0
19997,2137,1
19997, 18518,0
20803,9544,1
20803, 1350,0
20614,16297,1
20614, 16386,0
42546,3260,1
42546, 10374,0
38242,1923,1
38242, 1451,0
16060,19082,1
16060, 17228,0
21141,4595,1
21141, 5318,0
2725,3614,1
2725, 15304,0
24531,2969,1
24531, 6162,0
2619,7776,1
2619, 16749,0
12605,14522,1
12605, 120,0
45044,4238,1
45044, 16780,0
18388,12448,1
18388, 2535,0
25582,19276,1
25582, 7094,0
26218,8085,1
26218, 10934,0
48714,17472,1
48714, 9140,0
4386,10622,1
4386, 8247,0
34572,8389,1
34572, 17130,0
45986,16255,1
45986, 12168,0
18496,5155,1
18496, 609,0
37952,9858,1
37952,7851,0
21692,18066,1
21692, 1125,0
27151,8480,1
27151, 10860,0
32728,14274,1
32728, 16815,0
19394,5176,1
19394, 13721,0
47128,2969,1
47128, 4853,0
18957,19486,1
18957, 16499,0
46863,13349,1
46863, 5885,0
20687,16613,1
20687, 10798,0
21170,12058,1
21170, 8190,0
1197,4138,1
1197, 14659,0
368,4991,1
368, 6777,0
37538,2831,1
37538, 4988,0
17286,3679,1
17286,19658,0
31045,776,1
31045, 12944,0
49570,12133,1
49570, 18052,0
3685,1451,1
3685, 6260,0
46490,10973,1
46490, 73,0
45274,3851,1
45274, 2522,0
42712,19324,1
42712, 8414,0
2217,1359,1
2217, 9687,0
23650,12327,1
23650, 5252,0
31721,7834,1
31721, 15643,0
12337,14319,1
12337, 2699,0
38731,9985,1
38731, 18006,0
49526,1411,1
49526, 2326,0
45796,7368,1
45796, 12227,0
16461,6753,1
16461, 16257,0
41195,12827,1
41195, 12924,0
7242,10804,1
7242, 11350,0
21965,274,1
21965, 19528,0
26946,17067,1
26946, 4274,0
45174,11202,1
45174, 3318,0
42341,14261,1
42341, 9408,0
33233,14772,1
33233, 16889,0
49368,16061,1
49368, 13024,0
21020,3966,1
21020, 1638,0
34271,12545,1
34271,7593,0
32783,14054,1
32783, 15242,0
39110,6531,1
39110, 6315,0
8705,13072,1
8705, 9986,0
14359,9153,1
14359, 2271,0
49218,5739,1
49218, 1545,0
12478,7436,1
12478, 2963,0
44027,6557,1
44027, 8382,0
35921,15613,1
35921, 13492,0
42922,3073,1
42922, 5862,0
48492,5502,1
48492, 4501,0
1390,1643,1
1390, 14754,0
10099,12403,1
10099, 2010,0
31792,1169,1
31792, 6709,0
21450,482,1
21450, 12476,0
21449,9182,1
21449, 18328,0
14604,8996,1
14604, 4977,0
43994,14223,1
43994, 11994,0
40797,11834,1
40797, 9913,0
49528,8085,1
49528, 12208,0
23158,5308,1
23158, 2879,0
32531,11327,1
32531, 17788,0
386,11576,1
386, 6572,0
46023,7849,1
46023, 19243,0
4010,7546,1
4010, 18819,0
36591,8096,1
36591, 9078,0
46903,11642,1
46903, 12450,0
27404,2399,1
27404, 4756,0
10779,6994,1
10779, 15633,0
37999,15929,1
37999,19182,0
802,24,1
802, 10039,0
1884,12153,1
1884, 2756,0
7785,637,1
7785, 19616,0
4060,3828,1
4060, 12344,0
17907,2320,1
17907, 4080,0
3961,2922,1
3961, 4736,0
6565,3998,1
6565, 12510,0
37780,14580,1
37780, 13918,0
48587,16455,1
48587, 6477,0
12541,15816,1
12541, 5413,0
24992,2969,1
24992, 16125,0
49192,2744,1
49192, 10202,0
40520,5556,1
40520, 15974,0
14910,12668,1
14910,10795,0
48607,18096,1
48607, 16355,0
7253,10356,1
7253, 14747,0
36813,5319,1
36813, 650,0
9163,15458,1
9163, 6344,0
29232,13510,1
29232, 14028,0
11303,12327,1
11303, 16986,0
24820,19627,1
24820, 13507,0
38602,19311,1
38602, 11422,0
19456,1589,1
19456, 2185,0
27134,14533,1
27134, 16907,0
23532,10025,1
23532, 10487,0
1763,9449,1
1763,1910,0
10859,5368,1
10859, 16094,0
11431,2969,1
11431, 8960,0
35966,8874,1
35966, 19159,0
13795,3920,1
13795, 5859,0
43002,13487,1
43002, 1448,0
16999,12327,1
16999,10660,0
49149,17423,1
49149, 17210,0
42021,12924,1
42021, 14322,0
35030,8673,1
35030, 5356,0
23008,17357,1
23008, 8325,0
16247,12150,1
16247, 19688,0
15842,11008,1
15842, 5206,0
43748,5634,1
43748, 13746,0
13670,2191,1
13670, 5135,0
44279,16128,1
44279, 10834,0
37099,393,1
37099, 4663,0
17800,12846,1
17800, 17887,0
36870,9913,1
36870, 18313,0
22173,1620,1
22173, 704,0
12031,8492,1
12031, 17569,0
18234,16734,1
18234,728,0
22132,990,1
22132, 18618,0
26937,2942,1
26937, 6190,0
21557,18419,1
21557, 13131,0
36142,7673,1
36142, 356,0
6777,3302,1
6777, 11525,0
16055,17526,1
16055, 6898,0
15928,3821,1
15928, 2716,0
9084,6713,1
9084, 14480,0
23031,1467,1
23031, 4318,0
21666,17704,1
21666, 7447,0
1556,1163,1
1556, 6278,0
25869,3899,1
25869,9599,0
36427,19574,1
36427, 15677,0
31492,6183,1
31492, 12292,0
34269,15841,1
34269, 2301,0
16179,7089,1
16179, 11802,0
7249,6183,1
7249, 7784,0
1377,15448,1
1377,19607,0
36708,4211,1
36708, 13018,0
48830,1764,1
48830, 2815,0
4158,7830,1
4158, 15408,0
2284,9553,1
2284, 6218,0
394,6772,1
394, 16112,0
8145,6135,1
8145,6039,0
45414,3786,1
45414, 8890,0
29096,16094,1
29096, 1823,0
4228,3812,1
4228, 5897,0
5843,18809,1
5843, 14120,0
496,6814,1
496, 9810,0
46688,18815,1
46688, 2391,0
18719,10778,1
18719, 15185,0
33779,17072,1
33779, 11209,0
5922,6593,1
5922, 12990,0
20872,156,1
20872, 17493,0
8525,776,1
8525, 15474,0
39806,3694,1
39806, 13236,0
23142,90,1
23142, 1061,0
42408,128,1
42408, 6374,0
38304,15843,1
38304, 4285,0
14734,12341,1
14734, 12537,0
14951,13074,1
14951, 19246,0
26540,939,1
26540, 17597,0
32289,8096,1
32289, 731,0
19837,2296,1
19837, 19483,0
18135,14273,1
18135, 15020,0
40916,14083,1
40916, 15411,0
22116,7023,1
22116, 3957,0
22988,12241,1
22988, 4537,0
47665,848,1
47665, 16836,0
17622,52,1
17622, 10627,0
43114,14418,1
43114, 15564,0
39213,4255,1
39213, 88,0
49116,13625,1
49116, 19574,0
46133,3839,1
46133, 6775,0
12854,5844,1
12854, 4580,0
41961,19172,1
41961, 16738,0
39305,14655,1
39305, 16918,0
31911,5215,1
31911, 547,0
16424,3134,1
16424, 4410,0
43524,17156,1
43524, 13703,0
9796,19677,1
9796, 11396,0
3154,9708,1
3154, 8019,0
47631,18127,1
47631, 463,0
15133,15477,1
15133, 17630,0
21440,6038,1
21440, 12745,0
22069,7338,1
22069, 11284,0
17285,7191,1
17285, 8759,0
34506,6389,1
34506, 3503,0
17843,13624,1
17843, 10436,0
35230,14241,1
35230,10789,0
41709,16892,1
41709, 17002,0
30361,4954,1
30361,15923,0
28828,10655,1
28828, 1940,0
49505,11341,1
49505, 18781,0
32385,14692,1
32385, 3679,0
14024,15014,1
14024, 19616,0
7229,5368,1
7229, 11498,0
27979,690,1
27979, 18950,0
23287,4836,1
23287, 1236,0
31966,16398,1
31966, 17801,0
42740,11094,1
42740, 2702,0
20722,12745,1
20722, 10635,0
45159,12990,1
45159, 2232,0
40866,11202,1
40866, 18698,0
22771,11804,1
22771, 18791,0
9973,596,1
9973, 3680,0
37856,4489,1
37856, 1925,0
11040,11747,1
11040, 8331,0
38923,8086,1
38923, 17384,0
32517,19569,1
32517,2882,0
13595,18831,1
13595, 65,0
47090,13397,1
47090, 19633,0
31882,17148,1
31882, 12043,0
16329,13820,1
16329, 7514,0
9445,9042,1
9445, 18305,0
484,10112,1
484, 18957,0
33,5358,1
33, 11698,0
14494,3847,1
14494, 6553,0
13091,2969,1
13091, 14166,0
40064,16316,1
40064, 15040,0
44664,17924,1
44664, 8624,0
78,14808,1
78, 6806,0
27196,10439,1
27196, 10393,0
48179,17142,1
48179, 13310,0
6226,16731,1
6226, 11877,0
39271,5410,1
39271, 4250,0
46460,16462,1
46460, 9654,0
13906,5935,1
13906, 13088,0
20922,5092,1
20922, 11278,0
38205,6759,1
38205, 14009,0
23659,3614,1
23659, 11190,0
8774,11986,1
8774, 180,0
17785,6165,1
17785, 15189,0
17591,7036,1
17591, 7607,0
44860,1163,1
44860, 5003,0
17918,1146,1
17918, 3474,0
19253,2825,1
19253, 12475,0
36155,12952,1
36155, 6688,0
27127,10530,1
27127, 10358,0
40578,6979,1
40578, 9468,0
26930,989,1
26930, 14468,0
29528,6956,1
29528, 6352,0
12079,16322,1
12079, 12897,0
8114,16679,1
8114, 9768,0
39838,6177,1
39838, 9415,0
25839,11642,1
25839, 899,0
24396,18321,1
24396, 12752,0
38479,12601,1
38479, 1244,0
18572,13222,1
18572, 17190,0
37302,15242,1
37302, 13948,0
37436,2271,1
37436, 8233,0
6466,11151,1
6466, 1703,0
1965,18658,1
1965, 14810,0
13803,19337,1
13803, 3826,0
10331,15800,1
10331, 5966,0
9879,15363,1
9879, 1731,0
6083,16391,1
6083, 2032,0
10584,3466,1
10584, 16133,0
26809,7227,1
26809, 14213,0
15599,7821,1
15599, 15999,0
35774,11924,1
35774,9517,0
39860,16537,1
39860, 5948,0
22833,7191,1
22833, 14480,0
29150,680,1
29150,11936,0
34140,3184,1
34140, 18108,0
5598,5659,1
5598,5937,0
3383,3351,1
3383, 12953,0
33534,12867,1
33534, 9033,0
14521,15940,1
14521,19407,0
33471,4896,1
33471, 6162,0
37006,19572,1
37006, 17020,0
1278,13844,1
1278, 12885,0
3324,17778,1
3324, 8855,0
22515,194,1
22515, 12342,0
22697,16794,1
22697, 3695,0
30438,4435,1
30438, 15739,0
23447,15362,1
23447, 18945,0
48164,11522,1
48164, 5659,0
7637,9863,1
7637, 14091,0
27455,3293,1
27455, 6743,0
31520,832,1
31520, 13575,0
2285,17778,1
2285, 15941,0
44339,16682,1
44339, 16893,0
1502,3412,1
1502, 5877,0
20022,6821,1
20022, 16876,0
46319,17376,1
46319, 5487,0
24687,3614,1
24687, 7799,0
16712,2088,1
16712, 14432,0
36758,19217,1
36758, 18396,0
3271,6893,1
3271, 2145,0
19608,1782,1
19608, 1177,0
16068,15727,1
16068, 1811,0
19550,8447,1
19550, 15533,0
27823,6116,1
27823, 18504,0
18500,16385,1
18500, 13568,0
20180,15362,1
20180, 2585,0
15828,5670,1
15828, 17325,0
7119,18589,1
7119, 6543,0
33944,8371,1
33944, 11609,0
41860,18419,1
41860, 7605,0
2765,14696,1
2765, 19021,0
13252,15372,1
13252, 10734,0
44476,5541,1
44476, 16798,0
45835,14049,1
45835, 5102,0
14219,12203,1
14219, 8409,0
43045,10517,1
43045, 7873,0
45109,3614,1
45109, 19538,0
39745,15806,1
39745, 11702,0
1623,12640,1
1623, 3959,0
15827,2884,1
15827, 6352,0
11393,10710,1
11393, 8511,0
29283,2659,1
29283, 3491,0
40084,19137,1
40084, 1077,0
14462,7455,1
14462, 16368,0
35656,18407,1
35656, 7331,0
1835,16405,1
1835, 10854,0
35252,371,1
35252, 6774,0
21286,5885,1
21286, 9696,0
6946,2027,1
6946, 11125,0
23245,17879,1
23245, 12755,0
3225,6816,1
3225, 18469,0
37549,3184,1
37549, 13029,0
33079,5049,1
33079, 1610,0
26831,5274,1
26831, 7483,0
28350,16162,1
28350, 9082,0
6935,7700,1
6935, 13031,0
96,16093,1
96, 368,0
1512,5044,1
1512, 14054,0
24971,13515,1
24971, 13664,0
10245,10475,1
10245, 18696,0
11934,8349,1
11934, 1459,0
25219,8563,1
25219, 1133,0
27506,1207,1
27506, 9617,0
6750,1411,1
6750, 7677,0
43400,2559,1
43400, 19654,0
47102,1002,1
47102, 19310,0
21867,10327,1
21867, 12135,0
15678,6679,1
15678, 16740,0
28221,15059,1
28221, 4926,0
33003,12434,1
33003, 834,0
38963,13623,1
38963, 6400,0
35498,8687,1
35498, 13775,0
48625,18043,1
48625, 19369,0
21247,11596,1
21247, 10860,0
26925,2363,1
26925, 10743,0
22233,12930,1
22233, 10042,0
20224,9968,1
20224, 2617,0
6902,17063,1
6902, 829,0
19844,17020,1
19844, 17364,0
18788,8183,1
18788, 4379,0
6874,19601,1
6874, 11402,0
36961,1987,1
36961, 11103,0
7505,6448,1
7505, 17476,0
46983,12924,1
46983, 12372,0
1824,14414,1
1824, 5506,0
2132,680,1
2132, 19047,0
19381,5363,1
19381, 11804,0
35559,7607,1
35559, 8342,0
6844,7917,1
6844, 12655,0
26282,15301,1
26282, 4831,0
44485,3920,1
44485, 1654,0
22296,10008,1
22296, 12656,0
35945,18407,1
35945, 2320,0
12816,7034,1
12816, 11844,0
36622,17409,1
36622, 7540,0
28737,11378,1
28737, 7686,0
14708,5401,1
14708, 3896,0
19102,19330,1
19102, 3443,0
49190,8776,1
49190, 9896,0
49709,5719,1
49709, 11,0
6519,77,1
6519, 4397,0
25572,8780,1
25572, 12078,0
45783,4991,1
45783, 6004,0
2315,1451,1
2315, 8307,0
48786,954,1
48786, 533,0
46137,11352,1
46137, 15895,0
39008,19563,1
39008, 13198,0
6490,7731,1
6490, 8205,0
34781,14659,1
34781, 1592,0
25453,19324,1
25453, 11536,0
25568,7818,1
25568, 7432,0
9778,990,1
9778, 18579,0
32650,2884,1
32650, 3987,0
14204,504,1
14204, 4065,0
2476,2443,1
2476, 9574,0
19717,2,1
19717, 11400,0
27070,3683,1
27070, 1339,0
7623,10517,1
7623, 18364,0
48301,13767,1
48301, 16903,0
43651,4578,1
43651, 10515,0
30232,916,1
30232, 179,0
35191,15145,1
35191, 8329,0
10813,16736,1
10813, 12644,0
36752,14123,1
36752, 7208,0
6662,14377,1
6662, 11000,0
10553,5044,1
10553, 19566,0
23682,15825,1
23682, 12816,0
47230,11934,1
47230, 12264,0
47146,2761,1
47146, 464,0
38921,16993,1
38921, 18147,0
13708,122,1
13708, 14393,0
2150,9913,1
2150, 4208,0
3568,16418,1
3568, 15032,0
14793,5644,1
14793, 3685,0
36989,2657,1
36989, 14008,0
30384,16418,1
30384, 6359,0
15215,8710,1
15215, 18364,0
32431,361,1
32431, 12695,0
2041,3637,1
2041, 15423,0
16174,28,1
16174, 11105,0
48205,18225,1
48205, 16882,0
19943,10367,1
19943,13821,0
29613,5432,1
29613, 19129,0
24772,1210,1
24772, 12598,0
20881,10144,1
20881, 11047,0
13250,12049,1
13250, 18873,0
27424,13162,1
27424, 9714,0
37208,6215,1
37208, 5128,0
11252,15245,1
11252, 17416,0
13299,12400,1
13299,14437,0
9933,6017,1
9933, 10876,0
4392,14533,1
4392, 7095,0
12821,15542,1
12821, 6625,0
45682,16382,1
45682, 2570,0
20629,3135,1
20629, 10728,0
21011,1879,1
21011, 17659,0
34386,16398,1
34386, 14888,0
23589,5168,1
23589,13039,0
28101,16615,1
28101, 8838,0
42542,4986,1
42542, 15854,0
31382,3826,1
31382, 11437,0
10346,18715,1
10346, 9788,0
37415,1115,1
37415, 16688,0
20585,14019,1
20585, 14086,0
45758,9402,1
45758, 12913,0
44952,5969,1
44952, 17221,0
12545,8096,1
12545,13656,0
17646,13872,1
17646, 1386,0
9618,8660,1
9618, 18415,0
12485,16861,1
12485, 15971,0
11911,5076,1
11911, 3579,0
26727,14199,1
26727, 16368,0
23337,9004,1
23337, 11025,0
42158,7044,1
42158, 6568,0
36015,11277,1
36015, 6446,0
359,6108,1
359, 18144,0
27867,5842,1
27867, 657,0
21456,5514,1
21456, 2589,0
17696,5432,1
17696, 9665,0
44905,4338,1
44905, 7769,0
28429,10548,1
28429, 17759,0
9392,13012,1
9392, 5842,0
12334,4078,1
12334, 2383,0
43518,13568,1
43518, 12551,0
27647,832,1
27647, 1948,0
22804,17997,1
22804, 6120,0
31891,6216,1
31891, 12324,0
32713,11839,1
32713, 11829,0
42752,5748,1
42752, 17518,0
9968,8048,1
9968, 13640,0
23495,15955,1
23495, 6754,0
40070,4895,1
40070, 19540,0
24715,2831,1
24715, 15974,0
38711,4558,1
38711, 3446,0
34110,17374,1
34110, 11932,0
28824,16766,1
28824, 2239,0
26056,11861,1
26056, 19681,0
5000,19152,1
5000, 8229,0
5440,9966,1
5440, 18811,0
47061,16255,1
47061, 9608,0
7899,3696,1
7899, 13637,0
20329,16786,1
20329, 2010,0
35846,18097,1
35846, 5519,0
42786,17796,1
42786, 16937,0
49493,7756,1
49493, 800,0
92,19252,1
92, 12071,0
31182,2422,1
31182,16477,0
15858,13085,1
15858, 11515,0
48662,8660,1
48662, 3271,0
24490,9596,1
24490,17312,0
26406,11321,1
26406, 8617,0
44471,15881,1
44471, 679,0
22386,5044,1
22386, 2854,0
17543,18568,1
17543, 3026,0
31471,3847,1
31471, 16128,0
39565,2066,1
39565, 2218,0
35856,15368,1
35856, 13656,0
46570,13440,1
46570,11358,0
31376,3176,1
31376, 17409,0
20216,1923,1
20216, 2131,0
5652,17850,1
5652, 14993,0
35097,13438,1
35097, 14001,0
13997,3581,1
13997, 10686,0
48200,9933,1
48200, 18487,0
1519,18566,1
1519, 17416,0
20967,12495,1
20967, 17645,0
27108,2458,1
27108, 11327,0
37678,9968,1
37678, 247,0
4271,18617,1
4271, 6894,0
13551,8997,1
13551, 7573,0
33155,2969,1
33155, 5186,0
49808,4578,1
49808, 5519,0
2259,4493,1
2259, 13384,0
48195,7233,1
48195, 19562,0
39692,10389,1
39692, 9339,0
33256,17234,1
33256,12208,0
40219,16975,1
40219, 8337,0
1521,3073,1
1521, 12818,0
39761,19717,1
39761, 8765,0
13172,7029,1
13172, 7683,0
24273,664,1
24273, 8447,0
28654,15312,1
28654, 10753,0
22098,1777,1
22098, 1251,0
20381,3235,1
20381, 17402,0
30791,16112,1
30791, 6439,0
25473,2585,1
25473, 13236,0
24775,7987,1
24775,2239,0
38813,19550,1
38813, 2085,0
11208,2831,1
11208, 16805,0
49812,10201,1
49812, 1192,0
26533,15607,1
26533, 3067,0
25410,574,1
25410, 1258,0
5412,14083,1
5412, 16633,0
4192,15712,1
4192, 3209,0
11586,6577,1
11586, 12273,0
27425,5644,1
27425, 8741,0
20244,18296,1
20244, 8086,0
27458,11583,1
27458, 14023,0
25913,10112,1
25913, 13135,0
2576,8418,1
2576, 11979,0
19684,8702,1
19684, 144,0
723,7607,1
723, 6826,0
11900,7192,1
11900, 14250,0
19584,916,1
19584, 9708,0
9498,5828,1
9498, 12612,0
40591,11498,1
40591, 17611,0
35828,4075,1
35828, 5260,0
7384,3670,1
7384,6309,0
13074,4558,1
13074, 4838,0
30445,11352,1
30445, 7504,0
28907,3998,1
28907, 193,0
18154,5762,1
18154, 8057,0
17619,5598,1
17619, 14241,0
35579,3614,1
35579, 11137,0
38357,563,1
38357,14089,0
12586,5897,1
12586, 3899,0
33214,1505,1
33214, 9386,0
38239,6370,1
38239, 13804,0
16811,19499,1
16811, 5907,0
30346,12397,1
30346, 19696,0
20953,4108,1
20953, 17503,0
21501,2034,1
21501, 1911,0
8902,16897,1
8902, 17493,0
2440,12755,1
2440,5758,0
46480,7114,1
46480, 16036,0
14096,15955,1
14096, 2379,0
38430,2016,1
38430, 1177,0
33809,707,1
33809, 8220,0
14906,4986,1
14906, 5926,0
40432,9599,1
40432, 19657,0
3419,15856,1
3419, 14826,0
20510,1452,1
20510, 14835,0
6774,15207,1
6774, 717,0
24468,13978,1
24468, 12565,0
41453,12423,1
41453,1782,0
1980,7436,1
1980,19310,0
31850,8735,1
31850, 10410,0
18952,12451,1
18952, 18622,0
47189,960,1
47189, 10123,0
33469,12560,1
33469, 1961,0
21051,14332,1
21051,13254,0
45836,16625,1
45836, 9287,0
870,14145,1
870, 8838,0
662,14234,1
662, 9177,0
35635,16417,1
35635, 5371,0
40356,2275,1
40356, 518,0
47508,17464,1
47508, 13405,0
16520,10517,1
16520, 9958,0
28586,10542,1
28586, 14137,0
9515,17424,1
9515, 15080,0
37210,5260,1
37210, 2744,0
1359,3683,1
1359, 16860,0
18614,6136,1
18614, 10634,0
14749,3851,1
14749, 1361,0
1603,3899,1
1603, 11248,0
4173,657,1
4173, 13782,0
16876,5659,1
16876, 15817,0
28940,8639,1
28940, 18505,0
30144,11337,1
30144, 16761,0
15029,19324,1
15029, 3436,0
49743,464,1
49743, 6020,0
4118,4996,1
4118, 6466,0
4670,18246,1
4670, 1236,0
26703,12361,1
26703, 9961,0
34488,11295,1
34488, 12387,0
43666,9639,1
43666, 6819,0
15875,5789,1
15875, 12110,0
25701,13284,1
25701, 18690,0
18046,13440,1
18046, 15845,0
460,10370,1
460, 8446,0
12290,14019,1
12290, 2537,0
36197,6660,1
36197, 13226,0
35626,10305,1
35626, 15955,0
18671,12254,1
18671, 18325,0
49920,14066,1
49920, 4957,0
18165,974,1
18165, 707,0
38992,6135,1
38992,5714,0
22758,9966,1
22758, 12734,0
47380,15372,1
47380, 16257,0
23310,5946,1
23310, 3017,0
48058,596,1
48058, 9352,0
44574,14533,1
44574, 1015,0
21766,6839,1
21766, 8053,0
45359,3821,1
45359, 16286,0
11515,11174,1
11515, 14008,0
18874,1846,1
18874, 8480,0
46817,278,1
46817, 12596,0
11969,682,1
11969, 11958,0
11237,19082,1
11237, 12921,0
11389,8013,1
11389, 6474,0
31994,7192,1
31994,6034,0
49003,1482,1
49003, 9822,0
1289,2823,1
1289, 2633,0
27906,1217,1
27906, 8975,0
23307,16683,1
23307, 16207,0
30648,14036,1
30648, 6327,0
5310,16541,1
5310, 7695,0
1681,14558,1
1681, 2657,0
134,6980,1
134, 4338,0
18213,619,1
18213, 8101,0
27178,1207,1
27178, 17067,0
4926,54,1
4926, 12837,0
35494,18754,1
35494, 19305,0
1119,680,1
1119, 14533,0
23186,10148,1
23186, 7947,0
110,18569,1
110, 16163,0
6645,7486,1
6645, 16572,0
44435,8804,1
44435, 16771,0
15445,534,1
15445, 13359,0
26669,14199,1
26669, 1263,0
17206,11840,1
17206, 9467,0
39613,14799,1
39613, 2949,0
4556,14559,1
4556,8892,0
31043,19047,1
31043, 19479,0
41689,43,1
41689, 6294,0
25882,9467,1
25882, 1541,0
5730,2969,1
5730, 10780,0
16178,2099,1
16178, 5196,0
35037,7818,1
35037, 14684,0
39404,7963,1
39404, 800,0
4780,680,1
4780, 5060,0
35689,4238,1
35689, 1890,0
282,19609,1
282, 15253,0
32122,9338,1
32122, 16984,0
16102,7422,1
16102, 8654,0
30872,9050,1
30872, 19503,0
28076,4156,1
28076, 4994,0
25789,16427,1
25789, 15431,0
20267,12418,1
20267, 10770,0
37615,12533,1
37615, 3906,0
32429,4232,1
32429,8957,0
25416,680,1
25416, 1615,0
44208,17037,1
44208, 12587,0
29922,12327,1
29922, 8979,0
43819,3966,1
43819, 14437,0
40819,17151,1
40819,11065,0
46454,1846,1
46454, 3319,0
40756,14553,1
40756,10551,0
10768,2501,1
10768, 4225,0
23606,179,1
23606, 2892,0
47724,5748,1
47724, 10045,0
43316,12093,1
43316, 15507,0
48697,13438,1
48697, 12179,0
30023,19379,1
30023, 2679,0
25444,3704,1
25444, 14145,0
35650,2546,1
35650, 8795,0
28387,2936,1
28387, 16178,0
15745,18538,1
15745, 12043,0
5847,19593,1
5847, 12802,0
7104,8086,1
7104, 2757,0
2749,10517,1
2749, 13086,0
12643,11889,1
12643, 16625,0
43851,18682,1
43851, 8394,0
42440,14903,1
42440, 6094,0
40758,15087,1
40758, 1103,0
46952,5712,1
46952, 15581,0
2175,9424,1
2175, 11316,0
36084,1572,1
36084, 18285,0
14741,17053,1
14741, 17788,0
19006,14066,1
19006, 3196,0
6087,16474,1
6087, 12212,0
28036,7373,1
28036, 9599,0
25147,4870,1
25147, 13672,0
22187,11498,1
22187, 6737,0
18506,11920,1
18506, 4921,0
45840,14692,1
45840, 13607,0
20603,18249,1
20603, 5988,0
23903,13380,1
23903, 13821,0
33898,10557,1
33898, 5504,0
15663,1002,1
15663, 9078,0
33548,17879,1
33548, 13357,0
8349,10046,1
8349, 902,0
6699,1850,1
6699, 12207,0
14655,1163,1
14655, 19314,0
41918,3718,1
41918, 9283,0
15689,5044,1
15689, 15677,0
44684,7607,1
44684, 6868,0
16407,9153,1
16407, 15376,0
27788,10548,1
27788, 9687,0
19107,6580,1
19107, 17349,0
15297,7393,1
15297, 3801,0
45046,11202,1
45046, 596,0
48614,16863,1
48614, 883,0
9860,12191,1
9860, 4092,0
8506,12327,1
8506, 3001,0
31307,18880,1
31307, 6832,0
20640,19566,1
20640, 3555,0
42998,10311,1
42998, 14736,0
40408,5768,1
40408, 19112,0
17938,3870,1
17938, 14947,0
10434,7917,1
10434, 8247,0
9987,19379,1
9987, 15620,0
11541,8520,1
11541, 1168,0
20525,953,1
20525, 13978,0
23648,14472,1
23648, 5426,0
48949,2770,1
48949, 14693,0
11455,16928,1
11455, 16084,0
1953,2099,1
1953, 10805,0
43726,4808,1
43726, 4464,0
44748,2581,1
44748, 14979,0
42563,3558,1
42563, 169,0
18802,6420,1
18802,3809,0
33516,6091,1
33516, 9574,0
34972,4713,1
34972, 4744,0
16928,11368,1
16928,5057,0
33684,3527,1
33684, 9082,0
5497,14799,1
5497, 1557,0
18980,19654,1
18980, 11505,0
36834,15169,1
36834, 10628,0
8416,12495,1
8416, 6982,0
14467,6937,1
14467, 12077,0
8212,17879,1
8212, 18946,0
23163,10049,1
23163, 13809,0
41902,13406,1
41902, 15117,0
21105,18314,1
21105, 12914,0
36092,7962,1
36092, 17931,0
48136,9435,1
48136, 14411,0
33460,6994,1
33460, 3213,0
23375,2247,1
23375, 2555,0
17233,16893,1
17233, 9116,0
40962,7343,1
40962, 13782,0
43021,15712,1
43021, 12486,0
34559,19382,1
34559, 15034,0
14084,9489,1
14084, 19368,0
16912,18666,1
16912, 13239,0
4105,10114,1
4105, 19001,0
2094,9967,1
2094, 15978,0
31029,14522,1
31029, 14351,0
32578,7714,1
32578, 3436,0
39455,73,1
39455, 11528,0
9875,12035,1
9875, 3298,0
46483,19206,1
46483, 9397,0
34731,19637,1
34731, 11997,0
33873,11607,1
33873, 5340,0
21293,11875,1
21293, 546,0
25316,13082,1
25316, 9903,0
3501,5645,1
3501, 17738,0
5610,9273,1
5610, 13714,0
32686,18961,1
32686, 1733,0
3775,776,1
3775, 18920,0
48089,7033,1
48089, 2978,0
17387,5183,1
17387, 6529,0
31599,19649,1
31599, 9244,0
22366,12218,1
22366, 11642,0
38462,18569,1
38462, 16989,0
9722,6959,1
9722, 16740,0
21040,4924,1
21040, 13495,0
28785,10948,1
28785, 15983,0
29717,2335,1
29717, 875,0
8765,1075,1
8765, 5930,0
18808,17998,1
18808, 17452,0
18114,11924,1
18114, 12875,0
2371,6116,1
2371,18206,0
31131,10199,1
31131, 11435,0
5459,14458,1
5459, 18807,0
37765,19101,1
37765, 11125,0
25860,16288,1
25860, 15156,0
15399,504,1
15399, 7951,0
18899,8816,1
18899, 8882,0
49362,11834,1
49362, 6240,0
6425,11753,1
6425, 6432,0
19830,3253,1
19830, 3313,0
27163,3312,1
27163, 13161,0
31265,2687,1
31265, 17096,0
48666,4825,1
48666, 9726,0
38082,7317,1
38082, 14227,0
18816,14381,1
18816,19165,0
36265,1990,1
36265, 1716,0
46556,9512,1
46556, 4752,0
30695,13603,1
30695, 1267,0
12930,9118,1
12930, 16633,0
1982,9553,1
1982, 16089,0
19973,8768,1
19973, 15269,0
22121,24,1
22121, 18490,0
25475,18482,1
25475, 18108,0
15231,5645,1
15231, 6188,0
13085,15955,1
13085, 13583,0
30250,151,1
30250, 7755,0
47019,7987,1
47019, 2978,0
14853,16741,1
14853, 2222,0
38611,17436,1
38611,14920,0
32986,3828,1
32986, 8392,0
17624,8420,1
17624, 14237,0
10409,9203,1
10409,11630,0
45582,14216,1
45582, 8257,0
36528,15679,1
36528, 16305,0
21028,18153,1
21028, 6232,0
4775,15087,1
4775, 2034,0
18716,12640,1
18716, 5188,0
13937,3966,1
13937, 12305,0
27348,15344,1
27348, 8218,0
64,2969,1
64, 19082,0
15640,11772,1
15640, 9241,0
37550,5401,1
37550, 2102,0
33592,1245,1
33592, 19445,0
48037,3828,1
48037, 3350,0
17373,18173,1
17373, 10046,0
4649,15242,1
4649, 3621,0
33574,3851,1
33574, 19158,0
37364,16853,1
37364, 6616,0
22421,157,1
22421, 11986,0
21346,17958,1
21346, 2876,0
24568,15673,1
24568, 15421,0
45749,16975,1
45749, 13226,0
37488,4211,1
37488, 11664,0
29438,17946,1
29438, 13429,0
43198,1745,1
43198, 9891,0
2467,14199,1
2467, 201,0
34610,6143,1
34610, 6902,0
33333,3616,1
33333, 14240,0
34854,17291,1
34854, 12204,0
24365,4924,1
24365, 17210,0
23246,8047,1
23246, 10027,0
7723,7087,1
7723, 8294,0
47159,213,1
47159, 2622,0
42554,4923,1
42554, 6801,0
2928,762,1
2928, 3244,0
4742,17178,1
4742, 3114,0
46068,6903,1
46068, 9604,0
17397,18435,1
17397, 12241,0
25474,8418,1
25474, 6862,0
46940,389,1
46940, 17047,0
22904,10347,1
22904, 19283,0
27847,9665,1
27847, 16451,0
26335,3021,1
26335, 11283,0
20083,1396,1
20083, 14894,0
5111,14494,1
5111, 10310,0
32975,3947,1
32975, 10694,0
14012,4532,1
14012, 13220,0
11401,2967,1
11401, 3657,0
43645,7436,1
43645, 4325,0
2492,15174,1
2492, 9074,0
47774,1694,1
47774,17511,0
27612,8203,1
27612, 16814,0
15200,6991,1
15200, 17933,0
4624,16986,1
4624, 1719,0
45240,10548,1
45240, 13687,0
19132,6612,1
19132, 15590,0
46013,10025,1
46013, 9488,0
6492,16173,1
6492, 5327,0
15623,5739,1
15623, 8424,0
21962,5719,1
21962, 5047,0
28597,4854,1
28597, 373,0
13278,9987,1
13278,8243,0
8926,16780,1
8926, 12126,0
4149,11924,1
4149, 9982,0
18262,15174,1
18262, 10623,0
38426,13082,1
38426, 5165,0
44449,10513,1
44449, 19629,0
20781,10434,1
20781, 12587,0
37232,5737,1
37232,17396,0
5176,15738,1
5176, 3001,0
27637,4601,1
27637, 13503,0
3179,13088,1
3179, 4110,0
6978,10830,1
6978, 324,0
33408,977,1
33408, 377,0
27722,10292,1
27722, 17974,0
31352,10291,1
31352, 11586,0
46909,6505,1
46909, 500,0
4592,3614,1
4592, 9157,0
48684,8190,1
48684, 1933,0
36562,14683,1
36562, 1643,0
11620,19386,1
11620, 3719,0
12498,18229,1
12498, 8368,0
25637,11202,1
25637,12829,0
33499,12990,1
33499,8246,0
18175,15255,1
18175, 6036,0
22615,4549,1
22615, 10858,0
6404,6077,1
6404, 2716,0
25102,5977,1
25102, 9358,0
49840,13322,1
49840, 7398,0
12496,6913,1
12496, 3217,0
33694,5260,1
33694, 6053,0
12443,3170,1
12443, 3685,0
46955,7440,1
46955, 6672,0
19708,1714,1
19708, 11386,0
36712,15808,1
36712, 12802,0
253,11924,1
253, 7914,0
6609,12994,1
6609, 18960,0
26771,7605,1
26771, 11211,0
17307,7023,1
17307, 18388,0
23514,9701,1
23514, 18581,0
332,17632,1
332, 17001,0
15455,1624,1
15455, 121,0
47878,8057,1
47878, 10026,0
9824,3704,1
9824, 15687,0
10655,4896,1
10655, 19688,0
33990,15232,1
33990, 14936,0
47912,16474,1
47912, 12614,0
21090,1350,1
21090, 16809,0
42859,13709,1
42859, 6150,0
24851,3648,1
24851, 7081,0
23436,8638,1
23436, 14231,0
19569,16424,1
19569,1624,0
1062,5413,1
1062, 8993,0
29704,10263,1
29704, 19146,0
45766,11888,1
45766,11550,0
19459,1980,1
19459, 12924,0
1769,10321,1
1769,4296,0
37871,16924,1
37871, 11505,0
23099,960,1
23099, 12627,0
45125,9098,1
45125, 18724,0
48594,6649,1
48594,7207,0
20847,712,1
20847, 2016,0
11813,5368,1
11813, 1754,0
39346,12334,1
39346, 4454,0
41277,4882,1
41277, 11509,0
39802,10548,1
39802, 12941,0
43557,15283,1
43557, 19196,0
13730,16794,1
13730, 8282,0
4991,16241,1
4991, 10437,0
17121,3485,1
17121, 15559,0
11137,3963,1
11137, 15644,0
7693,2137,1
7693, 5499,0
24875,9788,1
24875, 12878,0
42449,8563,1
42449, 18631,0
4716,3217,1
4716, 7171,0
40635,4852,1
40635, 5520,0
11973,8288,1
11973, 7296,0
35099,9968,1
35099, 11187,0
10597,6960,1
10597, 6102,0
20754,17322,1
20754, 19330,0
44496,1662,1
44496, 5869,0
48538,14558,1
48538, 2657,0
40155,3073,1
40155, 476,0
36527,17072,1
36527, 5037,0
22182,6673,1
22182, 2444,0
33145,12967,1
33145, 12277,0
34850,12294,1
34850, 176,0
31067,15732,1
31067, 15955,0
11,4882,1
11, 18775,0
799,5619,1
799,17088,0
6405,3134,1
6405, 2947,0
36717,3851,1
36717, 10042,0
26099,552,1
26099, 11341,0
13904,8096,1
13904, 19094,0
10044,11297,1
10044, 559,0
15086,10710,1
15086, 8638,0
25209,13440,1
25209, 4207,0
48284,4917,1
48284, 10754,0
13512,2936,1
13512, 3665,0
29508,9678,1
29508, 5230,0
46148,12846,1
46148, 12095,0
4045,12596,1
4045, 7608,0
22201,17053,1
22201, 3925,0
10354,5319,1
10354, 1978,0
21752,1422,1
21752, 12330,0
46384,9369,1
46384, 12155,0
23289,14536,1
23289, 7967,0
8027,5003,1
8027, 1005,0
47253,3694,1
47253,10027,0
38086,18696,1
38086, 11295,0
26141,19641,1
26141, 15591,0
3420,8272,1
3420, 9813,0
24406,11929,1
24406,2697,0
48690,4102,1
48690, 9473,0
42648,10311,1
42648, 19328,0
42178,18657,1
42178, 4135,0
383,2540,1
383, 5117,0
41980,13012,1
41980, 2180,0
12448,12818,1
12448, 1760,0
11526,13884,1
11526,19190,0
35475,14513,1
35475,5902,0
2920,2068,1
2920, 15447,0
33962,19362,1
33962, 7806,0
11382,6232,1
11382, 3196,0
37864,7367,1
37864, 9936,0
43555,10309,1
43555, 18546,0
26828,4565,1
26828, 2000,0
4513,5908,1
4513, 4978,0
32525,19182,1
32525, 14395,0
35348,2414,1
35348, 7111,0
26250,18755,1
26250, 10885,0
16602,13658,1
16602, 5539,0
41818,12205,1
41818, 13318,0
43028,10696,1
43028, 8441,0
19954,13067,1
19954, 12305,0
43282,10498,1
43282, 4611,0
13572,4882,1
13572, 3909,0
38296,7558,1
38296, 6015,0
47170,2393,1
47170, 17103,0
34330,361,1
34330, 5179,0
2399,11202,1
2399, 13171,0
34803,6883,1
34803, 1730,0
4913,8085,1
4913, 3455,0
36472,18303,1
36472, 414,0
34555,16808,1
34555, 19145,0
21781,7784,1
21781, 19119,0
18828,14049,1
18828, 7686,0
11701,12944,1
11701, 16778,0
37113,17223,1
37113, 5924,0
29427,3260,1
29427, 17153,0
9038,17796,1
9038, 7890,0
11568,2543,1
11568, 1561,0
46931,14727,1
46931, 36,0
35018,6241,1
35018, 3014,0
29531,3435,1
29531,15031,0
43852,6091,1
43852, 4034,0
17782,6188,1
17782, 4404,0
6524,19566,1
6524, 6453,0
5795,17946,1
5795, 17113,0
34692,5155,1
34692, 16174,0
37652,11772,1
37652, 504,0
40498,6126,1
40498, 4573,0
9759,10448,1
9759, 16094,0
12426,9987,1
12426, 4201,0
22949,15988,1
22949, 6805,0
17354,12073,1
17354, 8628,0
23579,14928,1
23579, 12935,0
9073,1359,1
9073, 13859,0
38211,15852,1
38211, 16965,0
8074,15040,1
8074, 18434,0
1195,8975,1
1195, 7092,0
38038,11861,1
38038, 8215,0
9101,11772,1
9101, 17238,0
37812,6225,1
37812, 16037,0
43157,6015,1
43157, 19503,0
24500,2659,1
24500, 10529,0
30043,10202,1
30043, 18420,0
26529,14049,1
26529, 13274,0
5552,11924,1
5552, 10491,0
37934,13929,1
37934, 1818,0
29153,12789,1
29153, 9261,0
630,17223,1
630, 9497,0
43079,682,1
43079, 1766,0
46128,1422,1
46128, 15314,0
32176,12327,1
32176, 1974,0
46203,9502,1
46203, 11994,0
16146,4268,1
16146, 16903,0
26479,11202,1
26479, 14711,0
6550,3798,1
6550, 9260,0
26718,4213,1
26718, 12134,0
48553,1352,1
48553, 13605,0
12954,12327,1
12954, 1249,0
47852,14186,1
47852, 11966,0
27032,2820,1
27032, 4278,0
11370,8356,1
11370, 17757,0
39917,776,1
39917,19061,0
30042,19245,1
30042, 971,0
17569,17787,1
17569, 5938,0
10110,6845,1
10110, 10516,0
10961,11358,1
10961, 7186,0
33477,14885,1
33477, 12959,0
314,9270,1
314, 2131,0
6885,4870,1
6885, 13681,0
18125,11484,1
18125, 15022,0
38516,6282,1
38516, 4443,0
12660,17859,1
12660, 10082,0
38838,5935,1
38838, 17594,0
8916,15890,1
8916, 8074,0
49706,8480,1
49706, 10632,0
38388,9856,1
38388, 13996,0
10419,8925,1
10419, 17720,0
1622,9128,1
1622, 10333,0
9121,14558,1
9121, 9775,0
12946,11378,1
12946, 6338,0
29592,373,1
29592, 18956,0
16167,8183,1
16167, 17660,0
22184,11299,1
22184, 8131,0
37789,18637,1
37789, 1970,0
19999,3683,1
19999, 12072,0
34893,7023,1
34893, 3259,0
139,12457,1
139, 15405,0
26478,14032,1
26478, 6857,0
5297,6513,1
5297, 2664,0
49612,16241,1
49612, 2677,0
43893,17437,1
43893,6857,0
2985,1142,1
2985, 4536,0
1110,7462,1
1110, 6281,0
48263,19609,1
48263, 7685,0
37296,13637,1
37296, 6894,0
35941,11498,1
35941, 2235,0
12944,9672,1
12944, 844,0
22959,3240,1
22959, 8907,0
30264,17523,1
30264, 14468,0
19637,6872,1
19637, 2405,0
39984,17322,1
39984, 17444,0
11962,4818,1
11962, 16724,0
32352,8638,1
32352, 17110,0
36098,18032,1
36098, 15238,0
44834,15372,1
44834,5642,0
43878,16462,1
43878, 11337,0
14798,14280,1
14798, 1221,0
16198,13996,1
16198, 8695,0
2550,15087,1
2550, 11302,0
29492,13800,1
29492, 6080,0
13241,7029,1
13241, 8255,0
31094,17350,1
31094, 16369,0
27466,1451,1
27466, 7849,0
43569,2969,1
43569, 9602,0
49332,10237,1
49332, 12184,0
20357,4986,1
20357, 19647,0
15275,151,1
15275, 12795,0
22968,9834,1
22968, 16757,0
24588,215,1
24588, 3870,0
48184,6285,1
48184, 5082,0
49618,12397,1
49618, 6959,0
14531,12327,1
14531, 12319,0
32015,15807,1
32015, 70,0
46312,7373,1
46312, 14031,0
1946,15087,1
1946, 269,0
37389,18781,1
37389, 11743,0
5775,16682,1
5775, 11346,0
13023,8671,1
13023, 7483,0
1654,7252,1
1654, 8670,0
35168,18179,1
35168, 4341,0
30483,12401,1
30483, 2484,0
17534,11498,1
17534, 18167,0
46222,5815,1
46222, 9140,0
45577,12254,1
45577, 19121,0
24173,3527,1
24173, 16885,0
18840,8020,1
18840, 1363,0
5371,10572,1
5371, 19589,0
4390,7331,1
4390, 14507,0
35842,3578,1
35842, 12470,0
5660,15988,1
5660, 12557,0
16963,6630,1
16963, 6769,0
12558,12049,1
12558, 12105,0
31438,11924,1
31438, 7563,0
21239,17319,1
21239, 16853,0
27338,3466,1
27338, 10575,0
21973,19707,1
21973, 3555,0
46733,156,1
46733, 1741,0
34199,11920,1
34199, 849,0
10454,4663,1
10454, 7029,0
23451,5216,1
23451, 7858,0
14451,16398,1
14451, 8475,0
23687,2969,1
23687, 6460,0
40634,4023,1
40634,3613,0
42683,17113,1
42683, 1277,0
15534,2884,1
15534, 17520,0
16143,3828,1
16143, 7793,0
29387,16480,1
29387, 18485,0
43336,16402,1
43336, 5844,0
1803,6883,1
1803, 11276,0
43353,2065,1
43353, 14898,0
30876,11008,1
30876, 826,0
29672,8860,1
29672, 2896,0
18269,2094,1
18269, 19433,0
23211,13517,1
23211, 15107,0
47521,8596,1
47521, 9788,0
21153,2567,1
21153, 5295,0
28595,7741,1
28595, 2366,0
41732,17403,1
41732, 19293,0
32460,6470,1
32460, 1786,0
27956,17490,1
27956, 14089,0
736,17212,1
736, 14263,0
47291,7558,1
47291, 3736,0
47358,6872,1
47358, 9167,0
656,3966,1
656, 1067,0
48977,13502,1
48977, 3488,0
12332,156,1
12332, 12719,0
30308,4034,1
30308, 16965,0
14371,19369,1
14371, 9350,0
22226,6759,1
22226, 19512,0
22779,17704,1
22779, 11609,0
34415,7629,1
34415, 13242,0
49392,6554,1
49392, 19172,0
47495,10513,1
47495, 14539,0
44489,3135,1
44489, 7831,0
49786,15254,1
49786, 19711,0
7308,11151,1
7308, 10311,0
34603,4359,1
34603, 15442,0
30542,13767,1
30542, 3527,0
35869,12227,1
35869, 13544,0
19928,7917,1
19928, 4394,0
11468,4029,1
11468, 2190,0
4070,5793,1
4070, 4366,0
31806,265,1
31806, 17664,0
4713,11175,1
4713, 11075,0
28810,8085,1
28810, 4718,0
35645,15207,1
35645, 19504,0
9680,6138,1
9680, 17946,0
41069,6660,1
41069, 14662,0
38959,17787,1
38959, 495,0
26876,17223,1
26876, 3878,0
29950,3582,1
29950, 6628,0
16094,19624,1
16094, 9617,0
6564,7548,1
6564, 4433,0
8158,18224,1
8158, 8021,0
35854,12914,1
35854, 12214,0
30238,7586,1
30238, 4626,0
38535,19688,1
38535, 10096,0
10803,5413,1
10803, 4092,0
33562,10311,1
33562, 8637,0
16054,458,1
16054, 6553,0
1832,12789,1
1832, 8170,0
24331,15068,1
24331,10193,0
13823,2855,1
13823, 5390,0
43479,14045,1
43479, 5556,0
22610,19206,1
22610, 19537,0
39046,28,1
39046, 13418,0
613,16333,1
613, 16071,0
18222,13220,1
18222, 646,0
13459,2751,1
13459, 7116,0
6539,7905,1
6539, 16183,0
39668,6446,1
39668, 17376,0
32801,17796,1
32801, 3574,0
3778,9199,1
3778, 19738,0
47921,17790,1
47921, 14809,0
6735,10187,1
6735, 17733,0
37042,19268,1
37042, 6822,0
9082,960,1
9082, 18961,0
26692,1990,1
26692, 1289,0
16897,776,1
16897, 13918,0
24366,11920,1
24366, 16912,0
39637,504,1
39637, 2767,0
40716,468,1
40716, 12745,0
39196,7617,1
39196, 12612,0
9804,19295,1
9804,17354,0
34179,6015,1
34179, 15139,0
10535,6285,1
10535,15248,0
16672,10678,1
16672, 13837,0
33508,8692,1
33508, 11211,0
13704,5219,1
13704, 14680,0
28043,11177,1
28043, 9185,0
43261,16316,1
43261, 6829,0
15135,19537,1
15135, 16678,0
44091,4650,1
44091, 12319,0
36137,18665,1
36137, 2294,0
35825,8790,1
35825, 6552,0
3570,17704,1
3570, 14271,0
24968,2644,1
24968, 13371,0
4822,2491,1
4822, 11877,0
46421,5195,1
46421, 15716,0
15504,15679,1
15504,3258,0
22001,4856,1
22001, 15032,0
18361,15913,1
18361, 2479,0
42650,19047,1
42650, 6988,0
41978,9215,1
41978, 1568,0
30354,17453,1
30354, 7092,0
16393,12265,1
16393, 2375,0
877,13125,1
877, 6352,0
16295,11875,1
16295, 2333,0
32862,14434,1
32862, 19561,0
21765,9851,1
21765, 2406,0
49242,14558,1
49242, 475,0
18613,17325,1
18613, 12481,0
19867,8527,1
19867, 13507,0
1394,4342,1
1394, 1847,0
37692,18589,1
37692, 7587,0
23643,15289,1
23643, 17054,0
31499,15022,1
31499, 1573,0
7012,6275,1
7012, 13765,0
26219,13872,1
26219, 15800,0
42971,11875,1
42971, 13522,0
11712,6183,1
11712, 14979,0
49880,10730,1
49880, 13366,0
24040,8425,1
24040, 12887,0
45812,11585,1
45812, 18637,0
39083,8548,1
39083, 13246,0
8008,17586,1
8008, 15454,0
49098,10323,1
49098, 74,0
44420,18654,1
44420, 18831,0
23039,18013,1
23039, 11608,0
5390,10144,1
5390, 13929,0
11333,6513,1
11333, 15914,0
16189,2344,1
16189,15813,0
30568,4489,1
30568, 11944,0
9042,7252,1
9042, 90,0
45600,3614,1
45600, 1501,0
42294,6759,1
42294, 17645,0
6782,14815,1
6782, 12230,0
1924,6893,1
1924, 11277,0
30000,12327,1
30000, 8637,0
45678,3017,1
45678, 358,0
31208,2157,1
31208, 11704,0
32619,11570,1
32619, 4915,0
48002,5145,1
48002, 6533,0
18077,1465,1
18077, 5206,0
36436,17072,1
36436, 13359,0
32652,6369,1
32652, 9913,0
23583,7254,1
23583,13568,0
29550,14032,1
29550, 14727,0
34069,492,1
34069, 6025,0
30616,5977,1
30616,2702,0
43023,7027,1
43023, 4991,0
32507,14472,1
32507, 669,0
21601,3168,1
21601, 9903,0
18960,2443,1
18960, 1654,0
36354,8793,1
36354, 6188,0
9951,9963,1
9951, 3421,0
35514,16981,1
35514, 8001,0
26295,17001,1
26295, 10512,0
10445,14049,1
10445, 1662,0
40721,6579,1
40721, 4014,0
37409,7607,1
37409, 3190,0
42963,16030,1
42963, 11883,0
34178,7608,1
34178, 4451,0
16722,623,1
16722, 5128,0
42580,18759,1
42580, 378,0
27549,5686,1
27549, 556,0
1164,7632,1
1164, 10559,0
34627,14343,1
34627, 10168,0
45493,17472,1
45493, 13366,0
37021,11378,1
37021, 6376,0
34805,16398,1
34805, 4657,0
37081,12305,1
37081, 13926,0
4015,278,1
4015, 18923,0
10300,146,1
10300, 9134,0
48569,5899,1
48569, 769,0
38476,14377,1
38476, 14994,0
40733,12896,1
40733, 5045,0
38518,8287,1
38518, 6102,0
44356,1229,1
44356, 9965,0
48629,198,1
48629, 12455,0
12397,4489,1
12397, 13112,0
40544,2831,1
40544, 17969,0
16029,4890,1
16029, 8587,0
48709,2204,1
48709, 9366,0
2782,8527,1
2782, 16501,0
41835,12495,1
41835, 7156,0
47973,3032,1
47973, 6604,0
47369,14,1
47369, 2237,0
30298,17902,1
30298, 6473,0
36034,6839,1
36034, 5358,0
3046,14727,1
3046, 19198,0
9162,8844,1
9162, 15590,0
21064,16020,1
21064, 5076,0
2099,19537,1
2099, 2049,0
19133,1386,1
19133,5066,0
23963,6130,1
23963, 3656,0
20575,8096,1
20575, 12348,0
16264,11341,1
16264, 19217,0
43991,7693,1
43991, 19589,0
48873,16682,1
48873, 9963,0
27030,19319,1
27030, 12,0
26844,7381,1
26844, 13567,0
42760,10902,1
42760, 11828,0
38087,17946,1
38087, 12547,0
21830,6062,1
21830, 16885,0
42863,9553,1
42863, 8972,0
48081,10167,1
48081, 3335,0
167,11437,1
167, 16154,0
42231,832,1
42231, 4171,0
30899,6188,1
30899, 16634,0
11355,12150,1
11355, 2969,0
46297,16819,1
46297, 12757,0
10179,17333,1
10179, 13988,0
33208,397,1
33208, 14570,0
30364,17659,1
30364, 13740,0
25004,12745,1
25004, 11900,0
8290,8096,1
8290, 18587,0
9833,3583,1
9833, 19361,0
47382,5828,1
47382, 4041,0
19861,449,1
19861, 7346,0
16324,707,1
16324, 17887,0
20248,464,1
20248, 5393,0
27832,9366,1
27832, 12034,0
13809,11918,1
13809, 10863,0
48506,18348,1
48506, 19656,0
29050,12327,1
29050, 12180,0
3658,2273,1
3658, 9078,0
15211,415,1
15211, 11392,0
7230,15854,1
7230, 8533,0
32132,12470,1
32132, 13659,0
21711,12485,1
21711,677,0
36771,10542,1
36771, 12911,0
39612,12308,1
39612, 469,0
24263,9472,1
24263, 19430,0
29379,6433,1
29379, 6482,0
8513,2943,1
8513, 14771,0
20062,2313,1
20062, 3016,0
35989,11484,1
35989, 10854,0
6695,5371,1
6695, 11034,0
8448,4601,1
8448, 16382,0
30245,8109,1
30245, 2699,0
34994,5432,1
34994, 3365,0
11537,14659,1
11537, 5526,0
48973,4986,1
48973, 11248,0
26916,3851,1
26916, 18125,0
10953,10347,1
10953, 4612,0
41477,18412,1
41477, 2574,0
15629,838,1
15629, 6979,0
22315,3017,1
22315, 1399,0
981,12327,1
981, 2580,0
37819,6015,1
37819, 10297,0
8399,10827,1
8399, 16881,0
17675,11875,1
17675, 2188,0
41942,1277,1
41942, 12652,0
7869,6554,1
7869, 13142,0
20442,15279,1
20442, 16820,0
16342,8062,1
16342, 16036,0
37947,13637,1
37947, 16003,0
36684,9696,1
36684, 18590,0
93,7240,1
93, 7437,0
46542,9619,1
46542, 19700,0
40473,19122,1
40473, 4649,0
49388,16294,1
49388, 12282,0
42437,15372,1
42437, 12622,0
42342,9756,1
42342, 971,0
8198,18860,1
8198, 3092,0
12237,4591,1
12237, 7197,0
34815,18961,1
34815, 12994,0
3450,7800,1
3450, 15466,0
29929,5644,1
29929, 10444,0
32622,17430,1
32622, 8890,0
17602,66,1
17602, 12061,0
28390,9913,1
28390, 19581,0
14156,950,1
14156, 7500,0
41539,10144,1
41539, 16162,0
25891,7464,1
25891, 7211,0
40191,954,1
40191, 11189,0
44411,9153,1
44411, 11799,0
15040,6597,1
15040, 1503,0
15143,19710,1
15143, 18143,0
9507,8836,1
9507,4191,0
43092,6396,1
43092, 12918,0
38805,9118,1
38805, 5293,0
32678,6278,1
32678, 17955,0
6877,4865,1
6877, 7436,0
22990,3759,1
22990, 3050,0
17414,680,1
17414,10291,0
11853,19694,1
11853, 17534,0
49704,10049,1
49704, 10036,0
4103,3303,1
4103,15087,0
31570,12233,1
31570, 9659,0
18066,4856,1
18066, 12663,0
47421,4304,1
47421, 12757,0
19562,16517,1
19562, 2135,0
41508,7798,1
41508, 5098,0
28427,6713,1
28427, 14489,0
22493,13996,1
22493, 7540,0
21513,5345,1
21513, 4489,0
42924,5739,1
42924, 6875,0
17532,10558,1
17532, 15184,0
6587,15816,1
6587, 16937,0
15007,7367,1
15007,9707,0
40000,6282,1
40000, 8933,0
26033,1411,1
26033, 18048,0
37331,14377,1
37331, 8702,0
6746,15174,1
6746, 622,0
24079,9322,1
24079, 13563,0
16639,14187,1
16639, 3081,0
41681,6038,1
41681, 10731,0
43872,11202,1
43872, 18316,0
7148,43,1
7148,9053,0
3706,12403,1
3706, 14881,0
46360,6120,1
46360, 11137,0
37308,12601,1
37308, 5504,0
45887,5021,1
45887, 6125,0
39707,10763,1
39707, 3350,0
28081,10490,1
28081, 13558,0
22278,14835,1
22278, 17252,0
42469,13904,1
42469,16195,0
32955,776,1
32955, 6815,0
44196,7383,1
44196, 8638,0
9711,7191,1
9711, 13953,0
42411,17946,1
42411, 2074,0
30877,3772,1
30877, 14493,0
39078,5413,1
39078, 10231,0
22603,1639,1
22603, 4581,0
19126,15936,1
19126, 3028,0
21820,12653,1
21820, 2897,0
19524,18225,1
19524, 1249,0
18949,953,1
18949, 7825,0
49251,16455,1
49251, 6982,0
48223,11924,1
48223, 12602,0
34127,10548,1
34127, 3614,0
465,14248,1
465, 14304,0
19349,4591,1
19349, 4086,0
35390,1982,1
35390,7668,0
39297,13447,1
39297, 5826,0
30951,12924,1
30951, 16807,0
34986,18419,1
34986, 5323,0
45777,2402,1
45777, 10437,0
24397,7331,1
24397, 571,0
22580,4895,1
22580, 1327,0
22852,2831,1
22852, 8558,0
27675,11202,1
27675, 15952,0
40329,5897,1
40329, 1107,0
7687,19680,1
7687, 2233,0
27513,17778,1
27513, 13697,0
29473,6163,1
29473, 9548,0
14903,11498,1
14903, 16191,0
31237,2080,1
31237, 10141,0
17947,6062,1
17947, 13506,0
36220,7607,1
36220, 8398,0
36449,14049,1
36449, 11547,0
15670,1855,1
15670, 2641,0
673,7115,1
673, 12206,0
46801,19433,1
46801, 10829,0
6880,5573,1
6880, 18234,0
28027,2040,1
28027, 9762,0
28662,10627,1
28662, 13619,0
10153,3779,1
10153, 15498,0
13875,4939,1
13875, 321,0
24616,18984,1
24616, 17544,0
43308,16586,1
43308, 16525,0
43884,16259,1
43884, 15329,0
18458,680,1
18458, 9490,0
41114,6756,1
41114, 18631,0
10428,574,1
10428, 7670,0
2947,12545,1
2947, 2831,0
44618,1535,1
44618, 1728,0
5347,5885,1
5347, 14165,0
46721,19236,1
46721, 19680,0
44250,11924,1
44250, 3959,0
16781,16777,1
16781, 9224,0
35877,7029,1
35877, 18804,0
4845,9270,1
4845, 4498,0
40006,8512,1
40006, 17924,0
37787,7029,1
37787, 6214,0
3357,13023,1
3357, 10849,0
17019,10314,1
17019, 482,0
15968,776,1
15968, 12426,0
20388,16675,1
20388, 10058,0
8197,17493,1
8197, 2715,0
36645,1689,1
36645, 15302,0
21434,13568,1
21434, 17624,0
42550,8085,1
42550, 14865,0
315,633,1
315, 1339,0
14272,14047,1
14272, 3722,0
45288,19121,1
45288, 15372,0
4425,7665,1
4425, 10974,0
18954,9118,1
18954,17372,0
49351,8085,1
49351, 9380,0
25093,10665,1
25093, 9784,0
33433,15059,1
33433, 15679,0
16736,11175,1
16736, 5183,0
16950,3168,1
16950, 8594,0
13391,11171,1
13391, 12239,0
38852,4950,1
38852, 7576,0
27061,11920,1
27061, 2870,0
35845,12327,1
35845, 4105,0
6796,13907,1
6796, 13622,0
6453,7712,1
6453, 539,0
17334,2735,1
17334, 1258,0
18991,16649,1
18991,8754,0
20882,6893,1
20882, 13262,0
760,2854,1
760, 5492,0
1303,7434,1
1303, 17018,0
46258,6489,1
46258, 6460,0
22408,9564,1
22408, 1643,0
14425,4578,1
14425, 13161,0
24281,832,1
24281, 18121,0
43583,16786,1
43583, 7369,0
25690,10970,1
25690, 17762,0
47996,6333,1
47996,11884,0
30003,8324,1
30003, 14699,0
28873,3073,1
28873, 8660,0
10879,10638,1
10879, 8540,0
49785,7038,1
49785, 10168,0
5245,11918,1
5245, 19475,0
33138,1982,1
33138, 8394,0
47182,17013,1
47182, 19102,0
6358,17567,1
6358, 5501,0
42788,8448,1
42788, 18558,0
21678,5686,1
21678, 14231,0
12047,989,1
12047,8009,0
292,1687,1
292, 5100,0
36382,15348,1
36382,4926,0
12134,6155,1
12134, 14387,0
24467,16037,1
24467, 6675,0
44394,5815,1
44394, 12003,0
24995,18108,1
24995, 19003,0
49788,14272,1
49788, 3679,0
19919,3674,1
19919, 8813,0
24591,11200,1
24591, 16543,0
48600,5707,1
48600, 13866,0
33711,7598,1
33711, 9972,0
11563,16462,1
11563, 7008,0
44768,6188,1
44768, 90,0
23051,19369,1
23051, 6704,0
20466,11377,1
20466, 3280,0
10817,3882,1
10817,15741,0
5690,18654,1
5690, 12928,0
46445,1051,1
46445, 18097,0
38220,2567,1
38220, 4825,0
8126,12090,1
8126, 12561,0
43465,15816,1
43465, 13544,0
34946,13014,1
34946, 884,0
47634,12323,1
47634, 11829,0
26854,8527,1
26854, 18544,0
38724,13809,1
38724, 10984,0
32361,2004,1
32361, 4397,0
23696,12331,1
23696, 5525,0
8317,12195,1
8317, 12202,0
16949,16853,1
16949, 19541,0
5426,4997,1
5426, 9324,0
32916,16077,1
32916, 9852,0
23776,1662,1
23776, 4657,0
37932,17518,1
37932, 12843,0
34045,4870,1
34045, 8225,0
46756,4808,1
46756, 764,0
18888,14727,1
18888,17424,0
32530,18522,1
32530, 13384,0
26249,4997,1
26249, 2086,0
22219,7383,1
22219,15216,0
40268,11327,1
40268,12409,0
17990,11097,1
17990, 15861,0
2277,17778,1
2277, 17636,0
11474,19537,1
11474, 6644,0
18722,3949,1
18722, 8021,0
40380,10921,1
40380, 9557,0
21889,8813,1
21889, 17531,0
35417,16892,1
35417, 13734,0
4679,1753,1
4679, 12168,0
24446,15559,1
24446, 194,0
8090,1846,1
8090, 482,0
19117,15445,1
19117, 17697,0
23991,9344,1
23991, 18172,0
3971,18198,1
3971, 5047,0
24015,17796,1
24015, 15159,0
44176,12896,1
44176, 7628,0
2133,5856,1
2133, 14721,0
17688,5486,1
17688, 10987,0
6753,15072,1
6753, 7644,0
29239,10282,1
29239, 13602,0
47569,1024,1
47569, 2267,0
43043,7742,1
43043, 19282,0
33365,15362,1
33365, 1243,0
39548,6680,1
39548, 12702,0
12958,4997,1
12958, 14472,0
26499,11642,1
26499, 9449,0
28417,16030,1
28417, 11777,0
18666,17371,1
18666, 2238,0
31502,2344,1
31502, 6572,0
2422,453,1
2422, 2266,0
18386,3667,1
18386, 18192,0
14415,11603,1
14415, 2798,0
13627,6593,1
13627, 9310,0
41426,8820,1
41426, 4825,0
47605,231,1
47605, 17492,0
22652,2565,1
22652, 7776,0
48552,18755,1
48552, 12696,0
32929,5117,1
32929, 7223,0
4305,16683,1
4305,11063,0
39956,9672,1
39956, 16050,0
4669,3614,1
4669, 14950,0
19718,19734,1
19718, 7879,0
8539,8759,1
8539, 6458,0
7608,17322,1
7608, 18352,0
11766,10439,1
11766, 19566,0
37370,15775,1
37370, 15639,0
21271,18362,1
21271, 489,0
7392,4895,1
7392, 6471,0
28695,14213,1
28695, 2252,0
14953,1864,1
14953, 5955,0
14228,5249,1
14228, 9862,0
17228,1713,1
17228, 12856,0
31652,776,1
31652, 1422,0
25819,2660,1
25819, 3298,0
37859,9628,1
37859, 2608,0
40365,19059,1
40365, 514,0
16724,7537,1
16724, 8882,0
25667,4865,1
25667, 7328,0
45952,8379,1
45952, 14977,0
46925,8527,1
46925, 8515,0
34446,7933,1
34446, 15707,0
32635,18700,1
32635, 17672,0
5294,11522,1
5294, 6785,0
31301,3683,1
31301, 6798,0
11610,14101,1
11610, 7939,0
21480,1151,1
21480, 13539,0
46724,7664,1
46724, 14514,0
858,4939,1
858, 14530,0
1125,3679,1
1125, 11484,0
19747,8064,1
19747,18504,0
47306,2759,1
47306, 438,0
10814,12545,1
10814, 15499,0
37262,7607,1
37262, 15678,0
26994,3269,1
26994, 13210,0
18078,14142,1
18078, 15305,0
23213,4630,1
23213, 3484,0
28870,1002,1
28870, 1258,0
32088,11094,1
32088, 16373,0
38378,5219,1
38378, 15265,0
4420,14830,1
4420, 13406,0
13745,9672,1
13745, 7805,0
2573,11175,1
2573, 1627,0
11381,4581,1
11381, 547,0
19476,7383,1
19476, 286,0
14985,473,1
14985, 18060,0
42400,8785,1
42400, 7036,0
7862,1850,1
7862, 5526,0
20751,3293,1
20751, 18596,0
23838,12205,1
23838, 13030,0
46603,9487,1
46603, 6559,0
47884,9726,1
47884, 17178,0
37654,6826,1
37654, 14732,0
33514,14696,1
33514, 15920,0
37655,2806,1
37655, 9450,0
9531,4824,1
9531, 5722,0
18040,14387,1
18040, 4677,0
26220,8013,1
26220, 12724,0
37487,11484,1
37487, 10710,0
36203,3205,1
36203,4913,0
19455,18173,1
19455, 12495,0
18420,15806,1
18420, 16183,0
27441,7406,1
27441, 12146,0
32225,481,1
32225, 12742,0
48326,12209,1
48326, 2871,0
30107,10566,1
30107, 3259,0
26346,4939,1
26346, 10474,0
20163,11003,1
20163, 530,0
31954,9358,1
31954, 13001,0
24399,4865,1
24399, 14638,0
6958,2245,1
6958, 3329,0
29619,2255,1
29619, 6811,0
22714,6389,1
22714, 9433,0
22834,6537,1
22834, 18962,0
44126,1974,1
44126, 1208,0
48741,16743,1
48741, 19524,0
14289,3184,1
14289, 9913,0
49266,2088,1
49266, 14257,0
30923,7997,1
30923, 13285,0
5572,776,1
5572, 5908,0
32646,9449,1
32646, 19110,0
24683,358,1
24683, 657,0
22495,12745,1
22495, 17596,0
49341,7552,1
49341, 4156,0
40861,3720,1
40861, 4209,0
21022,18043,1
21022, 2394,0
297,18392,1
297, 2964,0
4368,6660,1
4368, 13495,0
6170,12218,1
6170, 769,0
41340,19324,1
41340, 10798,0
7,1615,1
7, 10535,0
32659,17151,1
32659, 5256,0
27257,14497,1
27257, 9610,0
36559,18900,1
36559, 14953,0
44337,16061,1
44337, 8474,0
38961,12917,1
38961, 18527,0
21335,15094,1
21335, 19316,0
3970,19126,1
3970, 4825,0
13302,11920,1
13302, 4083,0
11985,17624,1
11985, 12928,0
9180,3704,1
9180, 19339,0
23878,9021,1
23878, 12210,0
20827,9476,1
20827, 3086,0
32840,5219,1
32840, 4920,0
47592,14434,1
47592, 958,0
41026,14533,1
41026, 18558,0
2964,1477,1
2964, 247,0
22049,18192,1
22049, 4126,0
20613,15117,1
20613, 3073,0
46385,19574,1
46385, 16427,0
38003,14345,1
38003, 8920,0
37014,12418,1
37014, 12657,0
29861,3812,1
29861,14483,0
17547,8425,1
17547, 1267,0
43774,3704,1
43774, 12593,0
18681,6539,1
18681, 1608,0
40188,5032,1
40188, 5267,0
13589,11920,1
13589, 2548,0
17701,7714,1
17701, 15494,0
2759,15835,1
2759, 1570,0
38190,11437,1
38190, 15531,0
36310,9128,1
36310, 9502,0
13599,8439,1
13599, 11804,0
36036,13954,1
36036, 18115,0
3513,16378,1
3513, 18484,0
40640,17479,1
40640, 3235,0
25432,10400,1
25432, 5239,0
9658,19726,1
9658, 19163,0
20073,17113,1
20073, 14604,0
23233,5134,1
23233, 13623,0
36554,6815,1
36554, 11669,0
10676,13182,1
10676, 10543,0
24103,16221,1
24103, 12381,0
27024,12613,1
27024,9579,0
39301,11804,1
39301, 8242,0
47217,6410,1
47217, 5293,0
13778,19569,1
13778, 17594,0
6861,3195,1
6861, 17413,0
22377,2795,1
22377, 7107,0
45538,16675,1
45538, 11374,0
17475,7207,1
17475, 4137,0
19488,2267,1
19488, 14263,0
46066,9719,1
46066, 15080,0
16960,18503,1
16960, 7873,0
6280,14123,1
6280, 4443,0
2369,19624,1
2369, 16840,0
19390,3359,1
19390, 4278,0
38635,13464,1
38635, 12706,0
33270,960,1
33270,2082,0
35905,17881,1
35905, 813,0
11043,14190,1
11043, 9245,0
7420,11243,1
7420, 691,0
29429,17454,1
29429, 14021,0
27508,9517,1
27508, 15093,0
5991,17763,1
5991, 18772,0
13183,13568,1
13183, 14674,0
49443,13811,1
49443, 3863,0
3000,3614,1
3000, 12576,0
5746,5345,1
5746, 3382,0
42154,6893,1
42154, 14165,0
4039,5421,1
4039, 14426,0
46138,7233,1
46138, 13989,0
24882,24,1
24882, 4451,0
6181,15372,1
6181, 1750,0
27139,12073,1
27139, 795,0
22740,11920,1
22740,11630,0
25060,5572,1
25060, 3324,0
42632,17998,1
42632, 10908,0
49118,3293,1
49118, 10711,0
46630,7780,1
46630, 8426,0
12232,6871,1
12232, 15906,0
7741,14551,1
7741, 8829,0
30922,18407,1
30922, 4541,0
33856,8701,1
33856, 4988,0
26,7029,1
26, 9798,0
8289,8638,1
8289, 8949,0
38629,7511,1
38629, 16588,0
41084,6839,1
41084, 7550,0
10483,13918,1
10483,1805,0
42149,18904,1
42149, 11308,0
33646,6952,1
33646, 18759,0
1438,10132,1
1438, 12367,0
49000,17902,1
49000, 6822,0
40589,5401,1
40589, 4465,0
25196,18146,1
25196, 165,0
18806,17322,1
18806, 12961,0
42915,4075,1
42915, 5842,0
11009,18263,1
11009, 16796,0
1644,1855,1
1644, 12052,0
38934,9816,1
38934, 6628,0
28044,13487,1
28044, 3932,0
30706,16155,1
30706, 12287,0
18714,9291,1
18714, 14047,0
24481,15363,1
24481, 12591,0
8268,10851,1
8268, 6876,0
3955,7872,1
3955,9005,0
22372,7963,1
22372, 9810,0
36296,1505,1
36296, 16391,0
28725,8155,1
28725, 6342,0
4719,6822,1
4719, 9816,0
12723,9596,1
12723, 2783,0
431,2371,1
431, 16412,0
28848,13356,1
28848, 3016,0
41565,7546,1
41565, 2774,0
44904,947,1
44904, 1746,0
23733,393,1
23733, 11283,0
9563,4870,1
9563, 11461,0
34493,8638,1
34493, 932,0
37243,15702,1
37243, 13253,0
22780,4820,1
22780, 9496,0
27053,8096,1
27053, 6121,0
18652,1776,1
18652, 702,0
11184,18105,1
11184, 2854,0
43867,8183,1
43867, 1697,0
28345,2942,1
28345, 14666,0
14175,8203,1
14175, 19206,0
19681,771,1
19681, 18253,0
46008,1065,1
46008, 7431,0
11412,8452,1
11412, 9788,0
10207,496,1
10207, 2798,0
44301,3302,1
44301, 14102,0
33252,12344,1
33252, 14920,0
339,16186,1
339, 10856,0
35710,4365,1
35710,19599,0
4154,8447,1
4154, 15816,0
33451,13082,1
33451, 2023,0
31947,8844,1
31947, 18260,0
31766,4080,1
31766, 7704,0
45565,2222,1
45565, 17227,0
28183,3809,1
28183, 18852,0
29870,194,1
29870, 6529,0
31927,3679,1
31927, 16946,0
18781,3581,1
18781, 16417,0
20843,11924,1
20843, 19560,0
49753,12962,1
49753, 19191,0
3936,4896,1
3936, 8906,0
27695,7258,1
27695, 11936,0
45981,8484,1
45981, 17280,0
35912,9328,1
35912, 18342,0
27940,18961,1
27940, 13122,0
44817,12827,1
44817, 6039,0
25998,15533,1
25998, 2548,0
1455,18013,1
1455, 10785,0
3799,18215,1
3799, 11350,0
40281,1231,1
40281, 17544,0
40351,16428,1
40351, 16195,0
24831,16057,1
24831, 13962,0
29274,848,1
29274, 8138,0
44731,11323,1
44731, 9566,0
37582,11929,1
37582, 10662,0
31542,7607,1
31542, 8382,0
15616,10314,1
15616, 775,0
49446,10190,1
49446, 9945,0
18022,1416,1
18022, 6130,0
43416,4509,1
43416, 3949,0
26418,8638,1
26418, 13775,0
40369,12627,1
40369, 15201,0
3148,5021,1
3148, 133,0
27096,9483,1
27096, 19328,0
34372,11539,1
34372, 19270,0
5113,13322,1
5113, 274,0
40941,19168,1
40941, 16133,0
29763,11437,1
29763, 11194,0
8911,14223,1
8911, 18946,0
21662,16914,1
21662,3214,0
34711,16382,1
34711, 3137,0
36057,496,1
36057, 15260,0
31088,8324,1
31088, 11903,0
5332,5237,1
5332, 4274,0
1017,14,1
1017, 3935,0
38924,5746,1
38924, 4385,0
47835,7607,1
47835, 1771,0
10124,4726,1
10124, 10988,0
12279,15765,1
12279, 11984,0
5207,9153,1
5207, 8398,0
25511,14533,1
25511, 10370,0
11856,6743,1
11856, 16131,0
12318,1568,1
12318, 2301,0
33567,7767,1
33567, 8401,0
28079,10689,1
28079, 777,0
31157,4882,1
31157, 2470,0
24185,7963,1
24185, 14910,0
266,3260,1
266, 17953,0
22907,7223,1
22907, 7694,0
8656,13126,1
8656, 2936,0
26449,17223,1
26449, 7598,0
41512,4489,1
41512, 7846,0
49516,5828,1
49516, 1206,0
39187,8068,1
39187, 2049,0
14108,11419,1
14108, 17953,0
48760,18770,1
48760, 11087,0
11509,8272,1
11509, 12962,0
47937,9719,1
47937, 3719,0
39052,11858,1
39052, 14738,0
22302,1207,1
22302, 3405,0
27624,838,1
27624, 14464,0
24008,9373,1
24008,1372,0
20646,15363,1
20646, 16339,0
28274,10475,1
28274, 12577,0
10580,2443,1
10580, 12265,0
49823,3259,1
49823, 17982,0
35624,18198,1
35624, 10948,0
20036,11539,1
20036, 14047,0
15171,13139,1
15171,2469,0
3787,14815,1
3787, 9919,0
14244,13489,1
14244, 2176,0
39287,8492,1
39287, 9900,0
32864,6756,1
32864, 16428,0
23638,6968,1
23638, 10533,0
14766,17169,1
14766, 9269,0
17471,6839,1
17471,622,0
37843,10542,1
37843,12557,0
49687,8493,1
49687, 6625,0
30854,7511,1
30854,19726,0
15853,14392,1
15853, 12918,0
48039,1708,1
48039, 12193,0
5944,16424,1
5944, 12632,0
31434,9513,1
31434, 8564,0
10055,16742,1
10055, 624,0
14516,4138,1
14516, 5481,0
13773,16255,1
13773, 16195,0
44796,2038,1
44796, 9296,0
28632,13576,1
28632, 4323,0
40944,8319,1
40944, 16836,0
37920,12826,1
37920, 9947,0
39885,16196,1
39885, 6315,0
48731,7933,1
48731, 13539,0
1591,5260,1
1591, 10421,0
48207,13766,1
48207, 14025,0
49599,12896,1
49599, 4083,0
38212,7289,1
38212, 1131,0
23441,680,1
23441, 3618,0
35190,1112,1
35190, 15767,0
35605,7192,1
35605, 15152,0
15633,6282,1
15633, 7309,0
43055,14551,1
43055, 3475,0
12119,16680,1
12119, 16240,0
12385,11174,1
12385, 14564,0
1047,11393,1
1047, 4398,0
43475,4896,1
43475, 18326,0
36463,14199,1
36463, 11319,0
10757,4509,1
10757, 2413,0
36803,1679,1
36803, 731,0
32211,1624,1
32211, 6329,0
17616,5359,1
17616, 5749,0
28887,9366,1
28887, 11730,0
22776,12327,1
22776,8842,0
48352,19645,1
48352, 11068,0
21925,14588,1
21925, 14229,0
16322,947,1
16322, 2034,0
38422,11924,1
38422, 13010,0
3265,2836,1
3265, 17514,0
45819,3851,1
45819, 864,0
19547,2608,1
19547, 3513,0
531,11263,1
531, 1650,0
29081,680,1
29081, 16778,0
28324,989,1
28324, 17016,0
48483,17500,1
48483, 14629,0
36360,8217,1
36360, 19700,0
25774,15708,1
25774, 8338,0
41590,17704,1
41590, 6163,0
44338,8678,1
44338,18263,0
19279,16462,1
19279, 7412,0
39142,11834,1
39142, 93,0
34067,12763,1
34067, 4100,0
36398,9489,1
36398, 3752,0
4980,10419,1
4980, 10893,0
35294,8016,1
35294, 15058,0
27336,5802,1
27336, 2663,0
42746,13487,1
42746, 17417,0
43573,14377,1
43573, 908,0
44366,7079,1
44366, 16030,0
14568,2150,1
14568, 16077,0
45745,18558,1
45745, 10132,0
18907,11804,1
18907, 6073,0
15593,15807,1
15593,18059,0
45718,10523,1
45718, 7087,0
27745,18637,1
27745, 8519,0
44740,1410,1
44740, 585,0
5191,1359,1
5191, 7538,0
17767,1974,1
17767, 19158,0
36835,14682,1
36835, 12454,0
14161,1133,1
14161, 8069,0
15546,10084,1
15546, 5668,0
8243,3443,1
8243,7671,0
34312,4596,1
34312, 3782,0
7246,2703,1
7246, 14683,0
11254,6051,1
11254, 17448,0
48877,4385,1
48877,3769,0
22075,15174,1
22075, 10322,0
3805,5404,1
3805, 8906,0
8246,5003,1
8246, 17903,0
44131,13644,1
44131, 1740,0
13102,2704,1
13102, 1874,0
26325,18682,1
26325, 19093,0
38720,19717,1
38720,16637,0
9081,5572,1
9081, 2798,0
49270,7343,1
49270, 13589,0
12173,4986,1
12173, 15848,0
306,5898,1
306, 18820,0
43567,4713,1
43567, 3343,0
43360,7607,1
43360, 12028,0
46824,19087,1
46824, 316,0
33634,15372,1
33634, 17269,0
39043,5610,1
39043, 2057,0
22257,19369,1
22257, 11729,0
18070,12303,1
18070, 1249,0
39307,10535,1
39307, 19129,0
13398,7440,1
13398, 4402,0
9653,13536,1
9653, 17934,0
43470,16819,1
43470, 6787,0
2864,6774,1
2864, 3828,0
9743,4608,1
9743,17855,0
42340,2806,1
42340, 189,0
17707,1948,1
17707, 15182,0
41276,5885,1
41276, 10676,0
34574,7607,1
34574, 4361,0
28485,10750,1
28485, 7462,0
3479,11583,1
3479, 12428,0
43016,17472,1
43016, 18974,0
23091,19297,1
23091, 5659,0
22519,17671,1
22519, 16398,0
8186,14683,1
8186, 7999,0
9937,169,1
9937, 16540,0
27326,19056,1
27326, 5897,0
48876,9992,1
48876, 9987,0
34467,3614,1
34467, 11214,0
6496,4232,1
6496, 16615,0
18897,7511,1
18897, 15205,0
13069,17255,1
13069, 17453,0
781,6911,1
781, 16411,0
12767,11395,1
12767, 5230,0
15936,1493,1
15936, 9125,0
45989,11920,1
45989, 1986,0
7533,10393,1
7533, 7698,0
20114,3614,1
20114, 11710,0
36876,156,1
36876, 14840,0
26664,17497,1
26664, 7980,0
27770,16155,1
27770, 1070,0
11751,680,1
11751, 13964,0
21839,4010,1
21839, 18812,0
32357,5897,1
32357,3839,0
41949,14629,1
41949, 10211,0
31145,10709,1
31145, 18253,0
17061,1724,1
17061, 16025,0
18132,11068,1
18132, 16419,0
27505,2969,1
27505, 13340,0
4143,3772,1
4143, 11857,0
25083,1160,1
25083, 15907,0
48441,6590,1
48441, 4574,0
44607,10314,1
44607, 13080,0
45666,18488,1
45666, 4824,0
36226,11247,1
36226, 11368,0
47390,6814,1
47390, 13253,0
11691,19091,1
11691, 3167,0
37858,11378,1
37858, 16206,0
23779,15633,1
23779, 5200,0
28285,10523,1
28285, 7604,0
32052,4152,1
32052, 4218,0
26726,15544,1
26726, 7631,0
32596,10291,1
32596, 19406,0
34234,11918,1
34234, 8408,0
34911,7079,1
34911, 15799,0
347,685,1
347, 6992,0
30217,13246,1
30217, 9576,0
39681,5340,1
39681, 16872,0
4206,19671,1
4206, 7617,0
10568,11352,1
10568, 4334,0
8769,15255,1
8769, 18818,0
24411,12950,1
24411, 5650,0
9758,11466,1
9758, 7846,0
44340,8964,1
44340, 17579,0
24924,6115,1
24924,13140,0
8905,14692,1
8905, 3243,0
35429,9553,1
35429, 19310,0
29994,9628,1
29994, 3301,0
22028,8355,1
22028, 14473,0
7434,982,1
7434, 9056,0
37525,12072,1
37525, 12023,0
156,18263,1
156, 11562,0
17996,5432,1
17996, 3948,0
26387,10967,1
26387, 1980,0
49293,19245,1
49293, 17271,0
6187,18263,1
6187, 8027,0
15411,16531,1
15411, 14826,0
32747,8624,1
32747, 17047,0
15634,18480,1
15634, 10689,0
48505,5946,1
48505, 13118,0
29358,5165,1
29358,16180,0
5912,4524,1
5912, 9684,0
30821,19609,1
30821,5227,0
18912,11360,1
18912, 6084,0
40293,13746,1
40293, 4906,0
41337,13358,1
41337, 11325,0
45265,15825,1
45265, 17478,0
20775,9327,1
20775, 17766,0
1334,16209,1
1334, 3176,0
20760,8996,1
20760, 8842,0
13383,15372,1
13383, 14897,0
32978,270,1
32978, 12326,0
23675,10763,1
23675, 7081,0
19631,8062,1
19631, 992,0
14786,4304,1
14786, 12690,0
2208,15372,1
2208, 2271,0
14043,4695,1
14043, 977,0
26233,7607,1
26233, 11124,0
7973,8586,1
7973,12601,0
15208,767,1
15208, 4493,0
23831,18509,1
23831, 10966,0
30280,2183,1
30280, 7741,0
49032,12205,1
49032, 10467,0
18659,18755,1
18659, 15676,0
11272,13226,1
11272,15165,0
2854,2040,1
2854, 12305,0
11227,5644,1
11227, 4893,0
7868,16173,1
7868, 19232,0
20290,18559,1
20290, 17165,0
7183,12755,1
7183, 5484,0
22289,8205,1
22289, 5915,0
592,11570,1
592, 19065,0
11796,13829,1
11796, 17369,0
13206,6241,1
13206, 13864,0
10268,1974,1
10268, 15741,0
19258,4583,1
19258, 13188,0
38237,11393,1
38237, 16074,0
27550,1064,1
27550, 5635,0
7605,19475,1
7605, 9720,0
47429,18249,1
47429, 7512,0
22000,4896,1
22000, 2026,0
20266,13088,1
20266, 13366,0
18360,6557,1
18360, 12921,0
6726,19454,1
6726, 16313,0
45255,3614,1
45255, 3963,0
17393,19088,1
17393, 12917,0
223,4365,1
223, 3807,0
42170,8085,1
42170, 13471,0
12910,16907,1
12910, 4957,0
10620,14136,1
10620, 15952,0
45376,15702,1
45376, 8944,0
34006,1832,1
34006, 16651,0
42989,7607,1
42989, 5882,0
28102,17020,1
28102, 10672,0
33487,6007,1
33487, 4063,0
37361,373,1
37361, 10085,0
25015,11211,1
25015, 9652,0
32799,13193,1
32799, 12208,0
37218,15616,1
37218, 2305,0
26215,8085,1
26215, 17985,0
37022,19100,1
37022, 3631,0
41793,9424,1
41793, 5652,0
14142,11726,1
14142, 18252,0
21708,8047,1
21708, 10600,0
24268,974,1
24268, 10270,0
44700,6732,1
44700, 5739,0
23723,16398,1
23723, 1720,0
45378,11875,1
45378, 12352,0
47911,3521,1
47911, 4303,0
28718,3365,1
28718, 19467,0
30348,14533,1
30348, 8770,0
49360,19302,1
49360, 19512,0
49723,19016,1
49723, 13419,0
13229,7575,1
13229, 6359,0
47832,5911,1
47832, 19456,0
1316,7950,1
1316, 4010,0
31246,1229,1
31246, 5600,0
23221,18407,1
23221, 2501,0
13356,11920,1
13356, 15145,0
27826,19387,1
27826, 8460,0
38835,9512,1
38835, 10839,0
8331,2112,1
8331, 7407,0
34939,8457,1
34939, 9226,0
8519,2983,1
8519, 16848,0
4012,2393,1
4012, 5040,0
2753,10950,1
2753, 4045,0
19404,90,1
19404, 4843,0
40035,1206,1
40035, 13276,0
34169,12944,1
34169, 18819,0
10369,4138,1
10369, 9874,0
4761,5187,1
4761, 19175,0
22681,2646,1
22681, 14279,0
40288,2859,1
40288, 11243,0
30804,2969,1
30804, 19330,0
16427,5471,1
16427, 18113,0
26149,14692,1
26149, 16157,0
36365,13506,1
36365, 12798,0
49720,14049,1
49720, 17695,0
48592,8096,1
48592, 16967,0
42735,10148,1
42735, 121,0
46607,17536,1
46607, 13632,0
11875,13591,1
11875, 16319,0
35487,14112,1
35487, 13212,0
41855,14,1
41855, 14034,0
48650,7809,1
48650, 19190,0
11438,17020,1
11438, 12475,0
12832,17946,1
12832, 10583,0
38350,14435,1
38350, 5297,0
39416,11631,1
39416, 6977,0
9831,10684,1
9831, 7685,0
11926,18895,1
11926, 9082,0
44183,3358,1
44183, 8811,0
13659,8218,1
13659, 19052,0
23499,6285,1
23499, 2879,0
46007,7962,1
46007, 3001,0
1638,17037,1
1638, 16286,0
30434,5455,1
30434, 6977,0
28776,5421,1
28776, 2065,0
8200,3136,1
8200, 8128,0
20589,16981,1
20589, 7611,0
963,5358,1
963, 7278,0
21982,8409,1
21982, 19421,0
40028,3665,1
40028, 11225,0
37395,11804,1
37395, 16418,0
1571,1980,1
1571, 17627,0
33969,638,1
33969, 15680,0
44774,2695,1
44774,18507,0
42079,5789,1
42079,16344,0
46544,8492,1
46544, 18585,0
13775,9041,1
13775, 9910,0
29110,1015,1
29110, 16435,0
47221,6370,1
47221, 18206,0
43886,11875,1
43886, 14564,0
49792,11924,1
49792, 18993,0
25310,17528,1
25310, 11749,0
41924,2703,1
41924, 286,0
16447,6756,1
16447, 829,0
42273,17014,1
42273, 5264,0
6948,18224,1
6948, 18700,0
1185,10950,1
1185, 6583,0
16935,18270,1
16935, 5486,0
42562,6108,1
42562, 9050,0
24894,5032,1
24894, 3083,0
46731,11608,1
46731,3824,0
29798,11437,1
29798, 12468,0
45495,16398,1
45495, 16912,0
41497,1923,1
41497, 3412,0
28374,18407,1
28374, 18980,0
39365,4580,1
39365, 11133,0
3172,17858,1
3172, 3920,0
48795,10750,1
48795, 7135,0
39737,15363,1
39737, 5822,0
32188,6188,1
32188, 16121,0
46022,10826,1
46022, 13173,0
32886,2825,1
32886, 12726,0
36616,680,1
36616, 7458,0
42262,19016,1
42262, 7756,0
35143,3932,1
35143, 13765,0
11635,19152,1
11635, 7873,0
25124,18251,1
25124, 3987,0
21311,6120,1
21311, 10655,0
19494,2969,1
19494, 10155,0
10945,16828,1
10945, 4250,0
7228,16260,1
7228, 1882,0
47900,6531,1
47900, 14693,0
21160,14012,1
21160, 4655,0
30467,8183,1
30467, 6498,0
10117,2016,1
10117, 14994,0
17974,4650,1
17974, 4028,0
14566,1731,1
14566, 8826,0
1704,16391,1
1704, 1589,0
33186,15852,1
33186, 19063,0
12704,12374,1
12704, 12515,0
46703,17778,1
46703, 15111,0
41945,5021,1
41945, 10548,0
33521,14558,1
33521, 17502,0
43811,19343,1
43811,3644,0
23828,12953,1
23828, 17875,0
49603,11561,1
49603, 1066,0
46634,16435,1
46634, 16480,0
30679,11820,1
30679, 17319,0
12820,11371,1
12820, 6723,0
35731,15363,1
35731, 18700,0
25120,18947,1
25120, 19385,0
19105,9033,1
19105, 9936,0
47691,3195,1
47691, 14414,0
26585,4156,1
26585,11520,0
30404,2825,1
30404, 19360,0
44879,3614,1
44879, 2432,0
12451,12745,1
12451, 15861,0
42535,17512,1
42535, 5507,0
9713,11345,1
9713, 10415,0
44698,3293,1
44698, 5069,0
35824,2443,1
35824, 7123,0
17605,5809,1
17605, 2111,0
40938,9118,1
40938, 5630,0
252,17966,1
252, 13510,0
10612,11924,1
10612, 5541,0
509,17424,1
509, 12999,0
40672,19349,1
40672, 12789,0
13539,15363,1
13539, 8643,0
16605,8085,1
16605, 5554,0
27221,12545,1
27221, 5833,0
18883,11924,1
18883, 4418,0
24668,3073,1
24668, 13355,0
4640,17251,1
4640,11398,0
10974,2024,1
10974, 15575,0
8368,10272,1
8368, 8360,0
6077,8638,1
6077, 4388,0
40197,3236,1
40197, 14277,0
34820,5516,1
34820, 5915,0
13789,18488,1
13789, 16501,0
31021,2646,1
31021, 17810,0
44623,10684,1
44623, 15266,0
42697,1643,1
42697, 9056,0
3733,14808,1
3733, 13975,0
26256,3851,1
26256, 619,0
1384,16537,1
1384, 18711,0
19776,1411,1
19776, 13962,0
18000,9913,1
18000,5319,0
17596,2469,1
17596, 7085,0
46048,18480,1
46048, 17288,0
42089,13072,1
42089, 18167,0
32925,2553,1
32925, 12964,0
42726,15702,1
42726, 3662,0
34305,17151,1
34305, 18337,0
16308,10804,1
16308, 12810,0
5004,8638,1
5004, 13377,0
12389,177,1
12389, 13269,0
4998,449,1
4998, 10713,0
31252,4882,1
31252, 15207,0
19528,15807,1
19528, 12321,0
40785,14498,1
40785, 11610,0
14898,6448,1
14898, 18407,0
26681,7962,1
26681, 7211,0
2613,5413,1
2613, 8913,0
16800,11964,1
16800, 9216,0
35,17366,1
35, 1753,0
36169,8104,1
36169, 16428,0
13109,19382,1
13109, 12459,0
12401,4138,1
12401, 3882,0
33028,12369,1
33028, 1386,0
10809,11799,1
10809, 6872,0
26151,10245,1
26151, 3250,0
45487,17403,1
45487, 8325,0
43195,16756,1
43195, 1719,0
35670,4149,1
35670, 8308,0
20561,1258,1
20561, 5523,0
5680,10648,1
5680, 840,0
1086,9780,1
1086,14259,0
5527,5337,1
5527, 570,0
31513,19688,1
31513, 1768,0
8550,4338,1
8550, 4983,0
18497,8440,1
18497, 7630,0
31662,2027,1
31662, 19057,0
18418,12924,1
18418, 12478,0
41414,2825,1
41414, 2445,0
46750,10397,1
46750, 17812,0
7293,12953,1
7293, 16590,0
10847,13767,1
10847, 14864,0
15491,15763,1
15491, 4558,0
1147,4023,1
1147, 9647,0
44316,3302,1
44316, 10805,0
30069,1036,1
30069, 7800,0
30383,7963,1
30383, 9372,0
40851,7192,1
40851, 15485,0
44260,1359,1
44260, 19130,0
15839,9011,1
15839, 5562,0
17531,8925,1
17531, 9992,0
6362,14559,1
6362, 4296,0
6905,6282,1
6905, 4988,0
27422,6150,1
27422,3172,0
25832,11826,1
25832,2486,0
14199,8730,1
14199, 4890,0
36281,2936,1
36281, 2089,0
44380,17526,1
44380, 16049,0
3542,16128,1
3542, 3764,0
17745,13373,1
17745, 12649,0
14501,10080,1
14501, 10517,0
2435,14869,1
2435, 12916,0
40848,17037,1
40848, 13735,0
36473,8085,1
36473, 19473,0
45437,7962,1
45437, 11357,0
6940,16385,1
6940, 2308,0
24665,8480,1
24665, 8959,0
19616,8371,1
19616, 16464,0
40437,13605,1
40437, 12655,0
37177,6883,1
37177,9613,0
17398,18569,1
17398, 9900,0
28769,10773,1
28769, 948,0
23970,1982,1
23970, 12631,0
34758,17343,1
34758, 17175,0
24260,9108,1
24260, 14069,0
45154,4342,1
45154, 2275,0
28739,14533,1
28739, 19228,0
21029,16675,1
21029, 13957,0
29868,13263,1
29868, 15842,0
27557,13356,1
27557, 18215,0
36091,8148,1
36091, 7563,0
32182,19591,1
32182, 16049,0
48014,361,1
48014, 475,0
29503,14417,1
29503, 14964,0
15055,1739,1
15055, 1673,0
26547,8548,1
26547, 18116,0
24596,9842,1
24596, 6499,0
21917,15694,1
21917, 9538,0
20858,10678,1
20858, 18852,0
15437,13808,1
15437, 10567,0
34514,12533,1
34514, 14073,0
39084,3882,1
39084, 3489,0
8526,18718,1
8526, 14268,0
48425,15707,1
48425, 16195,0
1940,4850,1
1940, 12717,0
45994,5475,1
45994, 14674,0
29896,2183,1
29896, 4318,0
6541,6120,1
6541, 8762,0
32366,11384,1
32366, 1815,0
16854,17178,1
16854, 1588,0
28736,1682,1
28736, 19701,0
26040,10043,1
26040, 9806,0
7331,14332,1
7331, 8654,0
43232,1369,1
43232, 18713,0
2648,8979,1
2648, 15540,0
4602,5628,1
4602, 5201,0
34469,5447,1
34469, 18252,0
25780,10765,1
25780, 15351,0
23068,10970,1
23068, 8548,0
35680,16892,1
35680, 8917,0
14946,8263,1
14946, 14830,0
19071,11576,1
19071, 14371,0
28464,11337,1
28464, 9583,0
34647,3929,1
34647, 4858,0
15347,14223,1
15347, 11321,0
16650,18014,1
16650, 11060,0
30911,14558,1
30911, 11453,0
16301,5915,1
16301, 19489,0
41518,17687,1
41518, 3618,0
18578,16028,1
18578, 15917,0
5737,5192,1
5737, 18000,0
10866,12985,1
10866, 3485,0
11310,15104,1
11310, 992,0
28151,7983,1
28151, 11043,0
3231,2770,1
3231, 10448,0
12268,2751,1
12268, 5426,0
35160,17736,1
35160, 13398,0
28673,17875,1
28673, 10697,0
32743,14049,1
32743, 11469,0
40665,13829,1
40665, 6723,0
48763,6839,1
48763, 9860,0
27530,6884,1
27530, 5920,0
42384,6165,1
42384, 10620,0
15079,7042,1
15079, 17413,0
34453,1929,1
34453, 12239,0
46755,637,1
46755, 10731,0
47826,13012,1
47826, 4493,0
27,7316,1
27, 1739,0
2564,9985,1
2564, 13316,0
11488,339,1
11488,13791,0
44011,17472,1
44011, 16749,0
16079,12173,1
16079, 7005,0
9587,16428,1
9587, 18796,0
40593,18860,1
40593, 15811,0
31322,2137,1
31322, 19332,0
2796,16808,1
2796, 15929,0
36375,3631,1
36375, 8481,0
38688,241,1
38688, 2685,0
28663,5134,1
28663, 10538,0
35140,3679,1
35140, 3359,0
2210,928,1
2210, 12300,0
8292,12026,1
8292,19167,0
34883,10367,1
34883, 12017,0
5306,13658,1
5306, 8619,0
21083,10327,1
21083, 16889,0
27378,8844,1
27378, 16195,0
31794,222,1
31794, 13206,0
4863,7780,1
4863, 19332,0
19985,776,1
19985, 14936,0
11047,6539,1
11047, 3752,0
39408,4110,1
39408, 1452,0
32793,17998,1
32793, 3326,0
13520,19576,1
13520, 18920,0
8657,3759,1
8657, 17243,0
23381,15825,1
23381, 11105,0
7022,5722,1
7022, 7620,0
29881,4435,1
29881, 6688,0
25823,4896,1
25823, 2892,0
10792,10314,1
10792, 3395,0
34688,10305,1
34688, 9050,0
34333,12678,1
34333, 17333,0
20659,14066,1
20659, 15356,0
46298,7174,1
46298, 9513,0
45962,14692,1
45962, 4292,0
14469,8390,1
14469, 9808,0
41338,8768,1
41338, 18559,0
27738,13211,1
27738, 8758,0
32312,16794,1
32312, 2296,0
28300,17441,1
28300, 19421,0
1131,10300,1
1131, 19466,0
43437,11362,1
43437, 745,0
21923,6751,1
21923, 5990,0
46584,9366,1
46584, 91,0
32240,13658,1
32240, 16877,0
9980,194,1
9980, 47,0
20918,19041,1
20918, 1396,0
20732,6050,1
20732, 770,0
4599,16209,1
4599, 17862,0
42964,12210,1
42964, 8096,0
28446,1333,1
28446, 1615,0
17204,18407,1
17204, 14859,0
47088,9291,1
47088,18775,0
25424,12932,1
25424, 7369,0
49987,15758,1
49987, 15858,0
2746,19512,1
2746, 269,0
15625,12327,1
15625, 8890,0
37633,15816,1
37633,18522,0
38125,5739,1
38125, 8479,0
23297,5978,1
23297, 5297,0
27398,11373,1
27398,10918,0
42396,19324,1
42396, 18601,0
45014,7254,1
45014, 8569,0
13902,6777,1
13902, 10856,0
47460,12495,1
47460, 12129,0
21703,13350,1
21703, 7575,0
25895,15086,1
25895, 11975,0
13135,14791,1
13135, 2191,0
19709,4595,1
19709,12666,0
8523,1568,1
8523, 13030,0
18743,278,1
18743, 11401,0
9233,11174,1
9233, 14980,0
24689,18152,1
24689, 11869,0
23890,6188,1
23890, 830,0
35981,16636,1
35981, 17020,0
181,13583,1
181, 11377,0
40704,16780,1
40704, 8605,0
46004,13872,1
46004, 7486,0
49013,1980,1
49013, 4323,0
15654,5345,1
15654, 10141,0
36278,5573,1
36278, 2112,0
37492,7548,1
37492, 16697,0
40142,18559,1
40142, 12148,0
37074,11316,1
37074, 11664,0
24156,832,1
24156, 15312,0
691,1416,1
691, 13423,0
47948,10665,1
47948, 17249,0
1216,9410,1
1216, 13042,0
41117,17024,1
41117, 515,0
20919,278,1
20919, 13243,0
10982,10146,1
10982, 13951,0
20280,12678,1
20280, 14690,0
6724,11148,1
6724, 8640,0
23028,4870,1
23028, 14455,0
10209,17678,1
10209, 9644,0
43248,4583,1
43248, 8670,0
10493,9578,1
10493, 15640,0
24889,8793,1
24889, 11113,0
26177,11103,1
26177, 3807,0
15998,19337,1
15998, 12328,0
49952,1131,1
49952, 10657,0
20806,12994,1
20806, 586,0
23508,6579,1
23508, 14613,0
11033,539,1
11033, 7317,0
2518,15232,1
2518, 19155,0
14608,11437,1
14608, 223,0
6666,19572,1
6666, 5256,0
34936,16682,1
34936, 11456,0
45990,17442,1
45990, 11114,0
14336,2282,1
14336, 19264,0
46337,11875,1
46337, 8258,0
39583,12565,1
39583, 18845,0
45137,226,1
45137, 9589,0
38743,3596,1
38743, 18346,0
34057,18724,1
34057, 1005,0
2141,19537,1
2141, 13197,0
26010,16541,1
26010, 7533,0
33239,954,1
33239, 14089,0
9126,8262,1
9126, 8392,0
29769,8313,1
29769, 5315,0
16219,12561,1
16219, 1010,0
11202,9553,1
11202, 19585,0
3394,2831,1
3394, 489,0
16338,2546,1
16338, 11071,0
47861,14533,1
47861, 16849,0
5425,13637,1
5425, 13310,0
24303,16124,1
24303, 19372,0
36774,17014,1
36774, 10320,0
49779,3851,1
49779, 5539,0
14190,19065,1
14190, 16505,0
19344,7440,1
19344, 18919,0
36592,2659,1
36592, 9050,0
32078,15931,1
32078, 15174,0
433,15646,1
433, 3805,0
25043,12160,1
25043, 8848,0
38783,14248,1
38783, 15501,0
1268,18224,1
1268, 118,0
40698,1974,1
40698, 17478,0
7435,14835,1
7435, 6933,0
22247,18759,1
22247, 6025,0
34746,16860,1
34746, 3513,0
31111,13030,1
31111, 7393,0
22669,17523,1
22669, 15661,0
31782,19700,1
31782, 1411,0
10376,16852,1
10376, 13603,0
13220,18601,1
13220, 2316,0
43512,17656,1
43512, 14682,0
46149,1923,1
46149, 7089,0
19419,12690,1
19419, 2489,0
29146,14781,1
29146, 13613,0
30740,823,1
30740, 1529,0
47045,3563,1
47045, 5438,0
19083,17321,1
19083, 16652,0
41265,19251,1
41265, 14092,0
16382,14047,1
16382, 9050,0
34113,15857,1
34113, 13551,0
22145,7393,1
22145, 74,0
33896,13082,1
33896, 3328,0
18707,2247,1
18707, 19057,0
36276,13767,1
36276, 6484,0
38411,7375,1
38411, 7640,0
9671,12323,1
9671, 18045,0
26574,17072,1
26574, 10446,0
49879,2852,1
49879, 18244,0
1250,4238,1
1250, 19600,0
29942,5155,1
29942, 7451,0
35926,10949,1
35926, 13018,0
4939,16786,1
4939, 17585,0
35397,18560,1
35397,16428,0
38788,1277,1
38788, 15584,0
30246,5880,1
30246, 19474,0
43625,19008,1
43625, 1002,0
12239,17020,1
12239, 18630,0
4001,8109,1
4001, 17965,0
9092,6845,1
9092, 11828,0
29595,13353,1
29595, 10932,0
48187,11119,1
48187, 9763,0
33058,16424,1
33058, 7540,0
4490,5737,1
4490, 7782,0
11885,4850,1
11885,7905,0
17362,7980,1
17362, 2882,0
23945,4991,1
23945, 4069,0
38290,1846,1
38290,638,0
43715,1463,1
43715, 15343,0
13658,9810,1
13658,878,0
39927,6181,1
39927, 9241,0
6047,12327,1
6047, 8500,0
15885,7598,1
15885, 1834,0
1828,13387,1
1828, 17645,0
4745,10114,1
4745, 18882,0
6274,15363,1
6274, 11997,0
43923,13782,1
43923, 19475,0
45557,14054,1
45557, 13473,0
30523,2646,1
30523, 16656,0
33420,14730,1
33420, 877,0
8481,14815,1
8481, 2458,0
39808,3998,1
39808, 14932,0
14403,14332,1
14403, 7182,0
38980,18263,1
38980, 1483,0
23476,12205,1
23476, 12603,0
1775,3851,1
1775, 4393,0
26767,9547,1
26767, 2368,0
34008,387,1
34008, 6761,0
28501,3293,1
28501, 11917,0
7422,6188,1
7422, 7645,0
33667,2567,1
33667, 13612,0
46625,12367,1
46625, 2360,0
23152,11924,1
23152, 8735,0
10134,515,1
10134, 9354,0
45147,19311,1
45147, 18798,0
31490,9227,1
31490, 7561,0
6124,690,1
6124, 9968,0
37730,5246,1
37730, 17798,0
34558,14223,1
34558, 19005,0
28510,15312,1
28510, 19080,0
2732,3991,1
2732, 19455,0
5901,8117,1
5901, 16636,0
47165,3870,1
47165, 15064,0
46117,10446,1
46117, 12488,0
41464,19088,1
41464, 13086,0
38105,7607,1
38105, 12619,0
13856,18392,1
13856, 156,0
11868,19188,1
11868, 5726,0
9055,5857,1
9055, 6077,0
20523,1277,1
20523, 9044,0
42772,2344,1
42772, 4034,0
15346,3078,1
15346, 1363,0
32096,9474,1
32096,10622,0
45382,16061,1
45382, 16083,0
14134,12630,1
14134, 3149,0
17394,2122,1
17394, 165,0
2541,5935,1
2541, 872,0
46587,7996,1
46587, 1452,0
1594,680,1
1594, 3250,0
31324,7782,1
31324, 19726,0
46611,15174,1
46611, 17556,0
17240,339,1
17240, 10558,0
5615,15376,1
5615, 5116,0
30535,4691,1
30535, 6868,0
45675,4484,1
45675, 15201,0
30123,8747,1
30123, 9322,0
19016,14021,1
19016, 11042,0
37646,10217,1
37646, 1086,0
49448,4435,1
49448, 176,0
30943,18781,1
30943, 3896,0
3093,17081,1
3093, 13454,0
41907,18397,1
41907, 17513,0
17266,18745,1
17266, 1832,0
13218,2846,1
13218, 13069,0
1925,7678,1
1925, 1626,0
7733,14273,1
7733, 9205,0
42224,2371,1
42224, 16057,0
28972,4865,1
28972, 6756,0
27403,18043,1
27403, 13307,0
34952,3998,1
34952, 7992,0
13740,18419,1
13740, 11200,0
14068,14049,1
14068, 4670,0
41105,3857,1
41105, 11402,0
9022,15301,1
9022, 2737,0
20462,2842,1
20462, 6605,0
23526,18498,1
23526, 3551,0
8992,11858,1
8992,9338,0
37514,194,1
37514, 7811,0
48305,8242,1
48305, 19111,0
25446,5155,1
25446, 4893,0
32102,11174,1
32102, 12241,0
18680,3460,1
18680, 15826,0
41298,2072,1
41298, 6265,0
6390,3260,1
6390, 12315,0
22530,7917,1
22530, 5024,0
32266,2443,1
32266, 15265,0
24642,12953,1
24642, 14351,0
47711,5977,1
47711,5482,0
3063,17946,1
3063,516,0
3575,8447,1
3575, 8630,0
37160,9836,1
37160, 13010,0
28209,8203,1
28209, 637,0
18486,10261,1
18486, 19561,0
44086,12492,1
44086, 13681,0
24346,8638,1
24346, 15782,0
26298,6299,1
26298, 17521,0
38874,16579,1
38874,12034,0
12705,9858,1
12705, 16142,0
12736,127,1
12736, 10410,0
40723,7553,1
40723, 8678,0
37043,1163,1
37043, 14082,0
14922,1883,1
14922, 17346,0
43691,5885,1
43691, 4630,0
2054,11539,1
2054, 11255,0
41768,2965,1
41768, 15088,0
35997,8272,1
35997, 9666,0
32186,13353,1
32186, 6016,0
24192,14458,1
24192, 6275,0
19147,13521,1
19147,17630,0
18902,16030,1
18902, 3582,0
16035,11484,1
16035,6328,0
41157,12397,1
41157,10727,0
12543,8420,1
12543, 7550,0
32242,16920,1
32242, 15693,0
8231,6389,1
8231, 11665,0
42495,1846,1
42495, 13377,0
12011,13082,1
12011, 18167,0
48986,2770,1
48986, 8027,0
23017,14808,1
23017, 14055,0
15073,4871,1
15073, 15998,0
7399,6165,1
7399, 8468,0
43162,15921,1
43162, 18629,0
11960,18669,1
11960, 17226,0
22048,9816,1
22048, 5076,0
6166,4608,1
6166, 19434,0
23711,10890,1
23711, 8997,0
12877,13342,1
12877, 10665,0
12509,12009,1
12509, 6599,0
38278,12547,1
38278, 1796,0
274,19264,1
274, 559,0
44082,4612,1
44082, 11756,0
38896,9346,1
38896, 13811,0
43912,2443,1
43912, 15590,0
31414,8085,1
31414, 12649,0
19185,5572,1
19185, 8949,0
2495,17998,1
2495, 18337,0
11212,3720,1
11212, 9134,0
18483,18303,1
18483, 2167,0
39284,19196,1
39284, 13817,0
41378,17767,1
41378, 8586,0
13776,18900,1
13776, 11401,0
38938,4509,1
38938,3824,0
11797,13406,1
11797, 19316,0
24014,16780,1
24014, 249,0
7767,2458,1
7767, 5552,0
27190,7963,1
27190, 12665,0
19356,14124,1
19356, 222,0
29770,8057,1
29770, 9468,0
7289,4611,1
7289, 812,0
47052,14470,1
47052, 16463,0
786,19130,1
786, 16263,0
11580,6593,1
11580, 14881,0
22057,6126,1
22057, 18879,0
6505,19609,1
6505, 16312,0
6427,3779,1
6427, 6456,0
1386,1267,1
1386, 5833,0
16645,17636,1
16645, 1980,0
10896,8190,1
10896, 2777,0
46807,4627,1
46807, 1757,0
21129,12953,1
21129, 13775,0
49738,4108,1
49738, 3780,0
27450,13356,1
27450, 11517,0
13907,5573,1
13907, 6294,0
40927,17424,1
40927, 13739,0
39030,16517,1
39030, 7772,0
30577,6232,1
30577, 8637,0
32551,13811,1
32551, 16235,0
6049,18303,1
6049, 16475,0
49667,3772,1
49667, 765,0
7367,17178,1
7367, 16355,0
15303,17001,1
15303, 10557,0
35882,5260,1
35882, 11016,0
12087,1160,1
12087, 6045,0
26384,4509,1
26384, 11411,0
22548,7511,1
22548,5119,0
44151,3786,1
44151, 9453,0
987,2689,1
987, 405,0
26790,12009,1
26790, 8935,0
25811,2045,1
25811, 13567,0
26360,16020,1
26360, 12893,0
34318,10432,1
34318, 9477,0
15098,13767,1
15098, 5143,0
4890,10696,1
4890, 5438,0
13836,2825,1
13836, 13028,0
14711,2823,1
14711, 9669,0
30296,534,1
30296, 7224,0
42212,16892,1
42212, 8605,0
3346,7254,1
3346, 14220,0
15068,19283,1
15068, 11955,0
38221,11140,1
38221, 4433,0
17277,15860,1
17277, 6321,0
3253,7511,1
3253, 2873,0
3827,12451,1
3827, 13859,0
41527,12457,1
41527,1408,0
21647,4,1
21647, 11150,0
20822,5021,1
20822, 1231,0
38463,2204,1
38463, 4433,0
18822,112,1
18822, 5012,0
2973,3627,1
2973, 5257,0
45256,5432,1
45256, 5327,0
24984,17998,1
24984, 4277,0
49014,12896,1
49014, 11733,0
14924,8371,1
14924, 7699,0
28305,3794,1
28305, 2692,0
22666,10043,1
22666, 14426,0
40266,3614,1
40266, 1530,0
11080,11714,1
11080, 8007,0
5864,18097,1
5864, 7952,0
38272,8096,1
38272, 7620,0
13653,4274,1
13653, 16288,0
44868,2602,1
44868,4193,0
16720,776,1
16720, 16967,0
205,4997,1
205, 5914,0
33766,5260,1
33766,8229,0
18198,14885,1
18198, 15188,0
31572,13148,1
31572, 12484,0
41661,3928,1
41661, 7591,0
9898,12061,1
9898, 17900,0
25677,7254,1
25677, 12206,0
21650,19188,1
21650, 8938,0
44969,15593,1
44969, 15490,0
40001,19369,1
40001, 16091,0
23416,6951,1
23416, 7702,0
14193,17579,1
14193, 12985,0
10215,17650,1
10215, 2908,0
21229,9128,1
21229,3450,0
28539,17053,1
28539, 13452,0
7182,534,1
7182, 12655,0
15733,5039,1
15733, 9816,0
25513,6660,1
25513, 17320,0
45102,14199,1
45102, 3474,0
14352,5413,1
14352, 16877,0
7319,13508,1
7319, 12690,0
44863,3567,1
44863, 1746,0
25545,14815,1
25545, 7291,0
22605,10445,1
22605, 10942,0
6723,13951,1
6723, 16963,0
25905,17063,1
25905, 3736,0
3287,13012,1
3287, 3628,0
26729,12545,1
26729, 1173,0
12831,8541,1
12831, 15132,0
20228,4041,1
20228, 12481,0
19213,5745,1
19213, 3025,0
43856,11055,1
43856,14914,0
48668,5572,1
48668, 12957,0
37417,5486,1
37417, 19161,0
21069,16981,1
21069, 16346,0
9190,14551,1
9190, 586,0
46123,990,1
46123, 17873,0
49579,12327,1
49579, 9798,0
3913,16411,1
3913, 8371,0
36291,10439,1
36291, 17464,0
35070,4431,1
35070, 5099,0
24506,18398,1
24506, 2726,0
35611,7511,1
35611,14025,0
49027,15793,1
49027, 18308,0
45762,68,1
45762,7586,0
38790,15923,1
38790, 2031,0
